year,rank,eid,doi,title,journal,doctype_ko,fwci,pct,cites,cites_prev,status,is_main,authors,role,role_group,basis,college,dept,topic,set
2021,1,2-s2.0-85096672518,10.1002/adfm.202007520,"Stable and Efficient Methylammonium-, Cesium-, and Bromide-Free Perovskite Solar Cells by In-Situ Interlayer Formation",Advanced Functional Materials,논문,2.64,9.0,52,,unknown,예,Lee J.W.,교신,교신저자,원문 분석(정답지),공과대학,공과대학,,S1
2021,2,2-s2.0-85101269530,10.1186/s13007-021-00720-x,Optimization of protoplast regeneration in the model plant Arabidopsis thaliana,Plant Methods,논문,2.62,9.0,85,,unknown,예,Jeong Y.Y.; Seo P.J.,제1·교신,제1·교신 겸직,원문 분석(정답지),자연과학대학,생명과학과,,S1
2021,3,2-s2.0-85091057033,10.1016/j.cej.2020.127031,Tuning a compatible interface with LLZTO integrated on cathode material for improving NCM811/LLZTO solid-state battery,Chemical Engineering Journal,논문,2.62,9.0,65,,unknown,아니오,,,주저자 아님,원문 분석(정답지),대학 미상(rims 연결),전자화물창의소재연구소,,S1
2021,4,2-s2.0-85102313848,10.1038/s41598-021-84766-w,COVID-19-related school closing aggravate obesity and glucose intolerance in pediatric patients with obesity,Scientific Reports,논문,2.62,9.0,59,,unknown,예,Kim E.S.; Choe Y.H.; Kim M.J.,제1·교신,제1·교신 겸직,원문 분석(정답지),의과대학,의학과,,S2
2021,5,2-s2.0-85111500230,10.1016/j.jallcom.2021.161304,Oxidized-co-crumpled multiscale porous architectures of MXene for high performance supercapacitors,Journal of Alloys and Compounds,논문,2.62,9.0,50,,unknown,예,Lee J.B.; Yoo P.J.,제1·교신,제1·교신 겸직,원문 분석(정답지),공과대학,화학공학부,,S1
2021,6,2-s2.0-85094967591,10.1016/j.fss.2020.10.010,Delay-dependent synchronization of T-S fuzzy Markovian jump complex dynamical networks,Fuzzy Sets and Systems,논문,2.62,9.0,35,,unknown,예,Sakthivel R.,교신,교신저자,원문 분석(정답지),자연과학대학,수학과,,S1
2021,7,2-s2.0-85111520133,10.1038/s41427-021-00324-w,Highly sensitive and flexible pressure sensors using position- and dimension-controlled ZnO nanotube arrays grown on graphene films,Npg Asia Materials,논문,2.61,9.0,55,,unknown,아니오,,,주저자 아님,원문 분석(정답지),대학 미상(rims 연결),공학연구원,,S1
2021,8,2-s2.0-85111174450,10.1016/j.scs.2021.103129,Secret Sharing-based Personal Health Records Management for the Internet of Health Things,Sustainable Cities and Society,논문,2.61,9.0,49,,unknown,예,Muhammad K.,교신,교신저자,원문 분석(정답지),소프트웨어융합대학,글로벌융합학부,,S1
2021,9,2-s2.0-85106590684,10.1038/s41467-021-23259-w,Diffusion dynamics controlled colloidal synthesis of highly monodisperse InAs nanocrystals,Nature Communications,논문,2.6,9.0,104,,unknown,예,Kim T.; Park S.; Jeong S.,제1·공동제1·교신,제1·교신 겸직,원문 분석(정답지),대학 미상(rims 연결),신재생에너지통합시스템혁신인재양성교육연구단,,S1
2021,10,2-s2.0-85108009760,10.7150/ijbs.59855,"Specific pyruvate kinase m2 inhibitor, compound 3k, induces autophagic cell death through disruption of the glycolysis pathway in ovarian cancer cells",International Journal of Biological Sciences,논문,2.6,9.0,62,,unknown,예,Park J.H.; Kim H.S.,제1·교신,제1·교신 겸직,원문 분석(정답지),대학 미상(rims 연결),약학연구원,,S1
2021,11,2-s2.0-85099660047,10.1038/s41398-020-01082-z,Synaptic processes and immune-related pathways implicated in Tourette syndrome,Translational Psychiatry,논문,2.6,9.0,53,,unknown,아니오,,,주저자 아님,검증 불가 대형(저자 목록 잘림·컨소시엄),대학 미상(rims 연결),의학과,,S2
2021,12,2-s2.0-85106393725,10.1021/acsami.1c02021,"Bioinspired Adenosine Triphosphate as an ""all-In-One"" Green Flame Retardant via Extremely Intumescent Char Formation",ACS Applied Materials and Interfaces,논문,2.59,9.0,77,,unknown,예,Jeong S.H.; Heo J.H.; Lee J.H.,제1·공동제1·교신,제1·교신 겸직,메타데이터 규칙,공과대학,신소재공학부,,S1
2021,13,2-s2.0-85097934360,10.1109/tie.2020.2978688,A Novel Prognostics Approach Using Shifting Kernel Particle Filter of Li-Ion Batteries under State Changes,IEEE Transactions on Industrial Electronics,논문,2.59,9.0,57,,unknown,예,Kwon D.,교신,교신저자,메타데이터 규칙,공과대학,시스템경영공학과,,S1
2021,14,2-s2.0-85097348047,10.1109/tie.2020.2975503,Skin-Type Proximity Sensor by Using the Change of Electromagnetic Field,IEEE Transactions on Industrial Electronics,논문,2.59,9.0,56,,unknown,예,Nguyen T.D.; Choi H.R.,제1·교신,제1·교신 겸직,메타데이터 규칙,대학 미상(rims 연결),공학연구원,,S1
2021,15,2-s2.0-85115250523,10.1001/jamanetworkopen.2021.26099,Diabetes Status and Association With Risk of Tuberculosis Among Korean Adults,JAMA Network Open,논문,2.59,9.0,47,,unknown,아니오,,,주저자 아님,원문 분석(정답지),의과대학,의학과,,S1
2021,16,2-s2.0-85164554505,10.1177/2048872620925257,Association of baseline platelet count with all-cause mortality after acute myocardial infarction,European Heart Journal Acute Cardiovascular Care,논문,2.59,9.0,36,,unknown,아니오,,,주저자 아님,메타데이터 규칙,의과대학,의학과,,S2
2021,17,2-s2.0-85100715156,10.1093/ecco-jcc/jjaa099,Safety and Optimal Timing of BCG Vaccination in Infants Born to Mothers Receiving Anti-TNF Therapy for Inflammatory Bowel Disease,Journal of Crohn S and Colitis,논문,2.59,9.0,34,,unknown,아니오,,,주저자 아님,메타데이터 규칙,의과대학,의학과,,S2
2021,18,2-s2.0-85099972831,10.1038/s42254-020-00272-4,Hot carrier photovoltaics in van der Waals heterostructures,Nature Reviews Physics,리뷰,2.58,9.0,178,,unknown,예,Kim J.H.; Lee Y.H.,교신,교신저자,메타데이터 규칙,일반대학원,에너지과학과,,S1
2021,19,2-s2.0-85091897934,10.1007/s10549-020-05952-4,Obesity and breast cancer risk for pre- and postmenopausal women among over 6 million Korean women,Breast Cancer Research and Treatment,논문,2.58,9.0,68,,unknown,예,Park J.W.; Shin D.W.,제1·교신,제1·교신 겸직,원문 분석(정답지),의과대학,의학과,,S1
2021,20,2-s2.0-85117802436,10.1016/j.biomaterials.2021.121189,The safe and effective intraperitoneal chemotherapy with cathepsin B-specific doxorubicin prodrug nanoparticles in ovarian cancer with peritoneal carcinomatosis,Biomaterials,논문,2.58,9.0,61,,unknown,예,Cho Y.J.; Lee J.W.,공동제1·교신,제1·교신 겸직,원문 분석(정답지),의과대학,의학과,,S2
2021,21,2-s2.0-85112850424,10.1016/j.istruc.2021.08.044,Experimental study on seismic retrofit of a RC frame using viscoelastic dampers,Structures,논문,2.58,9.0,44,,unknown,예,Nasab M.S.E.; Kim J.,제1·교신,제1·교신 겸직,원문 분석(정답지),대학 미상(rims 연결),,,S1
2021,22,2-s2.0-85123978792,10.2147/jpr.s343366,Comparison of Analgesic Efficacy of Erector Spinae Plane Block and Posterior Quadratus Lumborum Block in Laparoscopic Liver Resection: A Randomized Controlled Trial,Journal of Pain Research,논문,2.58,9.0,38,,unknown,예,Kang R.A.; Lee S.; Ko J.S.,제1·공동제1·교신,제1·교신 겸직,원문 분석(정답지),의과대학,의학과,,S2
2021,23,2-s2.0-85102205479,10.1097/eja.0000000000001421,Pre-operative anaemia and myocardial injury after noncardiac surgery: A retrospective study,European Journal of Anaesthesiology,논문,2.58,9.0,26,,unknown,아니오,,,주저자 아님,메타데이터 규칙,의과대학,의학과,,S1
2021,24,2-s2.0-85115378975,10.1016/j.compositesb.2021.109264,High thermal conductivity of boron nitride filled epoxy composites prepared by tin solder nanoparticle decoration,Composites Part B Engineering,논문,2.57,9.0,57,,unknown,예,Bae J.Y.,교신,교신저자,메타데이터 규칙,대학 미상(rims 연결),공학연구원,,S1
2021,25,2-s2.0-85106165668,10.3390/ijms22105406,Targeting lactate dehydrogenase a with catechin resensitizes snu620/5fu gastric cancer cells to 5-fluorouracil,International Journal of Molecular Sciences,논문,2.57,9.0,57,,unknown,예,Ryu D.,교신,교신저자,원문 분석(정답지),의과대학,의학과,,S2
2021,26,2-s2.0-85115629991,10.1021/acsenergylett.1c01376,Effect of Chemical Bonding Nature of Post-Treatment Materials on Photovoltaic Performance of Perovskite Solar Cells,ACS Energy Letters,논문,2.57,9.0,49,,unknown,예,Kim J.H.; Park N.G.,제1·교신,제1·교신 겸직,메타데이터 규칙,대학 미상(rims 연결),,,S1
2021,27,2-s2.0-85103478442,10.1016/j.ejim.2021.02.019,The efficacies of entecavir and tenofovir in terms of enhancing prognosis after curative treatment of hepatitis B virus–related hepatocellular carcinoma,European Journal of Internal Medicine,논문,2.57,9.0,35,,unknown,예,Sinn D.H.,교신,교신저자,원문 분석(정답지),의과대학,의학과,,S2
2021,28,2-s2.0-85094216349,10.1002/adfm.202007602,Advanced Oxygen Electrocatalysis in Energy Conversion and Storage,Advanced Functional Materials,리뷰,2.56,9.0,188,,unknown,예,Han X.; Park H.S.,공동제1·교신,제1·교신 겸직,원문 분석(정답지),대학 미상(rims 연결),공학연구원,,S1
2021,29,2-s2.0-85106937426,10.3390/pharmaceutics13050725,Recent advances in ph-or/and photo-responsive nanovehicles,Pharmaceutics,논문,2.56,9.0,53,,unknown,아니오,,,주저자 아님,원문 분석(정답지),약학대학,약학과,,S1
2021,30,2-s2.0-85104369554,10.1097/ccm.0000000000004815,Differential Prognostic Implications of Vasoactive Inotropic Score for Patients With Acute Myocardial Infarction Complicated by Cardiogenic Shock According to Use of Mechanical Circulatory Support∗,Critical Care Medicine,논문,2.56,9.0,52,,unknown,예,Choi K.H.; Yang J.H.,제1·교신,제1·교신 겸직,메타데이터 규칙,의과대학,의학과,,S1
2021,31,2-s2.0-85119393561,10.14309/ctg.0000000000000417,"Sleep Duration, Sleep Quality, and the Development of Nonalcoholic Fatty Liver Disease: A Cohort Study",Clinical and Translational Gastroenterology,논문,2.56,9.0,49,,unknown,예,Um Y.J.; Chang Y.; Ryu S.,제1·교신,제1·교신 겸직,원문 분석(정답지),의과대학,의학과,,S1
2021,32,2-s2.0-85118954872,10.3390/diagnostics11112042,"Mesonephric-like adenocarcinoma of the uterine corpus: Comprehensive immunohistochemical analyses using markers for mesonephric, endometrioid and serous tumors",Diagnostics,논문,2.56,9.0,48,,unknown,예,Kim H.; Kim H.S.,제1·교신,제1·교신 겸직,원문 분석(정답지),의과대학,의학과,,S2
2021,33,2-s2.0-85100389607,10.1016/j.apsusc.2021.149134,Design of cobalt catalysed carbon nanotubes in bimetallic zeolitic imidazolate frameworks,Applied Surface Science,논문,2.56,9.0,41,,unknown,아니오,,,주저자 아님,원문 분석(정답지),공과대학,신소재공학부,,S1
2021,34,2-s2.0-85103683552,10.1021/acsami.1c02635,"Strategic Synchronization of 7,7-Dimethyl-5,7-dihydroindeno[2,1- b]carbazole for Narrow-Band, Pure Violet Organic Light-Emitting Diodes with an Efficiency of > 5% and a CIE y Coordinate of < 0.03",ACS Applied Materials and Interfaces,논문,2.54,9.0,71,,unknown,예,Patil V.V.; Lee J.Y.,제1·교신,제1·교신 겸직,메타데이터 규칙,대학 미상(rims 연결),공학연구원,,S1
2021,35,2-s2.0-85113652378,10.1093/cercor/bhab068,Contribution of Excitatory and Inhibitory Neuronal Activity to BOLD fMRI,Cerebral Cortex,논문,2.54,9.0,71,,unknown,예,Moon H.S.; Kim S.G.,제1·교신,제1·교신 겸직,원문 분석(정답지),성균융합원,글로벌바이오메디컬공학과,,S1
2021,36,2-s2.0-85098971773,10.1038/s41467-020-20454-z,An autophagy enhancer ameliorates diabetes of human IAPP-transgenic mice through clearance of amyloidogenic oligomer,Nature Communications,논문,2.54,9.0,57,,unknown,아니오,,,주저자 아님,원문 분석(정답지),의과대학,의학과,,S1
2021,37,2-s2.0-85102680235,10.3390/nu13031013,Characterization of gut microbiome in Korean patients with metabolic associated fatty liver disease,Nutrients,논문,2.54,9.0,41,,unknown,예,Oh J.H.; Yoon Y.; Kang W.,제1·교신,제1·교신 겸직,원문 분석(정답지),의과대학,의학과,,S1
2021,38,2-s2.0-85103474101,10.1161/strokeaha.120.031822,Subclinical Atrial Fibrillation Burden and Adverse Clinical Outcomes in Patients With Permanent Pacemakers,Stroke,논문,2.54,9.0,40,,unknown,예,Park S.J.,교신,교신저자,메타데이터 규칙,의과대학,의학과,,S2
2021,39,2-s2.0-85105763895,10.1212/wnl.0000000000011833,Amyloid Positivity in the Alzheimer/Subcortical-Vascular Spectrum,Neurology,논문,2.54,9.0,38,,unknown,예,Kang S.H.; Jang H.; Na D.L.,제1·교신,제1·교신 겸직,메타데이터 규칙,의과대학,의학과,,S1
2021,40,2-s2.0-85098773680,10.1109/tie.2020.3044811,Shape-Adaptive Universal Soft Parallel Gripper for Delicate Grasping Using a Stiffness-Variable Composite Structure,IEEE Transactions on Industrial Electronics,논문,2.52,9.0,62,,unknown,예,Lee J.Y.,제1,제1저자,메타데이터 규칙,공과대학,기계공학부,,S1
2021,41,2-s2.0-85104275981,10.1080/10937404.2021.1907264,Current opinion on risk assessment of cosmetics,Journal of Toxicology and Environmental Health Part B Critical Reviews,논문,2.52,9.0,60,,unknown,아니오,,,주저자 아님,메타데이터 규칙,약학대학,약학과,,S1
2021,42,2-s2.0-85103405327,10.1016/j.compind.2021.103450,A stacking ensemble classifier with handcrafted and convolutional features for wafer map pattern classification,Computers in Industry,논문,2.52,9.0,58,,unknown,예,Kang H.; Kang S.,제1·교신,제1·교신 겸직,원문 분석(정답지),공과대학,시스템경영공학과,,S1
2021,43,2-s2.0-85104095342,10.3390/polym13071133,"Self-healing, stretchable, biocompatible, and conductive alginate hydrogels through dynamic covalent bonds for implantable electronics",Polymers,논문,2.52,9.0,50,,unknown,예,Choi Y.; Park K.; Choi H.; Son D.; Shin M.,제1·공동제1·교신,제1·교신 겸직,원문 분석(정답지),일반대학원,전자전기컴퓨터공학과,,S1
2021,44,2-s2.0-85107641766,10.1016/j.cej.2021.130446,RGB-to-black multicolor electrochromic devices enabled with viologen functionalized polyhedral oligomeric silsesquioxanes,Chemical Engineering Journal,논문,2.51,9.0,76,,unknown,아니오,,,주저자 아님,원문 분석(정답지),대학 미상(rims 연결),공학연구원,,S1
2021,45,2-s2.0-85119194238,10.1145/3459637.3482212,Using Topic Modeling and Adversarial Neural Networks for Fake News Video Detection,International Conference on Information and Knowledge Management Proceedings,학술대회,2.51,9.0,74,,unknown,예,Choi H.; Ko Y.,제1·교신,제1·교신 겸직,메타데이터 규칙,소프트웨어융합대학,소프트웨어학과,,S1
2021,46,2-s2.0-85110727042,10.1016/j.cllc.2021.05.009,Durvalumab After Concurrent Chemoradiotherapy in Elderly Patients With Unresectable Stage III Non–Small–Cell Lung Cancer (PACIFIC),Clinical Lung Cancer,논문,2.51,9.0,60,,unknown,아니오,,,주저자 아님,원문 분석(정답지),의과대학,의학과,,S2
2021,47,2-s2.0-85114318983,10.1016/j.compositesb.2021.109276,"Novel composite double-layered dressing with improved mechanical properties and wound recovery for thermosensitive drug, Lactobacillus brevis",Composites Part B Engineering,논문,2.51,9.0,56,,unknown,아니오,,,주저자 아님,원문 분석(정답지),약학대학,약학과,,S1
2021,48,2-s2.0-85111076382,10.1103/physrevd.104.012008,Measurements of partial branching fractions of inclusive B →xuℓ+νℓ decays with hadronic tagging,Physical Review D,논문,2.51,9.0,40,,unknown,아니오,,,주저자 아님,검증 불가 대형(저자 목록 잘림·컨소시엄),자연과학대학,물리학과,,S1
2021,49,2-s2.0-85114613730,10.1016/j.apmr.2021.07.788,Status Of Dysphagia After Ischemic Stroke: A Korean Nationwide Study,Archives of Physical Medicine and Rehabilitation,논문,2.51,9.0,32,,unknown,아니오,,,주저자 아님,원문 분석(정답지),의과대학,의학과,,S1
2021,50,2-s2.0-85102052999,10.1016/j.apsusc.2021.149411,Bioinspired plasmonic nanoflower-decorated microneedle for label-free intradermal sensing,Applied Surface Science,논문,2.49,9.0,57,,unknown,아니오,,,주저자 아님,원문 분석(정답지),의과대학,의과대학,,S1
2021,51,2-s2.0-85109139460,10.1016/j.engstruct.2021.112555,Performance-based seismic retrofit of RC structures using concentric braced frames equipped with friction dampers and disc springs,Engineering Structures,논문,2.49,9.0,55,,unknown,예,Noureldin M.; Kim J.,제1·교신,제1·교신 겸직,원문 분석(정답지),공과대학,건설환경공학부,,S1
2021,52,2-s2.0-85114038301,10.2147/ijn.s324206,"Comparison of three different aqueous microenvironments for enhancing oral bioavailability of sildenafil: Solid self-nanoemulsifying drug delivery system, amorphous microspheres and crystalline microspheres",International Journal of Nanomedicine,논문,2.49,9.0,45,,unknown,아니오,,,주저자 아님,원문 분석(정답지),약학대학,약학과,,S1
2021,53,2-s2.0-85119018947,10.1038/s42003-021-02814-7,Radiomics-guided deep neural networks stratify lung adenocarcinoma prognosis from CT scans,Communications Biology,논문,2.48,9.0,41,,unknown,예,Cho H.h.; Lee H.Y.; Park H.,제1·교신,제1·교신 겸직,원문 분석(정답지),대학 미상(rims 연결),IT융합연구원,,S1
2021,54,2-s2.0-85112484255,10.1016/j.matchemphys.2021.124967,Improvement of oxide removal rate in chemical mechanical polishing by forming oxygen vacancy in ceria abrasives via ultraviolet irradiation,Materials Chemistry and Physics,논문,2.47,9.0,58,,unknown,예,Kim E.; Kim T.,제1·교신,제1·교신 겸직,원문 분석(정답지),대학 미상(rims 연결),나노소재기반휴먼인터페이스융합연구센터,,S1
2021,55,2-s2.0-85108553129,10.1021/acs.jpcc.1c03749,Point Defects in a Two-Dimensional ZnSnN2 Nanosheet: A First-Principles Study on the Electronic and Magnetic Properties,Journal of Physical Chemistry C,논문,2.47,9.0,46,,unknown,예,Ghergherehchi M.,교신,교신저자,메타데이터 규칙,정보통신대학,전자전기공학부,,S1
2021,56,2-s2.0-85107290549,10.3390/jcm10040771,Antihypertensive drugs and the risk of cancer: A nationwide cohort study,Journal of Clinical Medicine,논문,2.47,9.0,33,,unknown,예,Sung K.C.,교신,교신저자,원문 분석(정답지),의과대학,의학과,,S2
2021,57,2-s2.0-85108804364,10.3390/math9121317,Not another computer algebra system: Highlighting wxmaxima in calculus,Mathematics,논문,2.47,9.0,15,,unknown,예,Karjanto N.,제1·교신,제1·교신 겸직,원문 분석(정답지),자연과학대학,수학과,,S1
2021,58,2-s2.0-85101717711,10.1016/j.cej.2021.129097,A novel molecular design featuring the conversion of inefficient TADF emitters into efficient TADF emitters for deep-blue organic light emitting diodes,Chemical Engineering Journal,논문,2.46,9.0,57,,unknown,예,Konidena R.K.; Lee J.Y.,제1·교신,제1·교신 겸직,원문 분석(정답지),대학 미상(rims 연결),공학연구원,,S1
2021,59,2-s2.0-85105475744,10.1016/j.eswa.2021.114888,Global citation recommendation employing generative adversarial network,Expert Systems with Applications,논문,2.46,9.0,52,,unknown,예,Muhammad K.,교신,교신저자,원문 분석(정답지),소프트웨어융합대학,글로벌융합학부,,S1
2021,60,2-s2.0-85104427177,10.1016/j.jallcom.2021.159808,Effect of Na from the leachate of spent Li-ion batteries on the properties of resynthesized Li-ion battery cathodes,Journal of Alloys and Compounds,논문,2.46,9.0,50,,unknown,아니오,,,주저자 아님,원문 분석(정답지),대학 미상(rims 연결),화학공학과,,S1
2021,61,2-s2.0-85100169037,10.1016/j.rse.2021.112283,A D-vine copula quantile regression approach for soil moisture retrieval from dual polarimetric SAR Sentinel-1 over vegetated terrains,Remote Sensing of Environment,논문,2.45,10.0,40,,unknown,예,Nguyen H.H.; Choi M.,제1·교신,제1·교신 겸직,원문 분석(정답지),공과대학,공과대학,,S1
2021,62,2-s2.0-85100970498,10.1108/intr-04-2020-0208,We-intention to continue playing mobile multiplayer games: the role of social play habit,Internet Research,논문,2.45,10.0,30,,unknown,예,Suh A.,교신,교신저자,메타데이터 규칙,경영대학,경영학과,,S1
2021,63,2-s2.0-85100224239,10.1097/iae.0000000000002826,Assessment of Hyperreflective Foci after Bevacizumab or Dexamethasone Treatment According to Duration of Macular Edema in Patients with Branch Retinal Vein Occlusion,Retina,논문,2.45,10.0,19,,unknown,예,Do J.R.,제1,제1저자,메타데이터 규칙,의과대학,의과대학,,S1
2021,64,2-s2.0-85102572520,10.1016/j.autcon.2021.103628,Fully automated peak-picking method for an autonomous stay-cable monitoring system in cable-stayed bridges,Automation in Construction,논문,2.44,10.0,77,,unknown,아니오,,,주저자 아님,원문 분석(정답지),공과대학,건설환경공학부,,S1
2021,65,2-s2.0-85104315841,10.1016/j.neucom.2021.03.048,Edge and identity preserving network for face super-resolution,Neurocomputing,논문,2.44,10.0,58,,unknown,예,Kim J.,제1·교신,제1·교신 겸직,원문 분석(정답지),일반대학원,전자전기컴퓨터공학과,,S1
2021,66,2-s2.0-85084455630,10.1016/j.ijhydene.2020.04.053,2D materials-based membranes for hydrogen purification: Current status and future prospects,International Journal of Hydrogen Energy,논문,2.44,10.0,45,,unknown,아니오,,,주저자 아님,메타데이터 규칙,대학 미상(rims 연결),,,S1
2021,67,2-s2.0-85101829945,10.1002/adma.202007782,Biologically Plausible Artificial Synaptic Array: Replicating Ebbinghaus’ Memory Curve with Selective Attention,Advanced Materials,논문,2.43,10.0,61,,unknown,예,Kim S.; Lee Y.,공동제1·교신,제1·교신 겸직,원문 분석(정답지),성균나노과학기술원,성균나노과학기술원,,S1
2021,68,2-s2.0-85110694984,10.1103/physrevd.104.022001,Measurement of the high-energy all-flavor neutrino-nucleon cross section with IceCube,Physical Review D,논문,2.43,10.0,47,,unknown,아니오,,,주저자 아님,검증 불가 대형(저자 목록 잘림·컨소시엄),자연과학대학,물리학과,,S1
2021,69,2-s2.0-85115755315,10.1016/j.atherosclerosis.2021.08.036,The difference between cystatin C- and creatinine-based eGFR is associated with adverse cardiovascular outcome in patients with chronic kidney disease,Atherosclerosis,논문,2.43,10.0,46,,unknown,아니오,,,주저자 아님,원문 분석(정답지),대학 미상(rims 연결),,,S2
2021,70,2-s2.0-85107191536,10.1140/epjc/s10052-021-09224-3,Sensitivity of the SHiP experiment to dark photons decaying to a pair of charged particles,European Physical Journal C,논문,2.43,10.0,39,,unknown,아니오,,,주저자 아님,검증 불가 대형(저자 목록 잘림·컨소시엄),자연과학대학,물리학과,,S1
2021,71,2-s2.0-85106870441,10.1161/strokeaha.120.032380,Immediate and Long-Term Outcomes of Reperfusion Therapy in Patients with Cancer,Stroke,논문,2.43,10.0,37,,unknown,아니오,,,주저자 아님,메타데이터 규칙,의과대학,의학과,,S2
2021,72,2-s2.0-85107912045,10.1145/3442381.3450005,Session-aware linear item-item models for session-based recommendation,Web Conference 2021 Proceedings of the World Wide Web Conference Www 2021,학술대회,2.43,10.0,30,,unknown,예,Choi M.; Lee J.,제1·교신,제1·교신 겸직,원문 분석(정답지),소프트웨어융합대학,소프트웨어학과,,S1
2021,73,2-s2.0-85105816243,10.1038/s41598-021-89944-4,"Ab initio prediction of semiconductivity in a novel two-dimensional Sb2X3 (X= S, Se, Te) monolayers with orthorhombic structure",Scientific Reports,논문,2.42,10.0,72,,unknown,예,Ghergherehchi M.,교신,교신저자,원문 분석(정답지),정보통신대학,전자전기공학부,,S1
2021,74,2-s2.0-85109778575,10.3390/diagnostics11071155,Comprehensive survey of using machine learning in the covid-19 pandemic,Diagnostics,리뷰,2.42,10.0,60,,unknown,예,Abuhmed T.,교신,교신저자,원문 분석(정답지),소프트웨어융합대학,소프트웨어학과,,S1
2021,75,2-s2.0-85110317252,10.3350/cmh.2020.0292,Outcomes after liver transplantation in korea: Incidence and risk factors from korean transplantation registry,Clinical and Molecular Hepatology,논문,2.42,10.0,54,,unknown,예,Kim J.M.,제1,제1저자,원문 분석(정답지),의과대학,의학과,,S2
2021,76,2-s2.0-85107115161,10.1002/advs.202003709,Substitutional Vanadium Sulfide Nanodispersed in MoS2 Film for Pt-Scalable Catalyst,Advanced Science,논문,2.42,10.0,38,,unknown,예,Agyapong-Fordjour F.O.T.; Yun S.J.; Lee Y.H.; Kim K.K.,제1·공동제1·교신,제1·교신 겸직,원문 분석(정답지),나노구조물리연구단,나노구조물리연구단,,S1
2021,77,2-s2.0-85109159713,10.3389/fpsyt.2021.672347,Current Advances in Wearable Devices and Their Sensors in Patients With Depression,Frontiers in Psychiatry,리뷰,2.41,10.0,91,,unknown,예,Lee S.; Jeon H.J.,제1·교신,제1·교신 겸직,원문 분석(정답지),의과대학,의학과,,S1
2021,78,2-s2.0-85115163287,10.1063/5.0062323,A novel two-dimensional boron-carbon-nitride (BCN) monolayer: A first-principles insight,Journal of Applied Physics,논문,2.41,10.0,52,,unknown,아니오,,,주저자 아님,메타데이터 규칙,정보통신대학,전자전기공학부,,S1
2021,79,2-s2.0-85100859461,10.3171/2020.6.jns20890,Use of endoscopic transorbital and endonasal approaches for 360° circumferential access to orbital tumors,Journal of Neurosurgery,리뷰,2.41,10.0,49,,unknown,예,Jeon C.; Kong D.S.,제1·교신,제1·교신 겸직,메타데이터 규칙,의과대학,의학과,,S2
2021,80,2-s2.0-85105736736,10.3390/antiox10050787,Quercetin and isorhamnetin attenuate benzo[a]pyrene-induced toxicity by modulating detoxification enzymes through the ahr and nrf2 signaling pathways,Antioxidants,논문,2.4,10.0,43,,unknown,아니오,,,주저자 아님,원문 분석(정답지),대학 미상(rims 연결),국가혁신성장선도미래약학인재양성교육연구단,,S1
2021,81,2-s2.0-85099806088,10.1016/j.jde.2021.01.023,On well-posedness for the inhomogeneous nonlinear Schrödinger equation in the critical case,Journal of Differential Equations,논문,2.4,10.0,24,,unknown,예,Kim J.; Seo I.,제1·교신,제1·교신 겸직,원문 분석(정답지),자연과학대학,수학과,,S1
2021,82,2-s2.0-85059947675,10.1177/0093650218820229,The Effects of HMP and TPP on Political Participation in the Partisan Media Context,Communication Research,논문,2.4,10.0,22,,unknown,예,Seo M.,교신,교신저자,메타데이터 규칙,사회과학대학,미디어커뮤니케이션학과,,S1
2021,83,2-s2.0-85083784044,10.1007/s00464-020-07538-z,Thoracoscopic repair of esophageal atresia with distal tracheoesophageal fistula: is it a safe procedure in infants weighing less than 2000 g?,Surgical Endoscopy,논문,2.4,10.0,18,,unknown,예,Son J.; Seo J.M.,제1·교신,제1·교신 겸직,원문 분석(정답지),의과대학,의학과,,S2
2021,84,2-s2.0-85117582262,10.1109/access.2021.3088900,Fault Protection in Microgrid Using Wavelet Multiresolution Analysis and Data Mining,IEEE Access,논문,2.39,10.0,55,,unknown,예,Baloch S.; Muhammad M.S.,제1·교신,제1·교신 겸직,메타데이터 규칙,일반대학원,전자전기컴퓨터공학과,,S1
2021,85,2-s2.0-85117081948,10.1109/lwc.2021.3118441,Optimal Power Allocation for Rate Splitting Communications with Deep Reinforcement Learning,IEEE Wireless Communications Letters,논문,2.39,10.0,54,,unknown,아니오,,,주저자 아님,원문 분석(정답지),대학 미상(rims 연결),,,S1
2021,86,2-s2.0-85100592573,10.1002/admt.202000883,Recent Advancements in Development of Wearable Gas Sensors,Advanced Materials Technologies,리뷰,2.38,10.0,219,,unknown,예,Bag A.; Lee N.E.,제1·교신,제1·교신 겸직,원문 분석(정답지),공과대학,신소재공학부,,S1
2021,87,2-s2.0-85112037343,10.1158/1078-0432.ccr-21-0273,RELAY subgroup analyses by EGFR Ex19del and Ex21L858R mutations for ramucirumab plus erlotinib in metastatic non⇓small cell lung cancer,Clinical Cancer Research,논문,2.38,10.0,46,,unknown,아니오,,,주저자 아님,원문 분석(정답지),의과대학,의학과,,S2
2021,88,2-s2.0-85099031592,10.1021/acsenergylett.0c02438,Elucidation of the Formation Mechanism of Highly Oriented Multiphase Ruddlesden-Popper Perovskite Solar Cells,ACS Energy Letters,논문,2.38,10.0,40,,unknown,아니오,,,주저자 아님,메타데이터 규칙,일반대학원,에너지과학과,,S1
2021,89,2-s2.0-85102885278,10.1016/j.nahs.2021.101041,Design of H∞-based sampled-data control for fuzzy Markov jump systems with stochastic sampling,Nonlinear Analysis Hybrid Systems,논문,2.38,10.0,32,,unknown,예,Sakthivel R.,교신,교신저자,원문 분석(정답지),자연과학대학,수학과,,S1
2021,90,2-s2.0-85104110404,10.1016/j.arthro.2021.02.041,"Double-Bundle Anterior Cruciate Ligament Reconstruction With Lateral Extra-Articular Tenodesis Is Effective in Restoring Knee Stability in a Chronic, Complex Anterior Cruciate Ligament-Injured Knee Model: A Cadaveric Biomechanical Study",Arthroscopy Journal of Arthroscopic and Related Surgery,논문,2.38,10.0,20,,unknown,예,Ahn J.H.,제1·교신,제1·교신 겸직,원문 분석(정답지),의과대학,의학과,,S1
2021,91,2-s2.0-85096783763,10.1002/adfm.202008247,Rational Design of Metal Oxide-Based Heterostructure for Efficient Photocatalytic and Photoelectrochemical Systems,Advanced Functional Materials,리뷰,2.37,10.0,244,,unknown,예,Xia C.; Kim J.K.,제1·교신,제1·교신 겸직,원문 분석(정답지),공과대학,화학공학부,,S1
2021,92,2-s2.0-85106447378,10.1016/j.jff.2021.104532,Linoleic acid exerts antidiabetic effects by inhibiting protein tyrosine phosphatases associated with insulin resistance,Journal of Functional Foods,논문,2.36,10.0,46,,unknown,예,Ahn D.; Chung S.J.,공동제1·교신,제1·교신 겸직,원문 분석(정답지),두뇌한국21사업단,산학연병클러스터기반바이오혁신신약전주기인재양성교육연구단,,S1
2021,93,2-s2.0-85118149025,10.3390/jcm10215079,Current status of cardiac rehabilitation in the regional cardiocerebrovascular centers in korea,Journal of Clinical Medicine,논문,2.36,10.0,31,,unknown,아니오,,,주저자 아님,원문 분석(정답지),대학 미상(rims 연결),,,S2
2021,94,2-s2.0-85089378447,10.1111/bju.15178,Oncological outcome according to attainment of pentafecta after robot-assisted radical cystectomy in patients with bladder cancer included in the multicentre KORARC database,BJU International,논문,2.36,10.0,20,,unknown,아니오,,,주저자 아님,원문 분석(정답지),의과대학,의학과,,S2
2021,95,2-s2.0-85100384473,10.1016/j.biortech.2021.124789,Improved CO2-derived polyhydroxybutyrate (PHB) production by engineering fast-growing cyanobacterium Synechococcus elongatus UTEX 2973 for potential utilization of flue gas,Bioresource Technology,논문,2.35,10.0,80,,unknown,아니오,,,주저자 아님,원문 분석(정답지),생명공학대학,식품생명공학과,,S1
2021,96,2-s2.0-85106283953,10.3390/en14020512,Comparison of factorial and latin hypercube sampling designs for meta-models of building heating and cooling loads,Energies,논문,2.35,10.0,57,,unknown,예,Choi Y.; Song D.,제1·교신,제1·교신 겸직,원문 분석(정답지),대학 미상(rims 연결),공학연구원,,S1
2021,97,2-s2.0-85094185635,10.1080/02650487.2020.1834210,"Virtual reality advertising with brand experiences: the effects of media devices, virtual representation of the self, and self-presence",International Journal of Advertising,논문,2.35,10.0,54,,unknown,예,Song H.,제1,제1저자,메타데이터 규칙,소프트웨어융합대학,글로벌융합학부,,S1
2021,98,2-s2.0-85108451447,10.1016/j.plantsci.2021.110977,Combination of red and blue light induces anthocyanin and other secondary metabolite biosynthesis pathways in an age-dependent manner in Batavia lettuce,Plant Science,논문,2.35,10.0,46,,unknown,아니오,,,주저자 아님,원문 분석(정답지),공과대학,화학공학부,,S1
2021,99,2-s2.0-85118797071,10.1016/j.compeleceng.2021.107405,Forecasting stock price by hybrid model of cascading Multivariate Adaptive Regression Splines and Deep Neural Network,Computers and Electrical Engineering,논문,2.35,10.0,38,,unknown,아니오,,,주저자 아님,원문 분석(정답지),일반대학원,경영학과,,S1
2021,100,2-s2.0-85099188217,10.1002/mar.21445,Behavioral and neural evidence on consumer responses to human doctors and medical artificial intelligence,Psychology and Marketing,논문,2.34,10.0,91,,unknown,예,Yun J.H.; Lee E.J.,제1·교신,제1·교신 겸직,원문 분석(정답지),경영대학,글로벌경영학과,,S1
2021,101,2-s2.0-85101279288,10.1002/er.6566,3D flower-like oxygen-deficient non-stoichiometry zinc cobaltite for high performance hybrid supercapacitors,International Journal of Energy Research,논문,2.34,10.0,56,,unknown,예,Park H.S.,교신,교신저자,원문 분석(정답지),대학 미상(rims 연결),공학연구원,,S1
2021,102,2-s2.0-85108948453,10.1103/physrevb.103.214447,Multistage development of anisotropic magnetic correlations in the Co-based honeycomb lattice Na2Co2TeO6,Physical Review B,논문,2.34,10.0,43,,unknown,예,Choi K.Y.,교신,교신저자,메타데이터 규칙,자연과학대학,물리학과,,S1
2021,103,2-s2.0-85105768390,10.1161/jaha.120.019856,Preoperative right ventricular free-wall longitudinal strain as a prognosticator in isolated surgery for severe functional tricuspid regurgitation,Journal of the American Heart Association,논문,2.34,10.0,37,,unknown,예,Chang S.A.,교신,교신저자,원문 분석(정답지),의과대학,의학과,,S2
2021,104,2-s2.0-85091528171,10.1016/j.ijcard.2020.09.002,Clinical relevance and prognostic implications of contrast quantitative flow ratio in patients with coronary artery disease,International Journal of Cardiology,논문,2.34,10.0,34,,unknown,예,Choi K.H.; Lee S.H.; Lee J.M.,제1·공동제1·교신,제1·교신 겸직,원문 분석(정답지),의과대학,의학과,,S2
2021,105,2-s2.0-85099340856,10.3344/kjp.2021.34.1.106,The efficacy of ultrasound-guided erector spinae plane block after mastectomy and immediate breast reconstruction with a tissue expander: A randomized clinical trial,Korean Journal of Pain,논문,2.34,10.0,31,,unknown,예,Park J.; Choi J.W.,공동제1·교신,제1·교신 겸직,원문 분석(정답지),의과대학,의학과,,S1
2021,106,2-s2.0-85089857203,10.1177/1077699020946442,"Examining the Use, Perception, and Motivation of Cord-Cutting: A Consumer Segment Approach",Journalism and Mass Communication Quarterly,논문,2.34,10.0,27,,unknown,예,Kim H.; Chang B.H.,제1·교신,제1·교신 겸직,메타데이터 규칙,사회과학대학,미디어커뮤니케이션학과,,S1
2021,107,2-s2.0-85102710581,10.1186/s12887-021-02597-0,Effects of equine-assisted activities on attention and quality of life in children with cerebral palsy in a randomized trial: examining the comorbidity with attention-deficit/hyperactivity disorder,BMC Pediatrics,논문,2.33,10.0,28,,unknown,예,Ahn B.; Joung Y.S.,제1·교신,제1·교신 겸직,원문 분석(정답지),의과대학,의학과,,S1
2021,108,2-s2.0-85099326316,10.1542/peds.2019-4035,Three-year follow-up of 2-dose versus 3-dose HPV vaccine,Pediatrics,논문,2.33,10.0,27,,unknown,아니오,,,주저자 아님,메타데이터 규칙,의과대학,의학과,,S1
2021,109,2-s2.0-85105844292,10.1109/access.2021.3080180,Associative Knowledge Graph Using Fuzzy Clustering and Min-Max Normalization in Video Contents,IEEE Access,논문,2.32,10.0,46,,unknown,예,Kim H.J.,제1,제1저자,메타데이터 규칙,대학 미상(rims 연결),인공지능학과,,S1
2021,110,2-s2.0-85106910569,10.1148/radiol.2021203711,Pulmonary functional imaging: Part 1—state-of-the-art technical and physiologic underpinnings,Radiology,리뷰,2.31,10.0,62,,unknown,아니오,,,주저자 아님,메타데이터 규칙,의과대학,의학과,,S2
2021,111,2-s2.0-85093955640,10.1016/j.autcon.2020.103432,In-situ concrete slump test incorporating deep learning and stereo vision,Automation in Construction,논문,2.31,10.0,58,,unknown,예,Tuan N.M.; Chin S.,제1·교신,제1·교신 겸직,원문 분석(정답지),공과대학,건설환경공학부,,S1
2021,112,2-s2.0-85101011083,10.1021/acsenergylett.0c02631,Stabilizing Mixed Halide Lead Perovskites against Photoinduced Phase Segregation by A-Site Cation Alloying,ACS Energy Letters,논문,2.31,10.0,49,,unknown,예,Nandi P.; Shin H.,제1·교신,제1·교신 겸직,메타데이터 규칙,성균융합원,에너지학과,,S1
2021,113,2-s2.0-85104921138,10.1021/acsnano.0c09835,Noninterference Wearable Strain Sensor: Near-Zero Temperature Coefficient of Resistance Nanoparticle Arrays with Thermal Expansion and Transport Engineering,ACS Nano,논문,2.31,10.0,48,,unknown,아니오,,,주저자 아님,메타데이터 규칙,대학 미상(rims 연결),국제협력융합바이오연구소,,S1
2021,114,2-s2.0-85103740495,10.1109/imcom51814.2021.9377434,Smart Manufacturing Scheduling System: DQN based on Cooperative Edge Computing,Proceedings of the 2021 15th International Conference on Ubiquitous Information Management and Communication Imcom 2021,학술대회,2.31,10.0,15,,unknown,예,Moon J.,제1,제1저자,메타데이터 규칙,산학협력단,산학협력단,,S1
2021,115,2-s2.0-85101248799,10.1038/s42003-020-01619-4,Spermidine-induced recovery of human dermal structure and barrier function by skin microbiome,Communications Biology,논문,2.3,10.0,56,,unknown,아니오,,,주저자 아님,원문 분석(정답지),생명공학대학,융합생명공학과,,S1
2021,116,2-s2.0-85100403781,10.1016/j.compositesb.2021.108674,Printable wet-resistive textile strain sensors using bead-blended composite ink for robustly integrative wearable electronics,Composites Part B Engineering,논문,2.3,10.0,48,,unknown,예,Jang S.; Choi J.Y.; Kim J.K.; Pang C.,제1·공동제1·교신,제1·교신 겸직,원문 분석(정답지),대학 미상(rims 연결),나노과학기술학과,,S1
2021,117,2-s2.0-85100593367,10.1016/j.ejim.2021.01.019,"Patient motivation to lose weight: Importance of healthcare professional support, goals and self-efficacy",European Journal of Internal Medicine,논문,2.3,10.0,46,,unknown,아니오,,,주저자 아님,원문 분석(정답지),대학 미상(rims 연결),,,S2
2021,118,2-s2.0-85107317478,10.1016/j.jcmg.2021.04.004,High-Risk Morphological and Physiological Coronary Disease Attributes as Outcome Markers After Medical Treatment and Revascularization,Jacc Cardiovascular Imaging,논문,2.3,10.0,32,,unknown,아니오,,,주저자 아님,원문 분석(정답지),의과대학,의학과,,S2
2021,119,2-s2.0-85112403877,10.1109/vtc2021-spring51267.2021.9448973,Energy-Detection based False Alarm Reduction in Polar-Coded Uplink Control Channel Transmission in 5G-NR,IEEE Vehicular Technology Conference,학술대회,2.3,10.0,9,,unknown,예,Ju H.,제1,제1저자,메타데이터 규칙,정보통신대학,전자전기공학부,,S1
2021,120,2-s2.0-85118804631,10.1021/acs.accounts.1c00385,Integrated Point-of-Care Molecular Diagnostic Devices for Infectious Diseases,Accounts of Chemical Research,논문,2.29,10.0,74,,unknown,예,Lee L.P.,교신,교신저자,메타데이터 규칙,성균융합원,성균융합원,,S1
2021,121,2-s2.0-85127767635,10.1109/iccv48922.2021.01107,HandFoldingNet: A 3D Hand Pose Estimation Network Using Multiscale-Feature Guided Folding of a 2D Hand Skeleton,Proceedings of the IEEE International Conference on Computer Vision,학술대회,2.29,10.0,66,,unknown,예,Cheng W.; Ko J.H.,제1·교신,제1·교신 겸직,원문 분석(정답지),정보통신대학,전자전기공학부,,S1
2021,122,2-s2.0-85103333065,10.1109/jproc.2021.3063154,Learning-Based Automation of Robotic Assembly for Smart Manufacturing,Proceedings of the IEEE,논문,2.29,10.0,57,,unknown,예,Lee S.,교신,교신저자,메타데이터 규칙,대학 미상(rims 연결),,,S1
2021,123,2-s2.0-85120443427,10.1103/physrevd.104.102001,All-sky search for long-duration gravitational-wave bursts in the third Advanced LIGO and Advanced Virgo run,Physical Review D,논문,2.29,10.0,50,,unknown,아니오,,,주저자 아님,검증 불가 대형(저자 목록 잘림·컨소시엄),대학 미상(rims 연결),물리학과,,S1
2021,124,2-s2.0-85103453969,10.3171/2020.2.jns193226,Defining the optimal target for anterior thalamic deep brain stimulation in patients with drug-refractory epilepsy,Journal of Neurosurgery,논문,2.29,10.0,35,,unknown,예,Shon Y.M.,교신,교신저자,메타데이터 규칙,의과대학,의학과,,S1
2021,125,2-s2.0-85114046088,10.1088/1748-0221/16/08/p08034,A muon-track reconstruction exploiting stochastic losses for large-scale Cherenkov detectors,Journal of Instrumentation,논문,2.29,10.0,29,,unknown,아니오,,,주저자 아님,검증 불가 대형(저자 목록 잘림·컨소시엄),대학 미상(rims 연결),자연과학대학,,S1
2021,126,2-s2.0-85098497605,10.1007/s00261-020-02884-x,A radiomics nomogram for predicting transcatheter arterial chemoembolization refractoriness of hepatocellular carcinoma without extrahepatic metastasis or macrovascular invasion,Abdominal Radiology,논문,2.29,10.0,25,,unknown,예,Sheen H.,제1,제1저자,원문 분석(정답지),대학 미상(rims 연결),,,S2
2021,127,2-s2.0-85102689489,10.1186/s12886-021-01879-6,In-vitro glistening formation in six different foldable hydrophobic intraocular lenses,BMC Ophthalmology,논문,2.29,10.0,16,,unknown,아니오,,,주저자 아님,원문 분석(정답지),의과대학,의학과,,S1
2022,1,2-s2.0-85124021696,10.1016/j.matlet.2022.131808,Nitrogen-impregnated carbon-coated TiO2 nanoparticles for N2 reduction to ammonia under ambient conditions,Materials Letters,논문,2.64,9.0,40,,unknown,예,Kim J.K.,교신,교신저자,메타데이터 규칙,공과대학,화학공학부,,S1
2022,2,2-s2.0-85137048368,10.1172/jci156955,In vivo visualization and molecular targeting of the cardiac conduction system,Journal of Clinical Investigation,논문,2.64,9.0,25,,unknown,아니오,,,주저자 아님,원문 분석(정답지),약학대학,약학과,,S1
2022,3,2-s2.0-85135061028,10.3346/jkms.2022.37.e229,Serial Short-Term Outcomes of Very-Low-Birth-Weight Infants in the Korean Neonatal Network From 2013 to 2020,Journal of Korean Medical Science,논문,2.64,9.0,21,,unknown,예,Chang Y.S.,교신,교신저자,원문 분석(정답지),의과대학,의학과,,S2
2022,4,2-s2.0-85126077662,10.1038/s41598-021-04703-9,Predictors of adherence to public health behaviors for fighting COVID-19 derived from longitudinal data,Scientific Reports,논문,2.63,9.0,56,,unknown,아니오,,,주저자 아님,검증 불가 대형(저자 목록 잘림·컨소시엄),사회과학대학,심리학과,,S1
2022,5,2-s2.0-85132157719,10.1136/thoraxjnl-2021-218055,Impact of interstitial lung abnormalities on postoperative pulmonary complications and survival of lung cancer,Thorax,논문,2.63,9.0,39,,unknown,예,Im Y.; Chung M.P.; Yoo H.,제1·공동제1·교신,제1·교신 겸직,메타데이터 규칙,의과대학,의학과,,S2
2022,6,2-s2.0-85133107023,10.3343/alm.2022.42.6.638,Natural Killer Cell Expansion and Cytotoxicity Differ Depending on the Culture Medium Used,Annals of Laboratory Medicine,논문,2.63,9.0,27,,unknown,예,Koh S.K.; Cho D.,제1·교신,제1·교신 겸직,원문 분석(정답지),의과대학,의학과,,S1
2022,7,2-s2.0-85126372272,10.1007/s00500-022-06787-5,Reduction of training data for support vector machine: a survey,Soft Computing,논문,2.63,9.0,26,,unknown,예,Birzhandi P.; Youn H.Y.,제1·교신,제1·교신 겸직,원문 분석(정답지),소프트웨어융합대학,소프트웨어학과,,S1
2022,8,2-s2.0-85142459975,10.1016/j.jmrt.2022.06.050,Effect of deformation temperature on the slip activity in pure Mg and AZX211,Journal of Materials Research and Technology,논문,2.62,9.0,46,,unknown,예,Hamad K.,교신,교신저자,원문 분석(정답지),일반대학원,신소재공학과,,S1
2022,9,2-s2.0-85138506936,10.3390/antiox11091633,Hesperidin Suppresses the Proliferation of Prostate Cancer Cells by Inducing Oxidative Stress and Disrupting Ca2+ Homeostasis,Antioxidants,논문,2.62,9.0,37,,unknown,예,Jeong S.A.; Lim W.,제1·교신,제1·교신 겸직,원문 분석(정답지),자연과학대학,생명과학과,,S1
2022,10,2-s2.0-85133829309,10.1016/j.sleh.2022.04.003,Performance evaluation of a wrist-worn reflectance pulse oximeter during sleep,Sleep Health,논문,2.62,9.0,27,,unknown,예,Joo E.Y.,교신,교신저자,원문 분석(정답지),의과대학,의학과,,S2
2022,11,2-s2.0-85119408662,10.1016/j.legalmed.2021.101992,Application of droplet digital PCR method for DNA methylation-based age prediction from saliva,Legal Medicine,논문,2.62,9.0,23,,unknown,예,Lim S.K.,교신,교신저자,원문 분석(정답지),대학 미상(rims 연결),,,S1
2022,12,2-s2.0-85123498277,10.1111/odi.14126,ACE2 and TMPRSS2 immunolocalization and oral manifestations of COVID-19,Oral Diseases,논문,2.62,9.0,18,,unknown,예,Park G.C.,제1,제1저자,원문 분석(정답지),의과대학,의학과,,S2
2022,13,2-s2.0-85122066228,10.3390/rel13010043,"Confucian Identification, Ancestral Beliefs, and Ancestral Rituals in Korea",Religions,논문,2.62,9.0,10,,unknown,예,Kim J.,제1·교신,제1·교신 겸직,원문 분석(정답지),사회과학대학,사회학과,,S1
2022,14,2-s2.0-85138134485,10.1038/s41467-022-33202-2,Single-cell transcriptomics reveal cellular diversity of aortic valve and the immunomodulation by PPARγ during hyperlipidemia,Nature Communications,논문,2.6,9.0,67,,unknown,아니오,,,주저자 아님,원문 분석(정답지),의과대학,의학과,,S1
2022,15,2-s2.0-85122280141,10.1186/s40580-021-00295-2,Electroplated core–shell nanowire network electrodes for highly efficient organic light-emitting diodes,Nano Convergence,논문,2.6,9.0,37,,unknown,예,Kang H.; Choi S.R.,제1·공동제1,제1저자,메타데이터 규칙,대학 미상(rims 연결),나노소재기반휴먼인터페이스융합연구센터,,S1
2022,16,2-s2.0-85124249615,10.1109/tmtt.2022.3144422,Doherty Power Amplifier With Extended High-Efficiency Range Based on the Utilization of Multiple Output Power Back-Off Parameters,IEEE Transactions on Microwave Theory and Techniques,논문,2.6,9.0,35,,unknown,예,Choi Y.C.,제1,제1저자,메타데이터 규칙,정보통신대학,전자전기공학부,,S1
2022,17,2-s2.0-85127918911,10.3389/fpsyg.2022.830152,Factors Affecting Intention of Consumers in Using Face Recognition Payment in Offline Markets: An Acceptance Model for Future Payment Service,Frontiers in Psychology,논문,2.6,9.0,33,,unknown,예,Nan D.; Kim J.H.,제1·교신,제1·교신 겸직,원문 분석(정답지),소프트웨어융합대학,글로벌융합학부,,S1
2022,18,2-s2.0-85136268208,10.1016/j.cmi.2022.06.025,Estimation of local transmissibility in the early phase of monkeypox epidemic in 2022,Clinical Microbiology and Infection,논문,2.6,9.0,30,,unknown,아니오,,,주저자 아님,원문 분석(정답지),일반대학원,소프트웨어학과,,S1
2022,19,2-s2.0-85129731292,10.1007/s00464-022-09284-w,Patient experience and prognostic factors of compensatory hyperhidrosis and recurrence after endoscopic thoracic sympathicotomy,Surgical Endoscopy,논문,2.6,9.0,19,,unknown,아니오,,,주저자 아님,원문 분석(정답지),의과대학,의학과,,S2
2022,20,2-s2.0-85119156100,10.1002/admt.202101074,Skin-Inspired Capacitive Stress Sensor with Large Dynamic Range via Bilayer Liquid Metal Elastomers,Advanced Materials Technologies,논문,2.59,9.0,44,,unknown,아니오,,,주저자 아님,원문 분석(정답지),대학 미상(rims 연결),,,S1
2022,21,2-s2.0-85122852449,10.1109/tcsi.2021.3139708,A Continuously-Scalable-Conversion-Ratio Step-Up/Down SC Energy-Harvesting Interface with MPPT Enabled by Real-Time Power Monitoring with Frequency-Mapped Capacitor DAC,IEEE Transactions on Circuits and Systems I Regular Papers,논문,2.59,9.0,42,,unknown,예,Yoon Y.; Lee Y.,제1·교신,제1·교신 겸직,메타데이터 규칙,대학 미상(rims 연결),정보통신대학,,S1
2022,22,2-s2.0-85136001606,10.1021/acsnano.2c02242,Synthesis of a Selectively Nb-Doped WS2-MoS2Lateral Heterostructure for a High-Detectivity PN Photodiode,ACS Nano,논문,2.58,9.0,49,,unknown,예,Vu V.T.; Yu W.J.,제1·교신,제1·교신 겸직,메타데이터 규칙,대학 미상(rims 연결),지속가능ICT미래인재교육연구단,,S1
2022,23,2-s2.0-85142756079,10.1021/acs.chemmater.2c02603,Highly Conductive p-Type Transparent Conducting Electrode with Sulfur-Doped Copper Iodide,Chemistry of Materials,논문,2.58,9.0,46,,unknown,예,Ahn K.; Kim G.H.; Kim M.G.,제1·공동제1·교신,제1·교신 겸직,메타데이터 규칙,공과대학,신소재공학부,,S1
2022,24,2-s2.0-85142287907,10.1007/s12272-022-01416-z,Comparative evaluation of bioactive phytochemicals in Spinacia oleracea cultivated under greenhouse and open field conditions,Archives of Pharmacal Research,논문,2.58,9.0,34,,unknown,예,Lee B.S.; Kim K.H.,제1·교신,제1·교신 겸직,원문 분석(정답지),대학 미상(rims 연결),약학대학,,S1
2022,25,2-s2.0-85115945123,10.1016/j.jvsv.2021.08.012,A multicenter randomized controlled trial of cyanoacrylate closure and surgical stripping for incompetent great saphenous veins,Journal of Vascular Surgery Venous and Lymphatic Disorders,논문,2.58,9.0,25,,unknown,아니오,,,주저자 아님,원문 분석(정답지),의과대학,의과대학,,S2
2022,26,2-s2.0-85116164184,10.1016/j.cbpc.2021.109196,Critical review of environmental impacts of microfibers in different environmental matrices,Comparative Biochemistry and Physiology Part C Toxicology and Pharmacology,리뷰,2.57,9.0,85,,unknown,아니오,,,주저자 아님,원문 분석(정답지),대학 미상(rims 연결),기초과학연구원,,S1
2022,27,2-s2.0-85125337919,10.1371/journal.pone.0264140,Artificial intelligence-based classification of bone tumors in the proximal femur on plain radiographs: System development and validation,Plos One,논문,2.57,9.0,57,,unknown,예,Park C.W.; Oh S.J.; Cho B.H.; Seo S.W.,제1·공동제1·교신,제1·교신 겸직,원문 분석(정답지),의과대학,의학과,,S1
2022,28,2-s2.0-85125418087,10.1016/j.cej.2022.135427,Cu- and Ce-promoted nano-heterostructures on vanadate catalysts for low-temperature NH3–SCR activity with improved SO2 and water resistance,Chemical Engineering Journal,논문,2.57,9.0,56,,unknown,예,Purbia R.; Choi S.Y.; Baik J.M.,제1·공동제1·교신,제1·교신 겸직,원문 분석(정답지),공과대학,신소재공학부,,S1
2022,29,2-s2.0-85140321515,10.1016/j.msea.2022.144198,Microstructure and mechanical properties of bioinspired laminated CoCrFeNiMn high entropy alloy matrix composites reinforced with graphene,Materials Science and Engineering A,논문,2.57,9.0,48,,unknown,아니오,,,주저자 아님,원문 분석(정답지),대학 미상(rims 연결),기계공학전공,,S1
2022,30,2-s2.0-85121923346,10.1016/j.techfore.2021.121451,My video game console is so cool! A coolness theory-based model for intention to use video game consoles,Technological Forecasting and Social Change,논문,2.57,9.0,47,,unknown,예,Nan D.; Kim J.H.,제1·교신,제1·교신 겸직,원문 분석(정답지),대학 미상(rims 연결),,,S1
2022,31,2-s2.0-85134197782,10.1007/jhep07(2022)067,Search for new physics in the lepton plus missing transverse momentum final state in proton-proton collisions at √s = 13 TeV,Journal of High Energy Physics,논문,2.57,9.0,39,,unknown,아니오,,,주저자 아님,검증 불가 대형(저자 목록 잘림·컨소시엄),대학 미상(rims 연결),나노구조물리연구단,,S1
2022,32,2-s2.0-85136245911,10.1103/physrevd.106.022005,Search for neutrino emission from cores of active galactic nuclei,Physical Review D,논문,2.57,9.0,38,,unknown,아니오,,,주저자 아님,검증 불가 대형(저자 목록 잘림·컨소시엄),자연과학대학,물리학과,,S1
2022,33,2-s2.0-85112436081,10.1016/j.materresbull.2021.111513,Fe/Co ratio dependent excellent microwave absorption of FeCo alloys with a wide bandwidth in the high-frequency region,Materials Research Bulletin,논문,2.57,9.0,37,,unknown,예,Park J.H.; Suh S.J.,제1·교신,제1·교신 겸직,원문 분석(정답지),공과대학,신소재공학부,,S1
2022,34,2-s2.0-85126024060,10.1103/physrevd.105.042006,Searching for low-mass dark matter via the Migdal effect in COSINE-100,Physical Review D,논문,2.57,9.0,34,,unknown,아니오,,,주저자 아님,검증 불가 대형(저자 목록 잘림·컨소시엄),자연과학대학,물리학과,,S1
2022,35,2-s2.0-85139353243,10.1016/j.jclepro.2022.134292,Upcycling of decommissioned wind turbine blades through pyrolysis,Journal of Cleaner Production,리뷰,2.56,9.0,143,,unknown,예,Yang W.; Lee J.,제1·교신,제1·교신 겸직,원문 분석(정답지),대학 미상(rims 연결),공과대학,,S1
2022,36,2-s2.0-85124470527,10.1002/aenm.202102257,Amorphization of Metal Nanoparticles by 2D Twisted Polymer for Super Hydrogen Evolution Reaction,Advanced Energy Materials,논문,2.56,9.0,54,,unknown,예,Shao X.; Lee H.,제1·교신,제1·교신 겸직,원문 분석(정답지),자연과학대학,자연과학대학,,S1
2022,37,2-s2.0-85129392854,10.1016/j.ejca.2022.03.034,Durvalumab with chemoradiotherapy for limited-stage small-cell lung cancer,European Journal of Cancer,논문,2.56,9.0,49,,unknown,예,Park S.; Noh J.M.; Sun J.M.,제1·공동제1·교신,제1·교신 겸직,원문 분석(정답지),의과대학,의학과,,S1
2022,38,2-s2.0-85143226931,10.3345/cep.2022.00374,Epidemiology and surveillance implications of community-acquired pneumonia in children,Clinical and Experimental Pediatrics,리뷰,2.56,9.0,35,,unknown,아니오,,,주저자 아님,원문 분석(정답지),의과대학,의학과,,S2
2022,39,2-s2.0-85119923807,10.1016/j.joca.2021.10.012,Female reproductive factors and risk of joint replacement arthroplasty of the knee and hip due to osteoarthritis in postmenopausal women: a nationwide cohort study of 1.13 million women,Osteoarthritis and Cartilage,논문,2.56,9.0,30,,unknown,예,Eun Y.; Kim H.; Shin D.W.,제1·교신,제1·교신 겸직,원문 분석(정답지),의과대학,의학과,,S1
2022,40,2-s2.0-85132179639,10.3390/math10122004,Adaptive Color Image Encryption Scheme Based on Multiple Distinct Chaotic Maps and DNA Computing,Mathematics,논문,2.56,9.0,22,,unknown,예,Muhammad K.,교신,교신저자,원문 분석(정답지),소프트웨어융합대학,글로벌융합학부,,S1
2022,41,2-s2.0-85141333744,10.1016/j.aquatox.2022.106348,Short- and long-term single and combined effects of microplastics and chromium on the freshwater water flea Daphnia magna,Aquatic Toxicology,논문,2.55,9.0,38,,unknown,예,Jeong H.; Lee J.S.; Byeon E.,제1·교신,제1·교신 겸직,원문 분석(정답지),대학 미상(rims 연결),기초과학연구원,,S1
2022,42,2-s2.0-85124096634,10.1016/j.phytochem.2022.113100,PTP1B and α-glucosidase inhibitory activities of the chemical constituents from Hedera rhombea fruits: Kinetic analysis and molecular docking simulation,Phytochemistry,논문,2.55,9.0,35,,unknown,아니오,,,주저자 아님,원문 분석(정답지),대학 미상(rims 연결),약학연구원,,S1
2022,43,2-s2.0-85126624009,10.1177/03331024221076481,Real-world efficacy of galcanezumab for the treatment of migraine in Korean patients,Cephalalgia,논문,2.55,9.0,33,,unknown,예,Lee M.J.,교신,교신저자,메타데이터 규칙,대학 미상(rims 연결),의학과,,S2
2022,44,2-s2.0-85137574313,10.1109/access.2022.3203416,A Convolutional Transformer Model for Multivariate Time Series Prediction,IEEE Access,논문,2.54,9.0,56,,unknown,예,Kim D.K.; Kim K.,제1·교신,제1·교신 겸직,메타데이터 규칙,소프트웨어융합대학,소프트웨어학과,,S1
2022,45,2-s2.0-85139756471,10.1038/s41467-022-33267-z,"A single arm phase Ib/II trial of first-line pembrolizumab, trastuzumab and chemotherapy for advanced HER2-positive gastric cancer",Nature Communications,논문,2.54,9.0,53,,unknown,아니오,,,주저자 아님,원문 분석(정답지),의과대학,의학과,,S2
2022,46,2-s2.0-85123863237,10.1002/adma.202106551,Escalating Ferromagnetic Order via Se-Vacancies Near Vanadium in WSe2 Monolayers,Advanced Materials,논문,2.54,9.0,45,,unknown,예,Yun S.J.; Cho B.W.; Duong D.L.; Lee Y.H.,제1·공동제1·교신,제1·교신 겸직,원문 분석(정답지),성균융합원,에너지학과,,S1
2022,47,2-s2.0-85124207513,10.1016/j.marpolbul.2022.113396,Molecular evidence for suppression of swimming behavior and reproduction in the estuarine rotifer Brachionus koreanus in response to COVID-19 disinfectants,Marine Pollution Bulletin,논문,2.54,9.0,31,,unknown,예,Byeon E.; Lee J.S.,공동제1·교신,제1·교신 겸직,원문 분석(정답지),대학 미상(rims 연결),기초과학연구원,,S1
2022,48,2-s2.0-85105885720,10.1007/s10644-021-09331-x,"Carbon dioxide emissions, financial development and political institutions",Economic Change and Restructuring,논문,2.53,9.0,39,,unknown,예,Lin S.C.,교신,교신저자,원문 분석(정답지),경제대학,글로벌경제학과,,S1
2022,49,2-s2.0-85143510005,10.1186/s12903-022-02614-3,A deep learning model based on concatenation approach to predict the time to extract a mandibular third molar tooth,BMC Oral Health,논문,2.53,9.0,24,,unknown,예,Kwon D.; Paeng J.Y.,제1·교신,제1·교신 겸직,원문 분석(정답지),의과대학,의과대학,,S2
2022,50,2-s2.0-85127446262,10.1111/jonm.13607,Frontline nurses' caring experiences in COVID-19 units: A qualitative study,Journal of Nursing Management,논문,2.53,9.0,23,,unknown,예,Shin S.,제1,제1저자,원문 분석(정답지),대학 미상(rims 연결),의학과,,S2
2022,51,2-s2.0-85127244057,10.1016/j.actamat.2022.117861,Electrical resistivity as a descriptor for classification of amorphous versus crystalline phases of alloys,Acta Materialia,논문,2.51,9.0,42,,unknown,예,You D.; Lee D.,제1·교신,제1·교신 겸직,원문 분석(정답지),대학 미상(rims 연결),공학연구원,,S1
2022,52,2-s2.0-85138069210,10.1021/acsnano.2c05452,"Safe, Durable, and Sustainable Self-Powered Smart Contact Lenses",ACS Nano,논문,2.51,9.0,38,,unknown,아니오,,,주저자 아님,메타데이터 규칙,약학대학,약학과,,S1
2022,53,2-s2.0-85139310571,10.1016/j.nanoen.2022.107846,Machine learning-enabled development of high performance gradient-index phononic crystals for energy focusing and harvesting,Nano Energy,논문,2.5,9.0,57,,unknown,예,Kim M.,교신,교신저자,원문 분석(정답지),일반대학원,신소재공학과,,S1
2022,54,2-s2.0-85122620695,10.1016/j.jechem.2021.12.035,"A flexible, robust, and high ion-conducting solid electrolyte membranes enabled by interpenetrated network structure for all-solid-state lithium metal battery",Journal of Energy Chemistry,논문,2.5,9.0,46,,unknown,예,Tian Z.; Kim D.,제1·교신,제1·교신 겸직,원문 분석(정답지),공과대학,화학공학부,,S1
2022,55,2-s2.0-85139504287,10.1002/jcsm.13096,Sex-specific associations between gut microbiota and skeletal muscle mass in a population-based study,Journal of Cachexia Sarcopenia and Muscle,논문,2.5,9.0,37,,unknown,예,Park C.H.; Yoon K.J.; Kim H.N.,제1·교신,제1·교신 겸직,원문 분석(정답지),의과대학,의학과,,S1
2022,56,2-s2.0-85127602451,10.3389/fmed.2022.835069,Air Trapping and the Risk of COPD Exacerbation: Analysis From Prospective KOCOSS Cohort,Frontiers in Medicine,논문,2.5,9.0,31,,unknown,예,Kim S.H.,공동제1,제1저자,원문 분석(정답지),대학 미상(rims 연결),의학과,,S2
2022,57,2-s2.0-85139536357,10.1158/1078-0432.ccr-22-0879,"Clinical, Pathologic, and Molecular Prognostic Factors in Patients with Early-Stage EGFR-Mutant NSCLC",Clinical Cancer Research,논문,2.5,9.0,26,,unknown,예,Jung H.A.; Lim J.; Choi Y.L.; Kim J.; Park K.,제1·공동제1·교신,제1·교신 겸직,메타데이터 규칙,의과대학,의학과,,S1
2022,58,2-s2.0-85128325460,10.1158/1078-0432.ccr-21-3646,"Continuation of Pembrolizumab with Additional Chemotherapy after Progression with PD-1/PD-L1 Inhibitor Monotherapy in Patients with Advanced NSCLC: A Randomized, Placebo-Controlled Phase II Study",Clinical Cancer Research,논문,2.5,9.0,22,,unknown,예,Jung H.A.; Sun J.M.,제1·교신,제1·교신 겸직,메타데이터 규칙,의과대학,의학과,,S2
2022,59,2-s2.0-85132547544,10.1002/adfm.202204214,Tunable Ferroelectricity in Van der Waals Layered Antiferroelectric CuCrP2S6,Advanced Functional Materials,논문,2.49,9.0,53,,unknown,예,Choi K.Y.,교신,교신저자,원문 분석(정답지),자연과학대학,물리학과,,S1
2022,60,2-s2.0-85138095030,10.1016/j.autcon.2022.104572,Fast identification of concrete cracks using 1D deep learning and explainable artificial intelligence-based analysis,Automation in Construction,논문,2.49,9.0,50,,unknown,예,Kolappan Geetha G.; Sim S.H.,제1·교신,제1·교신 겸직,원문 분석(정답지),공과대학,건설환경공학부,,S1
2022,61,2-s2.0-85122739760,10.1021/acsami.1c22191,Selectively Regulating the Chiral Morphology of Amino Acid-Assisted Chiral Gold Nanoparticles with Circularly Polarized Light,ACS Applied Materials and Interfaces,논문,2.49,9.0,47,,unknown,예,Wang H.; Lee H.,제1·교신,제1·교신 겸직,메타데이터 규칙,대학 미상(rims 연결),기초과학연구원,,S1
2022,62,2-s2.0-85131764469,10.1109/jiot.2022.3179691,Reconfigurable-Intelligent-Surface-Aided Wireless Power Transfer Systems: Analysis and Implementation,IEEE Internet of Things Journal,논문,2.49,9.0,46,,unknown,예,Tran N.M.,제1,제1저자,원문 분석(정답지),정보통신대학,전자전기공학부,,S1
2022,63,2-s2.0-85116979394,10.1002/adfm.202108104,Ternary Transition Metal Chalcogenide Nb2Pd3Se8: A New Candidate of 1D Van der Waals Materials for Field-Effect Transistors,Advanced Functional Materials,논문,2.49,9.0,45,,unknown,예,Jeong B.J.; Choi K.H.; Choi J.Y.,제1·공동제1·교신,제1·교신 겸직,원문 분석(정답지),대학 미상(rims 연결),기초과학연구원,,S1
2022,64,2-s2.0-85123548563,10.3390/foods11030313,"Immunomodulatory Activity of Extracellular Vesicles of Kimchi-Derived Lactic Acid Bacteria (Leuconostoc mesenteroides, Latilactobacillus curvatus, and Lactiplantibacillus plantarum)",Foods,논문,2.49,9.0,39,,unknown,예,Shim Y.Y.,교신,교신저자,메타데이터 규칙,대학 미상(rims 연결),생명공학연구원,,S1
2022,65,2-s2.0-85139393836,10.1007/jhep05(2022)014,Search for higgsinos decaying to two Higgs bosons and missing transverse momentum in proton-proton collisions at √s = 13 TeV,Journal of High Energy Physics,논문,2.49,9.0,34,,unknown,아니오,,,주저자 아님,검증 불가 대형(저자 목록 잘림·컨소시엄),일반대학원,에너지과학과,,S1
2022,66,2-s2.0-85132858348,10.1136/rapm-2022-103577,Comparison of postoperative analgesic effects of posterior quadratus lumborum block and intrathecal morphine in laparoscopic donor hepatectomy: A prospective randomized non-inferiority clinical trial,Regional Anesthesia and Pain Medicine,논문,2.49,9.0,25,,unknown,예,Lee S.; Kang R.A.; Ko J.S.,제1·공동제1·교신,제1·교신 겸직,메타데이터 규칙,의과대학,의학과,,S2
2022,67,2-s2.0-85126012665,10.1002/sd.2309,For sustainable development in the transportation sector: Determinants of acceptance of sustainable transportation using the innovation diffusion theory and technology acceptance model,Sustainable Development,논문,2.48,9.0,50,,unknown,예,Ahn H.; Park E.,제1·교신,제1·교신 겸직,원문 분석(정답지),소프트웨어융합대학,글로벌융합학부,,S1
2022,68,2-s2.0-85142346587,10.1038/s41467-022-34767-8,Breakup of the proton halo nucleus 8B near barrier energies,Nature Communications,논문,2.48,9.0,47,,unknown,아니오,,,주저자 아님,원문 분석(정답지),대학 미상(rims 연결),기초과학연구원,,S1
2022,69,2-s2.0-85143602654,10.3847/1538-4357/ac9d2c,Measurement of High-energy Cosmic-Ray Proton Spectrum from the ISS-CREAM Experiment,Astrophysical Journal,논문,2.48,9.0,46,,unknown,예,Choi G.H.; Park I.H.,제1·교신,제1·교신 겸직,원문 분석(정답지),자연과학대학,자연과학대학,,S1
2022,70,2-s2.0-85124807514,10.1103/physrevlett.128.051101,Search for Relativistic Magnetic Monopoles with Eight Years of IceCube Data,Physical Review Letters,논문,2.48,9.0,40,,unknown,아니오,,,주저자 아님,검증 불가 대형(저자 목록 잘림·컨소시엄),자연과학대학,물리학과,,S1
2022,71,2-s2.0-85135620132,10.1103/physrevlett.129.011801,First Search for Exclusive Diphoton Production at High Mass with Tagged Protons in Proton-Proton Collisions at s =13 TeV,Physical Review Letters,논문,2.48,9.0,39,,unknown,아니오,,,주저자 아님,검증 불가 대형(저자 목록 잘림·컨소시엄),자연과학대학,물리학과,,S1
2022,72,2-s2.0-85128284394,10.1016/j.resuscitation.2022.03.030,"Healthy lifestyle factors, cardiovascular comorbidities, and the risk of sudden cardiac arrest: A case-control study in Korea",Resuscitation,논문,2.48,9.0,19,,unknown,아니오,,,주저자 아님,원문 분석(정답지),대학 미상(rims 연결),의학과,,S2
2022,73,2-s2.0-85116505286,10.1016/j.dam.2021.09.016,General Randić index of unicyclic graphs with given diameter,Discrete Applied Mathematics,논문,2.48,9.0,14,,unknown,아니오,,,주저자 아님,원문 분석(정답지),자연과학대학,수학과,,S1
2022,74,2-s2.0-85135386447,10.1016/j.jclepro.2022.133241,"Biomolecules as green flame retardants: Recent progress, challenges, and opportunities",Journal of Cleaner Production,리뷰,2.47,9.0,123,,unknown,예,Jeong S.H.; Park C.H.; Heo J.H.; Lee J.H.,제1·공동제1·교신,제1·교신 겸직,원문 분석(정답지),공과대학,신소재공학부,,S1
2022,75,2-s2.0-85128605808,10.1109/tmech.2022.3162192,Autonomous Navigation of In-Pipe Inspection Robot Using Contact Sensor Modules,IEEE ASME Transactions on Mechatronics,논문,2.47,9.0,50,,unknown,예,Jang H.; Choi H.R.,제1·교신,제1·교신 겸직,메타데이터 규칙,대학 미상(rims 연결),공학연구원,,S1
2022,76,2-s2.0-85139908345,10.3803/enm.2022.1477,"Frequency of TERT Promoter Mutations in Real-World Analysis of 2,092 Thyroid Carcinoma Patients",Endocrinology and Metabolism,학술대회,2.47,9.0,43,,unknown,예,Yang H.; Park H.; Chung J.H.,제1·공동제1·교신,제1·교신 겸직,원문 분석(정답지),의과대학,의학과,,S1
2022,77,2-s2.0-85132923058,10.1016/j.jag.2022.102854,Integration of machine learning algorithms and GIS-based approaches to cutaneous leishmaniasis prevalence risk mapping,International Journal of Applied Earth Observation and Geoinformation,논문,2.47,9.0,41,,unknown,예,Abuhmed T.,교신,교신저자,원문 분석(정답지),소프트웨어융합대학,소프트웨어학과,,S1
2022,78,2-s2.0-85133472073,10.1016/j.ecoenv.2022.113843,"Environmentally relevant concentrations of microplastics modulated the immune response and swimming activity, and impaired the development of marine medaka Oryzias melastigma larvae",Ecotoxicology and Environmental Safety,논문,2.47,9.0,39,,unknown,아니오,,,주저자 아님,원문 분석(정답지),자연과학대학,생명과학과,,S1
2022,79,2-s2.0-85124902251,10.1016/j.cresp.2021.100028,Concern with COVID-19 pandemic threat and attitudes towards immigrants: The mediating effect of the desire for tightness,Current Research in Ecological and Social Psychology,논문,2.47,9.0,30,,unknown,아니오,,,주저자 아님,검증 불가 대형(저자 목록 잘림·컨소시엄),사회과학대학,심리학과,,S1
2022,80,2-s2.0-85132852420,10.1007/s10853-022-07338-x,A nanoclustered ceria abrasives with low crystallinity and high Ce3+/Ce4+ ratio for scratch reduction and high oxide removal rates in the chemical mechanical planarization,Journal of Materials Science,논문,2.46,9.0,51,,unknown,예,Kim N.Y.; Nam J.D.,제1·교신,제1·교신 겸직,원문 분석(정답지),공과대학,기계공학부,,S1
2022,81,2-s2.0-85112083833,10.1007/s00520-021-06473-6,Who is more likely to adopt and comply with the electronic patient-reported outcome measure (ePROM) mobile application? A real-world study with cancer patients undergoing active treatment,Supportive Care in Cancer,논문,2.46,9.0,22,,unknown,예,Lee M.; Kang D.; Shin S.Y.; Oh D.,제1·공동제1·교신,제1·교신 겸직,원문 분석(정답지),삼성융합의과학원,삼성융합의과학원,,S1
2022,82,2-s2.0-85120414855,10.1016/j.jhazmat.2021.127907,Understanding the effect of nonmetallic impurities in regenerated cathode materials for lithium-ion battery recycling by tracking down impurity elements,Journal of Hazardous Materials,논문,2.45,10.0,63,,unknown,아니오,,,주저자 아님,원문 분석(정답지),대학 미상(rims 연결),성균융합원,,S1
2022,83,2-s2.0-85133805052,10.1109/tcsi.2022.3178989,Energy- and Area-Efficient CMOS Synapse and Neuron for Spiking Neural Networks With STDP Learning,IEEE Transactions on Circuits and Systems I Regular Papers,논문,2.45,10.0,53,,unknown,예,Joo B.; Kong B.S.,제1·교신,제1·교신 겸직,메타데이터 규칙,정보통신대학,반도체시스템공학과,,S1
2022,84,2-s2.0-85096376217,10.1080/0144929x.2020.1846789,Examining the effects of power status of an explainable artificial intelligence system on users’ perceptions,Behaviour and Information Technology,논문,2.45,10.0,30,,unknown,예,Lee S.,교신,교신저자,메타데이터 규칙,일반대학원,인터랙션사이언스학과,,S1
2022,85,2-s2.0-85132106098,10.1186/s13244-022-01235-2,Reappraising the clinical usability of consolidation-to-tumor ratio on CT in clinical stage IA lung cancer,Insights into Imaging,논문,2.45,10.0,25,,unknown,예,Kim C.H.; Shin S.; Lee H.Y.,공동제1·교신,제1·교신 겸직,원문 분석(정답지),의과대학,의학과,,S1
2022,86,2-s2.0-85136665321,10.1148/radiol.212727,"Mammographic Breast Density, Benign Breast Disease, and Subsequent Breast Cancer Risk in 3.9 Million Korean Women",Radiology,논문,2.45,10.0,24,,unknown,아니오,,,주저자 아님,메타데이터 규칙,의과대학,의학과,,S1
2022,87,2-s2.0-85121122254,10.1016/j.ajo.2021.09.027,High-density Lipoprotein Cholesterol and the Risk of Future Retinal Artery Occlusion Development: A Nationwide Cohort Study,American Journal of Ophthalmology,논문,2.45,10.0,17,,unknown,예,Hwang S.; Kim S.J.,제1·교신,제1·교신 겸직,원문 분석(정답지),의과대학,의학과,,S1
2022,88,2-s2.0-85134631972,10.1200/jco.21.02242,Laparoscopic Sentinel Node Navigation Surgery for Stomach Preservation in Patients with Early Gastric Cancer: A Randomized Clinical Trial,Journal of Clinical Oncology,학술대회,2.44,10.0,73,,unknown,아니오,,,주저자 아님,원문 분석(정답지),의과대학,의학과,,S2
2022,89,2-s2.0-85125479003,10.1016/j.nanoen.2022.107091,Biocompatible and mechanically-reinforced tribopositive nanofiber mat for wearable and antifungal human kinetic-energy harvester based on wood-derived natural product,Nano Energy,논문,2.44,10.0,55,,unknown,예,Park D.; Hong J.H.; Kim K.H.; An S.,제1·공동제1·교신,제1·교신 겸직,원문 분석(정답지),성균나노과학기술원,성균나노과학기술원,,S1
2022,90,2-s2.0-85140907280,10.3390/healthcare10101981,Effects of Augmented Reality Game-Based Cognitive–Motor Training on Restricted and Repetitive Behaviors and Executive Function in Patients with Autism Spectrum Disorder,Healthcare Switzerland,논문,2.44,10.0,47,,unknown,아니오,,,주저자 아님,원문 분석(정답지),대학 미상(rims 연결),의학과,,S2
2022,91,2-s2.0-85130815663,10.3390/s22114087,Impact of Chamber/Annealing Temperature on the Endurance Characteristic of Zr:HfO2 Ferroelectric Capacitor,Sensors,논문,2.44,10.0,46,,unknown,예,Choi Y.,제1,제1저자,원문 분석(정답지),대학 미상(rims 연결),IT융합연구원,,S1
2022,92,2-s2.0-85123968572,10.1021/acs.langmuir.1c03013,Edge Rich Ultrathin Layered MoS2Nanostructures for Superior Visible Light Photocatalytic Activity,Langmuir,논문,2.44,10.0,40,,unknown,아니오,,,주저자 아님,메타데이터 규칙,대학 미상(rims 연결),이차원양자헤테로구조체연구단,,S1
2022,93,2-s2.0-85130756634,10.3390/su14106009,Design and Implementation of Machine Vision-Based Quality Inspection System in Mask Manufacturing Process,Sustainability Switzerland,논문,2.44,10.0,40,,unknown,예,Park M.; Jeong J.,제1·교신,제1·교신 겸직,원문 분석(정답지),산학협력단,산학협력단,,S1
2022,94,2-s2.0-85129998181,10.1093/infdis/jiab598,COVID-19 Cluster Linked to Aerosol Transmission of SARS-CoV-2 via Floor Drains,Journal of Infectious Diseases,논문,2.44,10.0,35,,unknown,예,Han T.,제1,제1저자,메타데이터 규칙,대학 미상(rims 연결),의학과,,S1
2022,95,2-s2.0-85127307976,10.1039/d1ee02623b,Ferroelectrically augmented contact electrification enables efficient acoustic energy transfer through liquid and solid media†,Energy and Environmental Science,논문,2.43,10.0,54,,unknown,예,Song H.C.,교신,교신저자,메타데이터 규칙,공과대학,신소재공학부,,S1
2022,96,2-s2.0-85132412831,10.1016/j.jclepro.2022.132585,"Technical lignin to hydrogels: An Eclectic review on suitability, synthesis, applications, challenges and future prospects",Journal of Cleaner Production,논문,2.43,10.0,52,,unknown,예,Kim J.,교신,교신저자,원문 분석(정답지),공과대학,화학공학부,,S1
2022,97,2-s2.0-85125057352,10.1021/acsami.1c21479,Antiseptic Povidone-Iodine Heals the Grain Boundary of Perovskite Solar Cells,ACS Applied Materials and Interfaces,논문,2.43,10.0,45,,unknown,예,Kang D.H.; Park N.G.,제1·교신,제1·교신 겸직,메타데이터 규칙,대학 미상(rims 연결),지속가능화학공학글로벌리더양성교육연구단,,S1
2022,98,2-s2.0-85141894512,10.1097/sla.0000000000004866,Blood Salvage and Autotransfusion with Single Leukoreduction Does Not Increase the Risk of Tumor Recurrence after Liver Transplantation for Advanced Hepatocellular Carcinoma,Annals of Surgery,논문,2.42,10.0,19,,unknown,예,Kwon J.H.; Han S.,제1·공동제1·교신,제1·교신 겸직,메타데이터 규칙,의과대학,의학과,,S2
2022,99,2-s2.0-85138083612,10.1186/s40824-022-00288-0,Biomineralization of bone tissue: calcium phosphate-based inorganics in collagen fibrillar organic matrices,Biomaterials Research,리뷰,2.41,10.0,130,,unknown,예,Shin H.,교신,교신저자,원문 분석(정답지),공과대학,신소재공학부,,S1
2022,100,2-s2.0-85122277862,10.1016/j.egyr.2021.12.038,Efficiency improvement of half-tandem CIGS/perovskite solar cell by designing nano-prism nanostructure as the controllable light trapping,Energy Reports,논문,2.41,10.0,58,,unknown,예,Solhtalab N.,제1,제1저자,원문 분석(정답지),대학 미상(rims 연결),에너지과학과,,S1
2022,101,2-s2.0-85126595931,10.1016/j.cej.2022.135822,Constructing robust zincophilic–channels on Zn anode for long-life Zn-ion batteries,Chemical Engineering Journal,논문,2.41,10.0,53,,unknown,예,Kim S.; Lee Y.,제1·교신,제1·교신 겸직,원문 분석(정답지),공과대학,화학공학부,,S1
2022,102,2-s2.0-85129770153,10.1016/j.carbon.2022.05.008,Light stimulated room-temperature H2S gas sensing ability of Cl-doped carbon quantum dots supported Ag nanoparticles,Carbon,논문,2.41,10.0,48,,unknown,아니오,,,주저자 아님,원문 분석(정답지),대학 미상(rims 연결),생물물리전공,,S1
2022,103,2-s2.0-85134407637,10.1002/advs.202202465,Selective Electron Beam Patterning of Oxygen-Doped WSe2 for Seamless Lateral Junction Transistors,Advanced Science,논문,2.41,10.0,39,,unknown,예,Ngo T.D.; Choi M.S.; Yoo W.J.,제1·공동제1·교신,제1·교신 겸직,원문 분석(정답지),성균나노과학기술원,성균나노과학기술원,,S1
2022,104,2-s2.0-85123883220,10.1016/j.breast.2022.01.014,"Exploratory analysis of biomarkers associated with clinical outcomes from the study of palbociclib plus endocrine therapy in premenopausal women with hormone receptor-positive, HER2-negative metastatic breast cancer",Breast,논문,2.41,10.0,26,,unknown,예,Park K.; Park Y.H.,공동제1·교신,제1·교신 겸직,메타데이터 규칙,의과대학,의학과,,S2
2022,105,2-s2.0-85144677102,10.4168/aair.2022.14.5.549,Bifidobacterium longum and Galactooligosaccharide Improve Skin Barrier Dysfunction and Atopic Dermatitis-like Skin,Allergy Asthma and Immunology Research,논문,2.4,10.0,45,,unknown,예,Kim B.E.; Kim J.,교신,교신저자,원문 분석(정답지),의과대학,의학과,,S2
2022,106,2-s2.0-85136761289,10.1016/j.ejca.2022.07.004,TCF1+PD-1+ tumour-infiltrating lymphocytes predict a favorable response and prolonged survival after immune checkpoint inhibitor therapy for non-small-cell lung cancer,European Journal of Cancer,논문,2.4,10.0,44,,unknown,아니오,,,주저자 아님,원문 분석(정답지),의과대학,의학과,,S1
2022,107,2-s2.0-85131070329,10.1002/jmv.27871,Clinical manifestations of COVID-19 breakthrough infections: A systematic review and meta-analysis,Journal of Medical Virology,논문,2.4,10.0,27,,unknown,아니오,,,주저자 아님,원문 분석(정답지),의과대학,의학과,,S1
2022,108,2-s2.0-85144488481,10.1007/978-3-031-20044-1_34,Streamable Neural Fields,Lecture Notes in Computer Science Including Subseries Lecture Notes in Artificial Intelligence and Lecture Notes in Bioinformatics,학술대회,2.4,10.0,18,,unknown,예,Cho J.; Nam S.; Park E.,제1·공동제1·교신,제1·교신 겸직,메타데이터 규칙,정보통신대학,전자전기공학부,,S1
2022,109,2-s2.0-85125724279,10.1109/access.2022.3155231,Exponential Loss Minimization for Learning Weighted Naive Bayes Classifiers,IEEE Access,논문,2.39,10.0,40,,unknown,예,Kim T.; Lee J.S.,제1·교신,제1·교신 겸직,메타데이터 규칙,두뇌한국21사업단,자율형스마트공장교육연구단,,S1
2022,110,2-s2.0-85128455733,10.1016/j.ijheatmasstransfer.2022.122900,Effect of effusion hole arrangement on jet array impingement heat transfer,International Journal of Heat and Mass Transfer,논문,2.39,10.0,40,,unknown,예,Choi W.W.; Kim S.M.,제1·교신,제1·교신 겸직,원문 분석(정답지),공과대학,기계공학부,,S1
2022,111,2-s2.0-85139752217,10.3390/foods11193082,Egg Freshness Prediction Model Using Real-Time Cold Chain Storage Condition Based on Transfer Learning,Foods,논문,2.39,10.0,36,,unknown,예,Kim T.H.,제1,제1저자,원문 분석(정답지),대학 미상(rims 연결),생명공학과,,S1
2022,112,2-s2.0-85125564069,10.21053/ceo.2020.02313,Feasibility of Personal Sound Amplification Products in Patients With Moderate Hearing Loss: A Pilot Study,Clinical and Experimental Otorhinolaryngology,논문,2.39,10.0,14,,unknown,예,Kim G.Y.; Kim J.S.; Moon I.J.,제1·공동제1·교신,제1·교신 겸직,원문 분석(정답지),의과대학,의과대학,,S2
2022,113,2-s2.0-85128579831,10.1039/d1ee03696c,Crystal orientation-dependent etching and trapping in thermally-oxidised Cu2O photocathodes for water splitting,Energy and Environmental Science,논문,2.38,10.0,54,,unknown,아니오,,,주저자 아님,원문 분석(정답지),공과대학,화학공학부,,S1
2022,114,2-s2.0-85124230033,10.1016/j.cie.2022.107977,Semi-automatic wafer map pattern classification with convolutional neural networks,Computers and Industrial Engineering,논문,2.38,10.0,41,,unknown,예,Yoon S.; Kang S.,제1·교신,제1·교신 겸직,원문 분석(정답지),대학 미상(rims 연결),공과대학,,S1
2022,115,2-s2.0-85146557413,10.23919/iccas55662.2022.10003784,Qualitative Analysis of Single Object and Multi Object Tracking Models,International Conference on Control Automation and Systems,학술대회,2.38,10.0,14,,unknown,예,Kuc T.Y.,교신,교신저자,메타데이터 규칙,정보통신대학,전자전기공학부,,S1
2022,116,2-s2.0-85134008836,10.15441/ceem.22.230,A quick Sequential Organ Failure Assessment–negative result at triage is associated with low compliance with sepsis bundles: a retrospective analysis of a multicenter prospective registry,Clinical and Experimental Emergency Medicine,논문,2.38,10.0,13,,unknown,아니오,,,주저자 아님,원문 분석(정답지),의과대학,의학과,,S2
2022,117,2-s2.0-85140943838,10.4324/9781003161875-34,Platform economy and gig work in south korea: A special focus on naver and kakao,Routledge Handbook of the Gig Economy,단행본 장,2.38,10.0,5,,unknown,예,Kim J.H.,제1,제1저자,메타데이터 규칙,대학 미상(rims 연결),,,S1
2022,118,2-s2.0-85121222175,10.1016/j.canep.2021.102080,Uncommon EGFR mutations in non-small-cell lung cancer: A systematic literature review of prevalence and clinical outcomes,Cancer Epidemiology,리뷰,2.37,10.0,77,,unknown,아니오,,,주저자 아님,원문 분석(정답지),의과대학,의학과,,S2
2022,119,2-s2.0-85123933538,10.1021/acsnano.1c07015,"Multifunctional Cellular Targeting, Molecular Delivery, and Imaging by Integrated Mesoporous-Silica with Optical Nanocrescent Antenna: MONA",ACS Nano,논문,2.37,10.0,35,,unknown,예,Lee L.P.,교신,교신저자,메타데이터 규칙,성균융합원,성균융합원,,S1
2022,120,2-s2.0-85136883048,10.3346/jkms.2022.37.e258,"Respiratory Syncytial Virus Outbreak Without Influenza in the Second Year of the Coronavirus Disease 2019 Pandemic: A National Sentinel Surveillance in Korea, 2021–2022 Season",Journal of Korean Medical Science,논문,2.37,10.0,20,,unknown,예,Kim J.H.,제1,제1저자,원문 분석(정답지),의과대학,의학과,,S2
2022,121,2-s2.0-85136874008,10.1021/acscatal.2c02436,Electrocatalytic Radical-Polar Crossover Hydroetherification of Alkenes with Phenols,ACS Catalysis,논문,2.36,10.0,71,,unknown,예,Shin K.,교신,교신저자,메타데이터 규칙,자연과학대학,화학과,,S1
2022,122,2-s2.0-85120414539,10.1002/smll.202106487,A Microfluidic Device to Fabricate One-Step Cell Bead-Laden Hydrogel Struts for Tissue Engineering,Small,논문,2.36,10.0,49,,unknown,예,Kim J.Y.; Lee H.; Ryu D.; Kim G.H.,제1·공동제1·교신,제1·교신 겸직,원문 분석(정답지),의과대학,의학과,,S1
2022,123,2-s2.0-85122734277,10.1002/adfm.202110557,Antigen–Antibody Interaction-Derived Bioadhesion of Bacterial Cellulose Nanofibers to Promote Topical Wound Healing,Advanced Functional Materials,논문,2.36,10.0,47,,unknown,예,Kim S.; Shin M.; Kim J.W.,제1·교신,제1·교신 겸직,원문 분석(정답지),성균융합원,글로벌바이오메디컬공학과,,S1
2022,124,2-s2.0-85124686054,10.3390/ma15041300,Investigation of SiO2 Etch Characteristics by C6F6/Ar/O2 Plasmas Generated Using Inductively Coupled Plasma and Capacitively Coupled Plasma,Materials,논문,2.36,10.0,40,,unknown,예,Sung D.; Wen L.; Yeom G.,제1·공동제1·교신,제1·교신 겸직,원문 분석(정답지),대학 미상(rims 연결),공학연구원,,S1
2022,125,2-s2.0-85125182326,10.1016/j.jobe.2022.104248,A rotational friction damper-brace for seismic design of resilient framed structures,Journal of Building Engineering,논문,2.36,10.0,34,,unknown,예,Javidan M.M.; Kim J.,제1·교신,제1·교신 겸직,원문 분석(정답지),두뇌한국21사업단,리질리언트에코스마트시티인력양성교육연구단,,S1
2022,126,2-s2.0-85136925328,10.1109/compsac54236.2022.00151,Structured Pruning for Deep Convolutional Neural Networks via Adaptive Sparsity Regularization,Proceedings 2022 IEEE 46th Annual Computers Software and Applications Conference Compsac 2022,학술대회,2.36,10.0,16,,unknown,예,Shao T.; Shin D.,제1·교신,제1·교신 겸직,메타데이터 규칙,소프트웨어융합대학,소프트웨어학과,,S1
2022,127,2-s2.0-85121490457,10.1002/adma.202107364,Energy-Band Engineering by Remote Doping of Self-Assembled Monolayers Leads to High-Performance IGZO/p-Si Heterostructure Photodetectors,Advanced Materials,논문,2.34,10.0,45,,unknown,예,Woo G.; Kim T.,제1·교신,제1·교신 겸직,원문 분석(정답지),공과대학,기계공학부,,S1
2022,128,2-s2.0-85124697142,10.1016/j.apsusc.2022.152790,Revisiting the LiPON/Li thin film as a bifunctional interlayer for NASICON solid electrolyte-based lithium metal batteries,Applied Surface Science,논문,2.34,10.0,37,,unknown,예,Lee S.; Shin H.,제1·교신,제1·교신 겸직,원문 분석(정답지),성균융합원,에너지학과,,S1
2022,129,2-s2.0-85127796194,10.1186/s13244-022-01208-5,Recurrence dynamics after curative surgery in patients with invasive mucinous adenocarcinoma of the lung,Insights into Imaging,논문,2.34,10.0,24,,unknown,예,Yoon H.J.; Lee H.Y.,제1·교신,제1·교신 겸직,원문 분석(정답지),의과대학,의학과,,S1
2022,130,2-s2.0-85133907741,10.1016/j.nanoen.2022.107544,Gradient-index phononic crystal and Helmholtz resonator coupled structure for high-performance acoustic energy harvesting,Nano Energy,논문,2.33,10.0,51,,unknown,예,Kang C.Y.; Kim M.,교신,교신저자,원문 분석(정답지),공과대학,신소재공학부,,S1
2022,131,2-s2.0-85134064589,10.1016/j.nanoen.2022.107386,High-power energy harvesting and imperceptible pulse sensing through peapod-inspired hierarchically designed piezoelectric nanofibers,Nano Energy,논문,2.33,10.0,45,,unknown,아니오,,,주저자 아님,원문 분석(정답지),대학 미상(rims 연결),,,S1
2022,132,2-s2.0-85122545710,10.1016/j.adhoc.2021.102740,AI-enabled privacy-preservation phrase with multi-keyword ranked searching for sustainable edge-cloud networks in the era of industrial IoT,Ad Hoc Networks,논문,2.33,10.0,44,,unknown,예,Qureshi N.M.F.,교신,교신저자,메타데이터 규칙,대학 미상(rims 연결),,,S1
2022,133,2-s2.0-85122080663,10.1016/j.jmoldx.2021.09.008,Evaluating Targeted Next-Generation Sequencing Assays and Reference Materials for NTRK Fusion Detection,Journal of Molecular Diagnostics,논문,2.33,10.0,20,,unknown,아니오,,,주저자 아님,메타데이터 규칙,의과대학,의학과,,S2
2022,134,2-s2.0-85106436726,10.1007/s00405-021-06877-4,Learning curve and technical nuances of endoscopic skull base reconstruction with nasoseptal flap to control high-flow cerebrospinal fluid leakage: reconstruction after endoscopic skull base surgery other than pituitary surgery,European Archives of Oto Rhino Laryngology,논문,2.33,10.0,14,,unknown,예,Park W.; Hong S.D.,제1·교신,제1·교신 겸직,원문 분석(정답지),의과대학,의학과,,S2
2022,135,2-s2.0-85126604059,10.1021/acsami.2c00196,Electromagnetic Interference Shielding with 2D Copper Sulfide,ACS Applied Materials and Interfaces,논문,2.32,10.0,46,,unknown,예,Kim T.; Cha S.N.,제1·교신,제1·교신 겸직,메타데이터 규칙,자연과학대학,물리학과,,S1
2022,136,2-s2.0-85113432694,10.1016/j.jechem.2021.08.017,Inhomogeneous lithium-storage reaction triggering the inefficiency of all-solid-state batteries,Journal of Energy Chemistry,논문,2.32,10.0,45,,unknown,예,Kim J.; Yoon W.S.,제1·교신,제1·교신 겸직,원문 분석(정답지),대학 미상(rims 연결),성균융합원,,S1
2022,137,2-s2.0-85134782193,10.1016/j.buildenv.2022.109395,Life cycle assessment and costing of carbon neutral hybrid-timber building renovation systems: Three applications in the Republic of Korea,Building and Environment,논문,2.32,10.0,43,,unknown,예,Amoruso F.M.; Schuetze T.,제1·교신,제1·교신 겸직,원문 분석(정답지),공과대학,건축학과,,S1
2022,138,2-s2.0-85122277256,10.1016/j.snb.2022.131377,"Novel Co(OH)F/Zn(OH)F heterostructures for acetone gas sensor applications: Materials synthesis, characterization, and sensor performance evaluation",Sensors and Actuators B Chemical,논문,2.32,10.0,31,,unknown,예,Eom T.Y.; Lee H.J.,제1·교신,제1·교신 겸직,원문 분석(정답지),대학 미상(rims 연결),나노소재기반휴먼인터페이스융합연구센터,,S1
2022,139,2-s2.0-85128167484,10.1016/j.apcatb.2022.121368,One-pot conversion of lignocellulosic biomass to ketones and aromatics over a multifunctional Cu–Ru/ZSM-5 catalyst,Applied Catalysis B Environmental,논문,2.31,10.0,55,,unknown,예,Jaya G.T.; Insyani R.; Verma D.; Kim J.,제1·공동제1·교신,제1·교신 겸직,원문 분석(정답지),공과대학,기계공학부,,S1
2022,140,2-s2.0-85137164942,10.1038/s41419-022-05207-8,Nintedanib induces senolytic effect via STAT3 inhibition,Cell Death and Disease,논문,2.31,10.0,45,,unknown,아니오,,,주저자 아님,원문 분석(정답지),의과대학,의학과,,S2
2022,141,2-s2.0-85126143444,10.1016/j.biomaterials.2022.121466,Chemiluminescence resonance energy transfer-based immunostimulatory nanoparticles for sonoimmunotherapy,Biomaterials,논문,2.31,10.0,42,,unknown,예,Jeon J.; Park J.H.,제1·교신,제1·교신 겸직,원문 분석(정답지),대학 미상(rims 연결),공학연구원,,S1
2022,142,2-s2.0-85120317429,10.1016/j.wneu.2021.11.003,Graded Reconstruction Strategy Using a Multilayer Technique Without Lumbar Drainage After Endoscopic Endonasal Surgery,World Neurosurgery,논문,2.31,10.0,18,,unknown,예,Ha C.M.; Kong D.S.,제1·교신,제1·교신 겸직,원문 분석(정답지),의과대학,의학과,,S2
2022,143,2-s2.0-85169125230,10.1016/b978-0-323-90794-1.00003-x,Overview of natural products in nutraceutical industries,Herbs Spices and their Roles in Nutraceuticals and Functional Foods,단행본 장,2.31,10.0,8,,unknown,예,Chaudhary D.,제1,제1저자,메타데이터 규칙,미연결,,,S1
2022,144,2-s2.0-85118625716,10.1515/zaa-2022-2049,The Slimic Imagination and Elemental Eco-Horror,Zeitschrift Fur Anglistik Und Amerikanistik,논문,2.31,10.0,5,,unknown,예,Estok S.C.,제1·교신,제1·교신 겸직,메타데이터 규칙,문과대학,영어영문학과,,S1
2022,145,2-s2.0-85141359028,10.1038/s41467-022-34289-3,Anti-phase boundary accelerated exsolution of nanoparticles in non-stoichiometric perovskite thin films,Nature Communications,논문,2.3,10.0,63,,unknown,예,Xing Y.; Oh S.H.,공동제1·교신,제1·교신 겸직,원문 분석(정답지),전자화물창의소재연구소,전자화물창의소재연구소,,S1
2022,146,2-s2.0-85121204168,10.1016/j.disc.2021.112753,Extremal augmented Zagreb index of trees with given numbers of vertices and leaves,Discrete Mathematics,논문,2.3,10.0,15,,unknown,아니오,,,주저자 아님,원문 분석(정답지),자연과학대학,수학과,,S1
2023,1,2-s2.0-85129272536,10.1080/10447318.2022.2049134,Communicating the Limitations of AI: The Effect of Message Framing and Ownership on Trust in Artificial Intelligence,International Journal of Human Computer Interaction,논문,2.64,9.0,51,,unknown,예,Kim T.; Song H.,제1·교신,제1·교신 겸직,메타데이터 규칙,소프트웨어융합대학,글로벌융합학부,,S1
2023,2,2-s2.0-85159109168,10.1016/j.nanoen.2023.108512,Electrochemical direct CO2 capture technology using redox-active organic molecules to achieve carbon-neutrality,Nano Energy,논문,2.64,9.0,46,,unknown,예,Choi G.H.; Song H.J.; Yoo P.J.,제1·공동제1·교신,제1·교신 겸직,원문 분석(정답지),공과대학,화학공학부,,S1
2023,3,2-s2.0-85169813983,10.1038/s41699-023-00424-x,Unveiling the origin of n-type doping of natural MoS2: carbon,Npj 2d Materials and Applications,논문,2.64,9.0,41,,unknown,예,Li N.; Jung D.,공동제1,제1저자,원문 분석(정답지),자연과학대학,화학과,,S1
2023,4,2-s2.0-85148772713,10.1093/ageing/afad014,"Trends of polypharmacy among older people in Asia, Australia and the United Kingdom: a multinational population-based study",Age and Ageing,논문,2.64,9.0,31,,unknown,예,Lee H.; Shin J.Y.,제1·교신,제1·교신 겸직,메타데이터 규칙,일반대학원,제약산업학과,,S1
2023,5,2-s2.0-85149788875,10.1145/3579990.3580015,Accelerating Deep Neural Networks on Mobile Multicore NPUs,Cgo 2023 Proceedings of the 21st ACM IEEE International Symposium on Code Generation and Optimization,학술대회,2.64,9.0,9,,unknown,아니오,,,주저자 아님,메타데이터 규칙,소프트웨어융합대학,소프트웨어학과,,S1
2023,6,2-s2.0-85159646331,10.1109/jsyst.2023.3262593,Efficient Contrast Adjustment and Fusion Method for Underexposed Images in Industrial Cyber-Physical Systems,IEEE Systems Journal,논문,2.63,9.0,41,,unknown,예,Muhammad K.,교신,교신저자,메타데이터 규칙,소프트웨어융합대학,글로벌융합학부,,S1
2023,7,2-s2.0-85154564296,10.1038/s12276-023-00987-1,Epigenetic regulation of SMAD3 by histone methyltransferase SMYD2 promotes lung cancer metastasis,Experimental and Molecular Medicine,논문,2.63,9.0,32,,unknown,예,Han T.S.; Son M.Y.; Cho H.S.,공동제1·교신,제1·교신 겸직,원문 분석(정답지),의과대학,의과대학,,S1
2023,8,2-s2.0-85172164274,10.1007/s12272-023-01468-9,"Anti-osteoporosis effects of triterpenoids from the fruit of sea buckthorn (Hippophae rhamnoides) through the promotion of osteoblast differentiation in mesenchymal stem cells, C3H10T1/2",Archives of Pharmacal Research,논문,2.63,9.0,30,,unknown,예,Lee D.E.; Park K.H.; Park K.M.; Kim K.H.,제1·공동제1·교신,제1·교신 겸직,메타데이터 규칙,대학 미상(rims 연결),성균나노과학기술원,,S1
2023,9,2-s2.0-85166930606,10.13004/kjnt.2023.19.e25,Optimizing Mannitol Use in Managing Increased Intracranial Pressure: A Comprehensive Review of Recent Research and Clinical Experiences,Korean Journal of Neurotrauma,리뷰,2.63,9.0,27,,unknown,아니오,,,주저자 아님,원문 분석(정답지),대학 미상(rims 연결),의학과,,S2
2023,10,2-s2.0-85147801247,10.3390/healthcare11030431,Framework for Adoption of Next-Generation Sequencing (NGS) Globally in the Oncology Area,Healthcare Switzerland,논문,2.63,9.0,25,,unknown,아니오,,,주저자 아님,원문 분석(정답지),의과대학,의학과,,S1
2023,11,2-s2.0-85169073770,10.5217/ir.2022.00135,Treatment of inflammatory bowel disease–Asian perspectives: the results of a multinational web-based survey in the 8th Asian Organization for Crohn’s and Colitis meeting,Intestinal Research,논문,2.63,9.0,25,,unknown,아니오,,,주저자 아님,원문 분석(정답지),의과대학,의학과,,S2
2023,12,2-s2.0-85135158476,10.1097/sla.0000000000005414,Validation of the IASLC Residual Tumor Classification in Patients with Stage III-N2 Non-Small Cell Lung Cancer Undergoing Neoadjuvant Chemoradiotherapy Followed by Surgery,Annals of Surgery,논문,2.63,9.0,16,,unknown,예,Lee J.; Cho J.; Kim H.K.,제1·공동제1·교신,제1·교신 겸직,메타데이터 규칙,의과대학,의학과,,S1
2023,13,2-s2.0-85142903158,10.1007/s43207-022-00261-6,Facile and low-temperature synthesis approach to fabricate Sm0.5Sr0.5CoO3−δ cathode material for solid oxide fuel cell,Journal of the Korean Ceramic Society,논문,2.62,9.0,43,,unknown,예,Ahmed S.; Khan M.K.,제1·교신,제1·교신 겸직,원문 분석(정답지),공과대학,공과대학,,S1
2023,14,2-s2.0-85165482367,10.1103/physrevlett.131.011803,Probing Heavy Majorana Neutrinos and the Weinberg Operator through Vector Boson Fusion Processes in Proton-Proton Collisions at Formula Presented,Physical Review Letters,논문,2.62,9.0,36,,unknown,아니오,,,주저자 아님,검증 불가 대형(저자 목록 잘림·컨소시엄),대학 미상(rims 연결),기초과학연구원,,S1
2023,15,2-s2.0-85152532544,10.1016/j.ebiom.2023.104566,"Circulating markers of microbial translocation and host response to bacteria with risk of colorectal cancer: a prospective, nested case-control study in men",Ebiomedicine,논문,2.62,9.0,28,,unknown,아니오,,,주저자 아님,원문 분석(정답지),생명공학대학,식품생명공학과,,S1
2023,16,2-s2.0-85153426687,10.1016/b978-0-443-19180-0.00017-1,Forward osmosis: Principle and applications in sustainable water and energy development,Current Developments in Biotechnology and Bioengineering Membrane Technology for Sustainable Water and Energy Management,단행본 장,2.62,9.0,6,,unknown,예,Nguyen D.V.,제1,제1저자,원문 분석(정답지),대학 미상(rims 연결),학술연구분야(환경공학전공),,S1
2023,17,2-s2.0-85150805362,10.1007/978-981-19-7376-5_1,Neuron-Microglia Crosstalk in Neuropsychiatric Disorders,Advances in Experimental Medicine and Biology,단행본 장,2.62,9.0,6,,unknown,예,Jeon S.W.,제1,제1저자,메타데이터 규칙,의과대학,의학과,,S2
2023,18,2-s2.0-85147145159,10.4093/dmj.2022.0271,Advances in Continuous Glucose Monitoring and Integrated Devices for Management of Diabetes with Insulin-Based Therapy: Improvement in Glycemic Control,Diabetes and Metabolism Journal,리뷰,2.61,9.0,73,,unknown,예,Yoo J.H.; Kim J.H.,제1·교신,제1·교신 겸직,원문 분석(정답지),의과대학,의학과,,S1
2023,19,2-s2.0-85147295270,10.1002/adma.202207138,Multiplexed Ultrasensitive Sample-to-Answer RT-LAMP Chip for the Identification of SARS-CoV-2 and Influenza Viruses,Advanced Materials,논문,2.61,9.0,40,,unknown,예,Lee L.P.,교신,교신저자,원문 분석(정답지),성균융합원,성균융합원,,S1
2023,20,2-s2.0-85177598458,10.1016/j.mtcomm.2023.107378,Retard the corrosion reaction of carbon steel in acid solutions using Gemini-nonionic surfactant: Theoretical and experimental studies,Materials Today Communications,논문,2.61,9.0,40,,unknown,예,El Basiony N.M.; Hafez E.; Kim D.H.,제1·공동제1·교신,제1·교신 겸직,원문 분석(정답지),공과대학,화학공학부,,S1
2023,21,2-s2.0-85167533672,10.1186/s13054-023-04603-6,Different neuroprognostication thresholds of neuron-specific enolase in shockable and non-shockable out-of-hospital cardiac arrest: a prospective multicenter observational study in Korea (the KORHN-PRO registry),Critical Care,논문,2.61,9.0,28,,unknown,아니오,,,주저자 아님,원문 분석(정답지),의과대학,의학과,,S2
2023,22,2-s2.0-85184287429,,Learning Missing Modal Electronic Health Records with Unified Multi-modal Data Embedding and Modality-Aware Attention,Proceedings of Machine Learning Research,학술대회,2.61,9.0,21,,unknown,아니오,,,주저자 아님,메타데이터 규칙,미연결,,,S1
2023,23,2-s2.0-85151843675,10.4082/kjfm.22.0133,Association of Coffee or Green Tea with Ferritin or Hemoglobin in Premenopausal Women,Korean Journal of Family Medicine,논문,2.61,9.0,12,,unknown,예,Lee D.; Shin D.W.,제1·교신,제1·교신 겸직,원문 분석(정답지),의과대학,의학과,,S1
2023,24,2-s2.0-85165268993,10.1038/s41380-023-02173-1,White matter alterations in Attention-Deficit/Hyperactivity Disorder (ADHD): a systematic review of 129 diffusion imaging studies with meta-analysis,Molecular Psychiatry,리뷰,2.6,9.0,79,,unknown,아니오,,,주저자 아님,메타데이터 규칙,대학 미상(rims 연결),,,S1
2023,25,2-s2.0-85140802146,10.1016/j.jechem.2022.09.018,MXene ink hosting zinc anode for high performance aqueous zinc metal batteries,Journal of Energy Chemistry,논문,2.6,9.0,42,,unknown,예,Park J.M.; Park H.S.,제1·교신,제1·교신 겸직,원문 분석(정답지),대학 미상(rims 연결),기초과학연구원,,S1
2023,26,2-s2.0-85147037908,10.1039/d2ee03114k,Electric-field-driven interfacial trapping of drifting triboelectric charges via contact electrification,Energy and Environmental Science,논문,2.6,9.0,42,,unknown,예,Kim J.K.; Baik J.M.,제1·교신,제1·교신 겸직,메타데이터 규칙,공과대학,신소재공학부,,S1
2023,27,2-s2.0-85166775485,10.1021/acsenergylett.3c00953,Ultrasound-Driven Triboelectric Nanogenerator with Biocompatible 2-Hydroxyethyl Methacrylate,ACS Energy Letters,논문,2.6,9.0,40,,unknown,아니오,,,주저자 아님,메타데이터 규칙,대학 미상(rims 연결),신소재공학전공,,S1
2023,28,2-s2.0-85160445675,10.3390/s23104980,WM–STGCN: A Novel Spatiotemporal Modeling Method for Parkinsonian Gait Recognition,Sensors,논문,2.6,9.0,35,,unknown,예,Zhang J.; Chung T.M.,제1·교신,제1·교신 겸직,원문 분석(정답지),일반대학원,인터랙션사이언스학과,,S1
2023,29,2-s2.0-85180284036,10.1103/physrevd.108.103537,Probing the inflationary moduli space with gravitational waves,Physical Review D,논문,2.6,9.0,30,,unknown,예,Kawai S.,제1,제1저자,메타데이터 규칙,자연과학대학,물리학과,,S1
2023,30,2-s2.0-85179937139,10.1103/physrevd.108.072004,Search for the lepton-flavor violating decay of the Higgs boson and additional Higgs bosons in the Formula Presented final state in proton-proton collisions at Formula Presented,Physical Review D,논문,2.6,9.0,29,,unknown,아니오,,,주저자 아님,검증 불가 대형(저자 목록 잘림·컨소시엄),대학 미상(rims 연결),기초과학연구원,,S1
2023,31,2-s2.0-85174914881,10.1140/epjc/s10052-023-12050-4,Measurement of the top quark mass using a profile likelihood approach with the lepton + jets final states in proton–proton collisions at √s=13TeV,European Physical Journal C,논문,2.6,9.0,26,,unknown,아니오,,,주저자 아님,검증 불가 대형(저자 목록 잘림·컨소시엄),자연과학대학,물리학과,,S1
2023,32,2-s2.0-85151374156,10.1016/j.jcin.2023.01.366,Abbreviated or Standard Antiplatelet Therapy in HBR Patients: Final 15-Month Results of the MASTER-DAPT Trial,Jacc Cardiovascular Interventions,논문,2.6,9.0,26,,unknown,아니오,,,주저자 아님,원문 분석(정답지),의과대학,의학과,,S2
2023,33,2-s2.0-85170561595,10.1089/dia.2023.0165,Association Between Continuous Glucose Monitoring-Derived Glycemia Risk Index and Albuminuria in Type 2 Diabetes,Diabetes Technology and Therapeutics,논문,2.6,9.0,22,,unknown,예,Kim J.H.,교신,교신저자,메타데이터 규칙,의과대학,의학과,,S1
2023,34,2-s2.0-85149118440,10.1109/icce56470.2023.10043469,An Efficient F2FS GC Scheme for Improving I/O Latency of Foreground Applications,Digest of Technical Papers IEEE International Conference on Consumer Electronics,학술대회,2.6,9.0,5,,unknown,예,Lee M.,제1,제1저자,메타데이터 규칙,대학 미상(rims 연결),지속가능ICT미래인재교육연구단,,S1
2023,35,2-s2.0-85165617057,10.1016/j.jhepr.2023.100810,Metabolic dysfunction-associated fatty liver disease and the risk of hepatocellular carcinoma,Jhep Reports,논문,2.59,9.0,32,,unknown,예,Song B.G.; Choi S.C.; Sinn D.H.,제1·공동제1·교신,제1·교신 겸직,원문 분석(정답지),의과대학,의학과,,S1
2023,36,2-s2.0-85171769853,10.1016/j.artmed.2023.102654,Real-world prediction of preclinical Alzheimer's disease with a deep generative model,Artificial Intelligence in Medicine,논문,2.59,9.0,32,,unknown,아니오,,,주저자 아님,원문 분석(정답지),의과대학,의과대학,,S2
2023,37,2-s2.0-85173546968,10.15441/ceem.23.065,Hemodynamic management of septic shock: beyond the Surviving Sepsis Campaign guidelines,Clinical and Experimental Emergency Medicine,리뷰,2.59,9.0,30,,unknown,아니오,,,주저자 아님,원문 분석(정답지),의과대학,의학과,,S2
2023,38,2-s2.0-85179307054,10.3390/plants12233970,Global Natural Products Social (GNPS)-Based Molecular-Networking-Guided Isolation of Phenolic Compounds from Ginkgo biloba Fruits and the Identification of Estrogenic Phenolic Glycosides,Plants,논문,2.59,9.0,25,,unknown,예,Huo C.; Kim K.H.,제1·교신,제1·교신 겸직,원문 분석(정답지),대학 미상(rims 연결),약학연구원,,S1
2023,39,2-s2.0-85177435226,10.9758/cpn.23.1049,Reliability and Validity of the Korean Version of the Brief Resilience Scale,Clinical Psychopharmacology and Neuroscience,논문,2.59,9.0,22,,unknown,예,Jeon S.W.,교신,교신저자,원문 분석(정답지),의과대학,의학과,,S2
2023,40,2-s2.0-85166598826,10.1186/s12916-023-03005-3,"Racial differences in long-term social, physical, and psychological health among adolescent and young adult cancer survivors",BMC Medicine,논문,2.59,9.0,20,,unknown,예,Kim S.; Kang D.,제1·교신,제1·교신 겸직,원문 분석(정답지),삼성융합의과학원,삼성융합의과학원,,S1
2023,41,2-s2.0-85172254754,10.1001/jamanetworkopen.2023.35797,Sodium-Glucose Cotransporter 2 Inhibitors vs Incretin-Based Drugs and Risk of Fractures for Type 2 Diabetes,JAMA Network Open,논문,2.59,9.0,20,,unknown,예,Ko H.Y.,제1,제1저자,원문 분석(정답지),일반대학원,바이오헬스규제과학과,,S1
2023,42,2-s2.0-85168148901,10.1145/3579856.3582823,A Transformer-based Function Symbol Name Inference Model from an Assembly Language for Binary Reversing,Proceedings of the ACM Conference on Computer and Communications Security,학술대회,2.59,9.0,18,,unknown,예,Kim H.; Koo H.,제1·교신,제1·교신 겸직,메타데이터 규칙,소프트웨어융합대학,소프트웨어학과,,S1
2023,43,2-s2.0-85148025521,10.1016/j.apcatb.2023.122456,Catalytic activity for direct CO2 hydrogenation to dimethyl ether with different proximity of bifunctional Cu-ZnO-Al2O3 and ferrierite,Applied Catalysis B Environmental,논문,2.58,9.0,45,,unknown,예,Wang X.; Jeong S.Y.; Bae J.W.,제1·공동제1·교신,제1·교신 겸직,원문 분석(정답지),대학 미상(rims 연결),,,S1
2023,44,2-s2.0-85148773046,10.3348/kjr.2022.0395,Complications Related to Transarterial Treatment of Hepatocellular Carcinoma: A Comprehensive Review,Korean Journal of Radiology,리뷰,2.58,9.0,40,,unknown,예,Hyun D.,교신,교신저자,원문 분석(정답지),의과대학,의과대학,,S2
2023,45,2-s2.0-85173099145,10.1016/j.mtener.2023.101401,Light management in perovskite solar cells,Materials Today Energy,논문,2.58,9.0,39,,unknown,예,Jung S.K.; Park N.G.; Lee J.W.,제1·교신,제1·교신 겸직,원문 분석(정답지),공과대학,화학공학부,,S1
2023,46,2-s2.0-85172156406,10.1016/j.bios.2023.115710,A self-powered photoelectrochemical biosensing platform for H-FABP monitoring mediated by CsPbBr3@COF–V,Biosensors and Bioelectronics,논문,2.58,9.0,33,,unknown,예,Wei Q.,교신,교신저자,원문 분석(정답지),자연과학대학,화학과,,S1
2023,47,2-s2.0-85135246199,10.1109/tcbb.2022.3191387,Multimodal-Boost: Multimodal Medical Image Super-Resolution Using Multi-Attention Network With Wavelet Transform,IEEE ACM Transactions on Computational Biology and Bioinformatics,논문,2.58,9.0,31,,unknown,예,Qureshi N.M.F.,교신,교신저자,메타데이터 규칙,사범대학,컴퓨터교육과,,S1
2023,48,2-s2.0-85145047313,10.1007/s11370-022-00451-5,Hybrid impedance and admittance control of robot manipulator with unknown environment,Intelligent Service Robotics,논문,2.58,9.0,31,,unknown,예,Rhee I.; Choi H.R.,제1·교신,제1·교신 겸직,원문 분석(정답지),대학 미상(rims 연결),공학연구원,,S1
2023,49,2-s2.0-85149179288,10.1093/eurjpc/zwac271,Lipoprotein(a)-related cardiovascular and all-cause mortalities in Korean adults,European Journal of Preventive Cardiology,논문,2.58,9.0,26,,unknown,예,Kim B.J.,제1·교신,제1·교신 겸직,메타데이터 규칙,의과대학,의학과,,S2
2023,50,2-s2.0-85171901639,10.1097/lvt.0000000000000126,Validation of MELD 3.0 scoring system in East Asian patients with cirrhosis awaiting liver transplantation,Liver Transplantation,논문,2.58,9.0,22,,unknown,예,Sinn D.H.,공동제1·교신,제1·교신 겸직,메타데이터 규칙,의과대학,의학과,,S2
2023,51,2-s2.0-85168318652,10.1038/s41598-023-40611-w,Advances in methylation analysis of liquid biopsy in early cancer detection of colorectal and lung cancer,Scientific Reports,논문,2.57,9.0,45,,unknown,예,Shin S.H.; Um S.W.,공동제1·교신,제1·교신 겸직,원문 분석(정답지),의과대학,의학과,,S2
2023,52,2-s2.0-85152681400,10.1002/adfm.202301651,Achieving Ultrahigh Electron Mobility in PdSe2 Field-Effect Transistors via Semimetal Antimony as Contacts,Advanced Functional Materials,논문,2.57,9.0,39,,unknown,예,Wang Z.; Yoo W.J.,제1·교신,제1·교신 겸직,원문 분석(정답지),대학 미상(rims 연결),성균나노과학기술원,,S1
2023,53,2-s2.0-85148962358,10.1109/access.2023.3244017,A Study on 3D Human Pose Estimation Using Through-Wall IR-UWB Radar and Transformer,IEEE Access,논문,2.57,9.0,36,,unknown,예,Kim G.W.; Lee S.W.; Choi K.W.,제1·공동제1·교신,제1·교신 겸직,메타데이터 규칙,정보통신대학,전자전기공학부,,S1
2023,54,2-s2.0-85149848357,10.1016/j.optmat.2023.113660,Synthesis and optical properties of light-emitting V2N MXene quantum dots,Optical Materials,논문,2.57,9.0,30,,unknown,예,Akhtar S.; Kim J.,제1·교신,제1·교신 겸직,원문 분석(정답지),대학 미상(rims 연결),나노튜브및나노복합구조연구센터,,S1
2023,55,2-s2.0-85159231450,10.1016/j.phymed.2023.154818,"Anti-inflammatory effect and metabolic mechanism of BS012, a mixture of Asarum sieboldii, Platycodon grandiflorum, and Cinnamomum cassia extracts, on atopic dermatitis in vivo and in vitro",Phytomedicine,논문,2.57,9.0,26,,unknown,아니오,,,주저자 아님,원문 분석(정답지),대학 미상(rims 연결),국가혁신성장선도미래약학인재양성교육연구단,,S1
2023,56,2-s2.0-85167425034,10.1007/s41918-023-00186-6,Pathways of the Electrochemical Nitrogen Reduction Reaction: From Ammonia Synthesis to Metal-N2 Batteries,Electrochemical Energy Reviews,리뷰,2.56,9.0,109,,unknown,예,Kim J.K.,교신,교신저자,원문 분석(정답지),공과대학,화학공학부,,S1
2023,57,2-s2.0-85147095403,10.1016/j.jobe.2023.105961,Calibration method for sensor drifting bias in data center cooling system using Bayesian Inference coupling with Autoencoder,Journal of Building Engineering,논문,2.56,9.0,35,,unknown,아니오,,,주저자 아님,원문 분석(정답지),공과대학,건설환경공학부,,S1
2023,58,2-s2.0-85179721688,10.1007/s42114-023-00809-y,Autonomous self-healing wearable flexible heaters enabled by innovative MXene/polycaprolactone composite fibrous networks and silver nanowires,Advanced Composites and Hybrid Materials,논문,2.56,9.0,34,,unknown,예,Choi S.B.; Joo J.; Kim J.W.,제1·교신,제1·교신 겸직,메타데이터 규칙,대학 미상(rims 연결),공학연구원,,S1
2023,59,2-s2.0-85166263556,10.1016/j.buildenv.2023.110652,In situ model fusion for building digital twinning,Building and Environment,논문,2.55,9.0,38,,unknown,예,Yoon S.,제1·교신,제1·교신 겸직,원문 분석(정답지),공과대학,건설환경공학부,,S1
2023,60,2-s2.0-85173589839,10.3390/cancers15184556,Enhancing Lung Cancer Classification through Integration of Liquid Biopsy Multi-Omics Data with Machine Learning Techniques,Cancers,논문,2.55,9.0,33,,unknown,아니오,,,주저자 아님,원문 분석(정답지),의과대학,의학과,,S2
2023,61,2-s2.0-85171392774,10.1158/1078-0432.ccr-22-3769,Determinants of Survival with Combined HER2 and PD-1 Blockade in Metastatic Esophagogastric Cancer,Clinical Cancer Research,논문,2.55,9.0,32,,unknown,아니오,,,주저자 아님,메타데이터 규칙,의과대학,의학과,,S1
2023,62,2-s2.0-85154557313,10.1038/s12276-023-00993-3,Sex differences in the progression of glucose metabolism dysfunction in Alzheimer’s disease,Experimental and Molecular Medicine,논문,2.55,9.0,31,,unknown,예,Park J.C.,제1,제1저자,원문 분석(정답지),일반대학원,생명물리학과,,S1
2023,63,2-s2.0-85150616306,10.1038/s12276-023-00949-7,Mesenchymal stem cell-derived extracellular vesicles subvert Th17 cells by destabilizing RORγt through posttranslational modification,Experimental and Molecular Medicine,논문,2.55,9.0,31,,unknown,아니오,,,주저자 아님,원문 분석(정답지),대학 미상(rims 연결),디지털헬스학과,,S2
2023,64,2-s2.0-85164733911,10.1016/j.jpsychires.2023.06.033,"The eleven-item Alcohol, Smoking and Substance Involvement Screening Test (ASSIST-11): Cross-cultural psychometric evaluation across 42 countries",Journal of Psychiatric Research,논문,2.55,9.0,28,,unknown,아니오,,,주저자 아님,메타데이터 규칙,미연결,,,S1
2023,65,2-s2.0-85151425063,10.1016/j.chb.2023.107767,Academic stress and first-/third-person shooter game addiction in a large adolescent sample: A serial mediation model with depression and impulsivity,Computers in Human Behavior,논문,2.55,9.0,26,,unknown,예,Mun I.B.,제1·교신,제1·교신 겸직,원문 분석(정답지),미디어문화융합대학원,미디어문화융합대학원,,S1
2023,66,2-s2.0-85149973063,10.1007/s10639-023-11704-w,I know my teammates: the role of Group Member Familiarity in Computer-Supported and face-to-face collaborative learning,Education and Information Technologies,논문,2.55,9.0,24,,unknown,예,Zhang S.; Kim J.H.,제1·교신,제1·교신 겸직,원문 분석(정답지),소프트웨어융합대학,글로벌융합학부,,S1
2023,67,2-s2.0-85142670225,10.1016/j.jpowsour.2022.232418,Ether-free sulfonated poly(fluorene biphenyl indole) membranes and ionomer binders for proton exchange membrane fuel cells,Journal of Power Sources,논문,2.54,9.0,38,,unknown,예,Vu Dong T.; Kim D.,제1·교신,제1·교신 겸직,원문 분석(정답지),공과대학,화학공학부,,S1
2023,68,2-s2.0-85171788182,10.1109/icse48619.2023.00043,Learning Seed-Adaptive Mutation Strategies for Greybox Fuzzing,Proceedings International Conference on Software Engineering,학술대회,2.54,9.0,38,,unknown,예,Cha S.,교신,교신저자,메타데이터 규칙,소프트웨어융합대학,소프트웨어학과,,S1
2023,69,2-s2.0-85146804272,10.3390/math11020257,Assisting Glaucoma Screening Process Using Feature Excitation and Information Aggregation Techniques in Retinal Fundus Images,Mathematics,논문,2.54,9.0,18,,unknown,예,Lee S.W.,교신,교신저자,원문 분석(정답지),의과대학,의학과,,S1
2023,70,2-s2.0-85145341207,10.1016/j.cej.2022.141250,Surface-preferred crystal plane induced by supramolecular cyclodextrin additive for highly reversible aqueous zinc metal batteries,Chemical Engineering Journal,논문,2.53,9.0,46,,unknown,예,Wang G.; Park H.S.,제1·교신,제1·교신 겸직,원문 분석(정답지),대학 미상(rims 연결),공학연구원,,S1
2023,71,2-s2.0-85147863774,10.1016/j.cej.2023.141706,Intercalation of bilayered V2O5 by electronically coupled PEDOT for greatly improved kinetic performance of magnesium ion battery cathodes,Chemical Engineering Journal,논문,2.53,9.0,46,,unknown,예,Joe Y.S.; Kang M.S.; Park H.S.,제1·공동제1·교신,제1·교신 겸직,원문 분석(정답지),공과대학,화학공학부,,S1
2023,72,2-s2.0-85164116300,10.1002/advs.202300925,Highly Efficient Van Der Waals Heterojunction on Graphdiyne toward the High-Performance Photodetector,Advanced Science,논문,2.53,9.0,31,,unknown,예,Do D.P.; Kim J.H.; Lee H.,제1·교신,제1·교신 겸직,원문 분석(정답지),창의연구소,창의연구소,,S1
2023,73,2-s2.0-85163156510,10.7150/ijbs.80743,Dendropanoxide Alleviates Thioacetamide-induced Hepatic Fibrosis via Inhibition of ROS Production and Inflammation in BALB/C Mice,International Journal of Biological Sciences,논문,2.53,9.0,27,,unknown,예,Kundu A.; Kim H.S.,제1·교신,제1·교신 겸직,원문 분석(정답지),약학대학,약학과,,S1
2023,74,2-s2.0-85147259292,10.1016/j.tele.2023.101948,Can book covers help predict bestsellers using machine learning approaches?,Telematics and Informatics,논문,2.53,9.0,21,,unknown,예,Lee S.; Park E.,제1·교신,제1·교신 겸직,원문 분석(정답지),소프트웨어융합대학,글로벌융합학부,,S1
2023,75,2-s2.0-85170391679,10.24963/ijcai.2023/469,Guide to Control: Offline Hierarchical Reinforcement Learning Using Subgoal Generation for Long-Horizon and Sparse-Reward Tasks,Ijcai International Joint Conference on Artificial Intelligence,학술대회,2.53,9.0,16,,unknown,예,Shin W.; Kim Y.,제1·교신,제1·교신 겸직,원문 분석(정답지),소프트웨어융합대학,소프트웨어융합대학,,S1
2023,76,2-s2.0-85148298077,10.1063/5.0097704,Additive engineering for highly efficient and stable perovskite solar cells,Applied Physics Reviews,리뷰,2.52,9.0,96,,unknown,예,Lee D.K.; Park N.G.,제1·교신,제1·교신 겸직,메타데이터 규칙,대학 미상(rims 연결),공학연구원,,S1
2023,77,2-s2.0-85180789485,10.1126/sciadv.adi3770,JAK3 inhibitor suppresses multipotent ILC2s and attenuates steroid-resistant asthma,Science Advances,논문,2.52,9.0,44,,unknown,예,Kim H.Y.,교신,교신저자,원문 분석(정답지),자연과학대학,생명과학과,,S1
2023,78,2-s2.0-85179127141,10.1016/j.procs.2023.09.025,AI-Smart Factory: Design and verification of Korean SME AI smart factory using level diagnosis system,Procedia Computer Science,학술대회,2.52,9.0,9,,unknown,예,Park B.; Jong-Pil J.,제1·교신,제1·교신 겸직,원문 분석(정답지),일반대학원,스마트팩토리융합학과,,S1
2023,79,2-s2.0-85147106051,10.1021/acs.accounts.2c00670,Multiple Stepwise Synthetic Pathways toward Complex Plasmonic 2D and 3D Nanoframes for Generation of Electromagnetic Hot Zones in a Single Entity,Accounts of Chemical Research,논문,2.51,9.0,47,,unknown,예,Jung I.; Park S.,제1·교신,제1·교신 겸직,메타데이터 규칙,대학 미상(rims 연결),기초과학연구원,,S1
2023,80,2-s2.0-85169148414,10.1002/smll.202305201,Ultrafine Pt Nanoparticles Anchored on 2D Metal−Organic Frameworks as Multifunctional Electrocatalysts for Water Electrolysis and Zinc–Air Batteries,Small,논문,2.51,9.0,38,,unknown,아니오,,,주저자 아님,원문 분석(정답지),일반대학원,신소재공학과,,S1
2023,81,2-s2.0-85164839983,10.1007/jhep05(2023)228,Search for long-lived particles decaying to a pair of muons in proton-proton collisions at √s = 13 TeV,Journal of High Energy Physics,논문,2.51,9.0,30,,unknown,아니오,,,주저자 아님,검증 불가 대형(저자 목록 잘림·컨소시엄),대학 미상(rims 연결),기초과학연구원,,S1
2023,82,2-s2.0-85170217266,10.1007/jhep07(2023)091,Measurement of the Higgs boson inclusive and differential fiducial production cross sections in the diphoton decay channel with pp collisions at s = 13 TeV,Journal of High Energy Physics,논문,2.51,9.0,28,,unknown,아니오,,,주저자 아님,검증 불가 대형(저자 목록 잘림·컨소시엄),대학 미상(rims 연결),기초과학연구원,,S1
2023,83,2-s2.0-85143659602,10.1142/s0192415x2350012x,20(S)-Protopanaxadiol from Panax ginseng Induces Apoptosis and Autophagy in Gastric Cancer Cells by Inhibiting Src,American Journal of Chinese Medicine,논문,2.51,9.0,17,,unknown,예,Song C.; Kim H.G.; Cho J.Y.,제1·교신,제1·교신 겸직,메타데이터 규칙,생체분자제어연구소,생체분자제어연구소,,S1
2023,84,2-s2.0-85147312984,10.15252/embr.202255681,FTO negatively regulates the cytotoxic activity of natural killer cells,EMBO Reports,논문,2.5,9.0,35,,unknown,예,Kim T.D.,교신,교신저자,원문 분석(정답지),대학 미상(rims 연결),,,S1
2023,85,2-s2.0-85159331700,10.4168/aair.2023.15.2.186,Alterations of Epidermal Lipid Profiles and Skin Microbiome in Children with Atopic Dermatitis,Allergy Asthma and Immunology Research,논문,2.5,9.0,30,,unknown,예,Kim J.; Kim B.E.; Ahn K.,제1·공동제1·교신,제1·교신 겸직,원문 분석(정답지),의과대학,의학과,,S1
2023,86,2-s2.0-85144437691,10.1016/j.tranpol.2022.12.014,Decomposing neighborhood disparities in bicycle crashes: A Gelbach decomposition analysis,Transport Policy,논문,2.5,9.0,20,,unknown,예,Shin E.J.,제1·교신,제1·교신 겸직,원문 분석(정답지),국정전문대학원,국정전문대학원,,S1
2023,87,2-s2.0-85159278957,10.3390/ijms24098226,Naturally-Occurring Tyrosinase Inhibitors Classified by Enzyme Kinetics and Copper Chelation,International Journal of Molecular Sciences,리뷰,2.49,9.0,93,,unknown,예,Kim H.D.; Choi H.; Kim C.H.,제1·공동제1·교신,제1·교신 겸직,원문 분석(정답지),대학 미상(rims 연결),기초과학연구원,,S1
2023,88,2-s2.0-85174042840,10.1016/j.jii.2023.100532,In situ virtual sensors in building digital twins: framework and methodology,Journal of Industrial Information Integration,논문,2.49,9.0,40,,unknown,예,Yoon S.,제1·교신,제1·교신 겸직,원문 분석(정답지),공과대학,건설환경공학부,,S1
2023,89,2-s2.0-85144287515,10.1002/adfm.202210571,"Body-Patchable, Antimicrobial, Encodable TENGs with Ultrathin, Free-Standing, Translucent Chitosan/Alginate/Silver Nanocomposite Multilayers",Advanced Functional Materials,논문,2.49,9.0,39,,unknown,예,Choi D.,교신,교신저자,원문 분석(정답지),대학 미상(rims 연결),인간중심융합기계솔루션미래인재양성교육연구단,,S1
2023,90,2-s2.0-85169669832,10.1002/adfm.202308577,Tailoring the Functionality of Additives for Enhancing the Stability of Perovskite Solar Cells,Advanced Functional Materials,논문,2.49,9.0,39,,unknown,예,Zhang Y.; Park N.G.,제1·교신,제1·교신 겸직,원문 분석(정답지),공과대학,화학공학부,,S1
2023,91,2-s2.0-85149173242,10.1093/cercor/bhac172,Long-range functional connections mirror and link microarchitectural and cognitive hierarchies in the human brain,Cerebral Cortex,논문,2.49,9.0,35,,unknown,아니오,,,주저자 아님,메타데이터 규칙,성균융합원,글로벌바이오메디컬공학과,,S1
2023,92,2-s2.0-85141585615,10.1007/s40747-022-00906-3,Memory-based crowd-aware robot navigation using deep reinforcement learning,Complex and Intelligent Systems,논문,2.49,9.0,30,,unknown,예,Samsani S.S.; Muhammad M.S.,제1·교신,제1·교신 겸직,원문 분석(정답지),일반대학원,전자전기컴퓨터공학과,,S1
2023,93,2-s2.0-85138377419,10.1080/10192557.2022.2117483,"Use of personal information for artificial intelligence learning data under the Personal Information Protection Act: the case of Lee-Luda, an artificial-intelligence chatbot in South Korea",Asia Pacific Law Review,논문,2.49,9.0,11,,unknown,예,Namgung J.H.,교신,교신저자,메타데이터 규칙,법학전문대학원,법학전문대학원,,S1
2023,94,2-s2.0-85150593634,10.5217/ir.2022.00029,Korean clinical practice guidelines on biologics for moderate to severe Crohn’s disease,Intestinal Research,리뷰,2.48,9.0,48,,unknown,아니오,,,주저자 아님,원문 분석(정답지),의과대학,의학과,,S2
2023,95,2-s2.0-85145616555,10.1186/s40537-022-00674-4,CRNet: a multimodal deep convolutional neural network for customer revisit prediction,Journal of Big Data,논문,2.48,9.0,38,,unknown,예,Park E.,제1·교신,제1·교신 겸직,원문 분석(정답지),소프트웨어융합대학,글로벌융합학부,,S1
2023,96,2-s2.0-85154041557,10.1021/acs.nanolett.2c05010,Unveiling Hierarchical Dendritic Co3O4-SnO2 Heterostructure for Efficient Water Purification,Nano Letters,논문,2.48,9.0,36,,unknown,예,Liu X.,공동제1·교신,제1·교신 겸직,메타데이터 규칙,대학 미상(rims 연결),유기화학전공,,S1
2023,97,2-s2.0-85146043330,10.1021/acsnano.2c08615,In Situ Synthesis of Two-Dimensional Lateral Semiconducting-Mo:Se//Metallic-Mo Junctions Using Controlled Diffusion of Se for High-Performance Large-Scaled Memristor,ACS Nano,논문,2.48,9.0,35,,unknown,예,Bala A.; So B.; Kim S.,제1·공동제1·교신,제1·교신 겸직,메타데이터 규칙,대학 미상(rims 연결),공학연구원,,S1
2023,98,2-s2.0-85150994188,10.1002/admi.202202379,Highly Sensitive Ultraviolet Photodetector Based on an AlGaN/GaN HEMT with Graphene-On-p-GaN Mesa Structure,Advanced Materials Interfaces,논문,2.48,9.0,35,,unknown,아니오,,,주저자 아님,원문 분석(정답지),정보통신대학,전자전기공학부,,S1
2023,99,2-s2.0-85168844951,10.3348/kjr.2023.0386,Delayed Cancer Diagnosis in Thyroid Nodules Initially Treated as Benign With Radiofrequency Ablation: Ultrasound Characteristics and Predictors for Cancer,Korean Journal of Radiology,논문,2.48,9.0,21,,unknown,예,Kim M.K.; Shin J.H.,제1·교신,제1·교신 겸직,원문 분석(정답지),의과대학,의학과,,S2
2023,100,2-s2.0-85162835013,10.1016/j.cej.2023.144372,Hierarchical binary metal sulfides nanoflakes decorated on graphene with precious-metal-like activity for water electrolysis,Chemical Engineering Journal,논문,2.47,9.0,44,,unknown,예,Qian Y.,제1·교신,제1·교신 겸직,원문 분석(정답지),대학 미상(rims 연결),상생기반선도물리인재교육연구단,,S1
2023,101,2-s2.0-85177425311,10.1038/s41467-023-43239-6,Acoustofluidic Interfaces for the Mechanobiological Secretome of MSCs,Nature Communications,논문,2.47,9.0,41,,unknown,예,Lee L.P.,교신,교신저자,원문 분석(정답지),성균융합원,성균융합원,,S1
2023,102,2-s2.0-85163873747,10.1016/j.chieco.2023.102004,How is Fintech reshaping the traditional financial markets? New evidence from InsurTech and insurance sectors in China,China Economic Review,논문,2.47,9.0,32,,unknown,예,Bian W.,제1,제1저자,원문 분석(정답지),중국대학원,중국대학원,,S1
2023,103,2-s2.0-85148344778,10.5230/jgc.2023.23.e7,A Standardized Pathology Report for Gastric Cancer: 2nd Edition,Journal of Gastric Cancer,논문,2.47,9.0,28,,unknown,아니오,,,주저자 아님,원문 분석(정답지),의과대학,의학과,,S2
2023,104,2-s2.0-85107060741,10.1002/jhbp.986,Multi-biomarker panel prediction model for diagnosis of pancreatic cancer,Journal of Hepato Biliary Pancreatic Sciences,논문,2.47,9.0,24,,unknown,아니오,,,주저자 아님,원문 분석(정답지),의과대학,의학과,,S1
2023,105,2-s2.0-85153675801,10.34133/research.0016,An Effective Integrated Machine Learning Framework for Identifying Severity of Tomato Yellow Leaf Curl Virus and Their Experimental Validation,Research,논문,2.46,9.0,43,,unknown,예,Bupi N.; Lee S.; Manavalan B.,제1·교신,제1·교신 겸직,원문 분석(정답지),생명공학대학,융합생명공학과,,S1
2023,106,2-s2.0-85136703310,10.1016/j.fuel.2022.125720,Hydrogen-rich gas production from disposable COVID-19 mask by steam gasification,Fuel,논문,2.46,9.0,36,,unknown,예,Nam J.Y.; Lee D.H.,제1·교신,제1·교신 겸직,원문 분석(정답지),대학 미상(rims 연결),,,S1
2023,107,2-s2.0-85112354854,10.1177/08944393211037579,The Impact of Parental Depression on Children’s Smartphone Addiction: A Serial Mediation Model With Parental Neglect and Children’s Self-Esteem,Social Science Computer Review,논문,2.46,9.0,19,,unknown,예,Mun I.B.; Lee S.,제1·교신,제1·교신 겸직,메타데이터 규칙,미디어문화융합대학원,미디어문화융합대학원,,S1
2023,108,2-s2.0-85143119202,10.1016/j.ejso.2022.11.099,Omission of axillary lymph node dissection in patients with ypN+ breast cancer after neoadjuvant chemotherapy: A retrospective multicenter study (KROG 21-06),European Journal of Surgical Oncology,논문,2.46,9.0,19,,unknown,아니오,,,주저자 아님,원문 분석(정답지),의과대학,의학과,,S2
2023,109,2-s2.0-85169308052,10.1080/10641734.2023.2243496,Digital Advertising in the Age of Generative AI,Journal of Current Issues and Research in Advertising,논문,2.45,10.0,59,,unknown,예,Baek T.H.,제1·교신,제1·교신 겸직,메타데이터 규칙,사회과학대학,미디어커뮤니케이션학과,,S1
2023,110,2-s2.0-85172808889,10.1039/d3qm00291h,In situ decorated Cu2FeSnS4 nanosheet arrays for low voltage hydrogen production through the ammonia oxidation reaction,Materials Chemistry Frontiers,논문,2.45,10.0,36,,unknown,예,Kim J.K.,교신,교신저자,메타데이터 규칙,공과대학,화학공학부,,S1
2023,111,2-s2.0-85175379357,10.3389/fpls.2023.1283235,Deep learning for plant bioinformatics: an explainable gradient-based approach for disease detection,Frontiers in Plant Science,논문,2.45,10.0,26,,unknown,예,Ali F.,공동제1·교신,제1·교신 겸직,원문 분석(정답지),소프트웨어융합대학,글로벌융합학부,,S1
2023,112,2-s2.0-85148603351,10.1016/j.jad.2023.02.044,Lifestyle factors and suicide risk: A nationwide population-based study,Journal of Affective Disorders,논문,2.45,10.0,23,,unknown,아니오,,,주저자 아님,원문 분석(정답지),의과대학,의학과,,S1
2023,113,2-s2.0-85149865799,10.1016/j.jad.2023.02.079,Predictors of suicide ideation among South Korean adolescents: A machine learning approach,Journal of Affective Disorders,논문,2.45,10.0,22,,unknown,예,Lee D.H.,교신,교신저자,원문 분석(정답지),사범대학,교육학과,,S1
2023,114,2-s2.0-85152895047,10.1016/j.jad.2023.04.003,Association between gut microbiota and anxiety symptoms: A large population-based study examining sex differences,Journal of Affective Disorders,논문,2.45,10.0,22,,unknown,예,Kim H.N.,교신,교신저자,원문 분석(정답지),의과대학,의학과,,S1
2023,115,2-s2.0-85191177571,,Boosting Learning for LDPC Codes to Improve the Error-Floor Performance,Advances in Neural Information Processing Systems,학술대회,2.45,10.0,14,,unknown,예,Kim S.H.,교신,교신저자,메타데이터 규칙,미연결,,,S1
2023,116,2-s2.0-85178279134,10.1109/icc45041.2023.10279270,Interest-Based Semantic Information Transmission with RSMA in Smart Cities,IEEE International Conference on Communications,학술대회,2.45,10.0,9,,unknown,아니오,,,주저자 아님,메타데이터 규칙,정보통신대학,전자전기공학부,,S1
2023,117,2-s2.0-85118173646,10.1007/s11139-021-00464-1,Combinatorics of orthogonal polynomials of type RI,Ramanujan Journal,논문,2.45,10.0,7,,unknown,예,Kim J.S.,제1·교신,제1·교신 겸직,원문 분석(정답지),자연과학대학,수학과,,S1
2023,118,2-s2.0-85168258028,10.1002/aenm.202301220,New Consideration of Degradation Accelerating of All-Solid-State Batteries under a Low-Pressure Condition,Advanced Energy Materials,논문,2.44,10.0,48,,unknown,예,Jung H.G.,교신,교신저자,원문 분석(정답지),일반대학원,에너지과학과,,S1
2023,119,2-s2.0-85148546976,10.1016/j.biomaterials.2023.122064,Self-immolative polymer-based immunogenic cell death inducer for regulation of redox homeostasis,Biomaterials,논문,2.43,10.0,35,,unknown,예,Jeon J.; Yoon B.; Park J.H.,제1·공동제1·교신,제1·교신 겸직,원문 분석(정답지),대학 미상(rims 연결),공학연구원,,S1
2023,120,2-s2.0-85147102105,10.1016/j.jksuci.2022.12.020,Security paradigm for remote health monitoring edge devices in internet of things,Journal of King Saud University Computer and Information Sciences,논문,2.43,10.0,33,,unknown,예,Faseeh Qureshi N.M.,교신,교신저자,원문 분석(정답지),대학 미상(rims 연결),,,S1
2023,121,2-s2.0-85153051446,10.1016/j.jallcom.2023.170206,MoS2 nanoflowers functionalized with C3N4 nanosheets for enhanced photodecomposition,Journal of Alloys and Compounds,논문,2.43,10.0,32,,unknown,예,Singh J.; Kim J.,제1·교신,제1·교신 겸직,원문 분석(정답지),대학 미상(rims 연결),나노튜브및나노복합구조연구센터,,S1
2023,122,2-s2.0-85151042546,10.1016/j.jddst.2023.104374,Development of a sorafenib-loaded solid self-nanoemulsifying drug delivery system: Formulation optimization and characterization of enhanced properties,Journal of Drug Delivery Science and Technology,논문,2.43,10.0,30,,unknown,아니오,,,주저자 아님,원문 분석(정답지),약학대학,약학과,,S1
2023,123,2-s2.0-85176098404,10.1016/j.ijpharm.2023.123578,Impact of carrier hydrophilicity on solid self nano-emulsifying drug delivery system and self nano-emulsifying granule system,International Journal of Pharmaceutics,논문,2.43,10.0,28,,unknown,아니오,,,주저자 아님,원문 분석(정답지),약학대학,약학과,,S1
2023,124,2-s2.0-85147807162,10.3389/fpsyg.2023.1098110,How does online social interaction promote students’ continuous learning intentions?,Frontiers in Psychology,논문,2.43,10.0,26,,unknown,예,Zhang S.; Kim J.H.,제1·교신,제1·교신 겸직,원문 분석(정답지),소프트웨어융합대학,글로벌융합학부,,S1
2023,125,2-s2.0-85150751533,10.1186/s12967-023-04053-2,Transcriptomes of the tumor-adjacent normal tissues are more informative than tumors in predicting recurrence in colorectal cancer patients,Journal of Translational Medicine,논문,2.43,10.0,26,,unknown,예,Cho Y.B.,교신,교신저자,원문 분석(정답지),의과대학,의학과,,S1
2023,126,2-s2.0-85167843713,10.1093/bjs/znad202,Intraductal papillary neoplasm of the bile duct: review of updated clinicopathological and imaging characteristics,British Journal of Surgery,리뷰,2.43,10.0,25,,unknown,예,Jang K.T.,교신,교신저자,메타데이터 규칙,의과대학,의학과,,S1
2023,127,2-s2.0-85149673119,10.1145/3539597.3570473,Never Too Late to Learn: Regularizing Gender Bias in Coreference Resolution,Wsdm 2023 Proceedings of the 16th ACM International Conference on Web Search and Data Mining,학술대회,2.43,10.0,14,,unknown,예,Park S.; Choi K.; Yu H.; Ko Y.,제1·교신,제1·교신 겸직,메타데이터 규칙,소프트웨어융합대학,소프트웨어학과,,S1
2023,128,2-s2.0-85150349176,10.1021/acs.chemrev.2c00729,Graphynes and Graphdiynes for Energy Storage and Catalytic Utilization: Theoretical Insights into Recent Advances,Chemical Reviews,리뷰,2.42,10.0,132,,unknown,예,Li H.; Lim J.H.; Lee J.Y.,제1·공동제1·교신,제1·교신 겸직,메타데이터 규칙,대학 미상(rims 연결),기초과학연구원,,S1
2023,129,2-s2.0-85138152466,10.1016/j.cej.2022.139218,Hybrid renewable energy systems involving thermochemical conversion process for waste-to-energy strategy,Chemical Engineering Journal,리뷰,2.42,10.0,127,,unknown,예,Lee J.,제1,제1저자,원문 분석(정답지),공과대학,건설환경공학부,,S1
2023,130,2-s2.0-85168806076,10.1016/j.apsusc.2023.158227,Enhancing adhesion strength via synergic effect of atmospheric pressure plasma and silane coupling agent,Applied Surface Science,논문,2.42,10.0,35,,unknown,예,Jung U.,제1,제1저자,원문 분석(정답지),공과대학,기계공학부,,S1
2023,131,2-s2.0-85150431682,10.1038/s41467-023-37156-x,Wavelength engineerable porous organic polymer photosensitizers with protonation triggered ROS generation,Nature Communications,논문,2.41,10.0,42,,unknown,예,Lim J.H.; Lee J.Y.,공동제1·교신,제1·교신 겸직,원문 분석(정답지),대학 미상(rims 연결),기초과학연구원,,S1
2023,132,2-s2.0-85171202988,10.1021/acsami.3c10776,Hierarchically Structured and Highly Dispersible MOF Nanozymes Combining Self-Assembly and Biomineralization for Sensitive and Persistent Chemiluminescence Immunoassay,ACS Applied Materials and Interfaces,논문,2.41,10.0,41,,unknown,예,Wei Q.,교신,교신저자,메타데이터 규칙,자연과학대학,화학과,,S1
2023,133,2-s2.0-85179789319,10.1109/iccv51070.2023.00944,Self-Feedback DETR for Temporal Action Detection,Proceedings of the IEEE International Conference on Computer Vision,학술대회,2.41,10.0,36,,unknown,예,Kim J.; Heo J.P.,제1·교신,제1·교신 겸직,메타데이터 규칙,소프트웨어융합대학,소프트웨어학과,,S1
2023,134,2-s2.0-85163654632,10.1002/adma.202303077,Planar Spin Glass with Topologically Protected Mazes in the Liquid Crystal Targeting for Reconfigurable Micro Security Media,Advanced Materials,논문,2.4,10.0,36,,unknown,예,Kwon S.J.; Yoon D.K.,교신,교신저자,원문 분석(정답지),공과대학,화학공학부,,S1
2023,135,2-s2.0-85167873938,10.1103/physrevlett.131.051201,Discovery of Gamma Rays from the Quiescent Sun with HAWC,Physical Review Letters,논문,2.4,10.0,34,,unknown,아니오,,,주저자 아님,검증 불가 대형(저자 목록 잘림·컨소시엄),자연과학대학,물리학과,,S1
2023,136,2-s2.0-85146134543,10.1021/acssensors.2c01743,PdO-Nanoparticle-Embedded Carbon Nanotube Yarns for Wearable Hydrogen Gas Sensing Platforms with Fast and Sensitive Responses,ACS Sensors,논문,2.4,10.0,31,,unknown,예,Son W.,제1,제1저자,메타데이터 규칙,일반대학원,에너지과학과,,S1
2023,137,2-s2.0-85147536384,10.1161/jaha.122.027690,Prognostic Impact of Cardiac Diastolic Function and Coronary Microvascular Function on Cardiovascular Death,Journal of the American Heart Association,논문,2.4,10.0,24,,unknown,예,Hong D.; Lee J.M.,제1·교신,제1·교신 겸직,원문 분석(정답지),의과대학,의학과,,S2
2023,138,2-s2.0-85161055654,10.1186/s12929-023-00914-6,Multiple heteroresistance to tigecycline and colistin in Acinetobacter baumannii isolates and its implications for combined antibiotic treatment,Journal of Biomedical Science,논문,2.4,10.0,24,,unknown,예,Jo J.; Ko K.S.,제1·교신,제1·교신 겸직,원문 분석(정답지),의과대학,의학과,,S2
2023,139,2-s2.0-85164493600,10.1016/j.jcin.2023.04.022,Prognostic Impact of Operator Experience and IVUS Guidance on Long-Term Clinical Outcomes After Complex PCI,Jacc Cardiovascular Interventions,논문,2.4,10.0,24,,unknown,예,Choi K.H.; Song Y.B.; Hahn J.Y.,제1·교신,제1·교신 겸직,원문 분석(정답지),의과대학,의학과,,S2
2023,140,2-s2.0-85178426574,10.1161/jaha.123.030117,Association Between Premature Menopause and Cardiovascular Diseases and All-Cause Mortality in Korean Women,Journal of the American Heart Association,논문,2.4,10.0,24,,unknown,아니오,,,주저자 아님,원문 분석(정답지),대학 미상(rims 연결),의학연구소,,S2
2023,141,2-s2.0-85148623498,10.1002/jmv.28456,"National trends in physical activity among adolescents in South Korea before and during the COVID-19 pandemic, 2009−2021",Journal of Medical Virology,논문,2.4,10.0,23,,unknown,아니오,,,주저자 아님,원문 분석(정답지),의과대학,의학과,,S2
2023,142,2-s2.0-85165542612,10.32604/cmc.2023.039104,ESG Discourse Analysis Through BERTopic: Comparing News Articles and Academic Papers,Computers Materials and Continua,논문,2.39,10.0,37,,unknown,예,Lee H.; Kim J.H.,제1·교신,제1·교신 겸직,원문 분석(정답지),소프트웨어융합대학,글로벌융합학부,,S1
2023,143,2-s2.0-85174844620,10.1016/j.actbio.2023.10.011,In situ photo-crosslinkable hyaluronic acid-based hydrogel embedded with GHK peptide nanofibers for bioactive wound healing,Acta Biomaterialia,논문,2.39,10.0,35,,unknown,예,Lee S.; Lee S.M.; Kwak E.A.; Chung W.J.,제1·공동제1·교신,제1·교신 겸직,원문 분석(정답지),생명공학대학,융합생명공학과,,S1
2023,144,2-s2.0-85171979830,10.1016/j.jsr.2023.08.018,Real-time monitoring unsafe behaviors of portable multi-position ladder worker using deep learning based on vision data,Journal of Safety Research,논문,2.39,10.0,34,,unknown,예,Park M.; Park S.,제1·교신,제1·교신 겸직,원문 분석(정답지),대학 미상(rims 연결),공학연구원,,S1
2023,145,2-s2.0-85164661829,10.3390/cancers15133416,Novel Multiparametric Magnetic Resonance Imaging-Based Deep Learning and Clinical Parameter Integration for the Prediction of Long-Term Biochemical Recurrence-Free Survival in Prostate Cancer after Radical Prostatectomy,Cancers,논문,2.39,10.0,30,,unknown,예,Lee H.W.; Kim E.; Seo S.I.; Park H.,제1·공동제1·교신,제1·교신 겸직,원문 분석(정답지),의과대학,의학과,,S1
2023,146,2-s2.0-85147234402,10.1093/ibd/izac075,Histologic Activity and Steroid Use History Are Risk Factors of Clinical Relapse in Ulcerative Colitis with Mayo Endoscopic Subscore of 0 or 1,Inflammatory Bowel Diseases,논문,2.39,10.0,26,,unknown,예,Ha S.Y.; Kim Y.H.,교신,교신저자,메타데이터 규칙,의과대학,의학과,,S2
2023,147,2-s2.0-85179559226,10.1117/12.2686314,Molybdenum carbide pellicle for high-power EUV lithography,Proceedings of SPIE the International Society for Optical Engineering,학술대회,2.39,10.0,4,,unknown,아니오,,,주저자 아님,메타데이터 규칙,대학 미상(rims 연결),나노과학기술학과,,S1
2023,148,2-s2.0-85141378927,10.1002/adom.202201687,Management of Polaron Dynamics: A Key Factor for the Long Operational Stability of Exciplex-Forming Cohost-Based Organic Light-Emitting Diodes,Advanced Optical Materials,논문,2.38,10.0,29,,unknown,예,Lee K.H.; Kim J.M.; Lee J.Y.,제1·교신,제1·교신 겸직,원문 분석(정답지),공과대학,화학공학부,,S1
2023,149,2-s2.0-85158138635,10.1002/eom2.12356,Wearable and implantable bioelectronics as eco-friendly and patient-friendly integrated nanoarchitectonics for next-generation smart healthcare technology,Ecomat,리뷰,2.37,10.0,93,,unknown,예,Kim S.; Baek S.; Kim Y.H.,제1·공동제1·교신,제1·교신 겸직,원문 분석(정답지),공과대학,신소재공학부,,S1
2023,150,2-s2.0-85159945265,10.1016/j.envint.2023.107973,"Developmental defects induced by thiabendazole are mediated via apoptosis, oxidative stress and alteration in PI3K/Akt and MAPK pathways in zebrafish",Environment International,논문,2.37,10.0,37,,unknown,예,Lim W.,교신,교신저자,원문 분석(정답지),자연과학대학,생명과학과,,S1
2023,151,2-s2.0-85147160982,10.1021/acs.langmuir.2c03027,Experimental Investigation of Cavitation Bulk Nanobubbles Characteristics: Effects of pH and Surface-Active Agents,Langmuir,논문,2.37,10.0,33,,unknown,예,Prakash R.; Lee J.,제1·교신,제1·교신 겸직,메타데이터 규칙,대학 미상(rims 연결),나노튜브및나노복합구조연구센터,,S1
2023,152,2-s2.0-85147893325,10.3390/s23031419,Fast Detection of Missing Thin Propagating Cracks during Deep-Learning-Based Concrete Crack/Non-Crack Classification,Sensors,논문,2.37,10.0,32,,unknown,예,Kolappan Geetha G.; Sim S.H.,제1·교신,제1·교신 겸직,원문 분석(정답지),공과대학,건설환경공학부,,S1
2023,153,2-s2.0-85168258232,10.1002/advs.202302072,Mobile Efficient Diagnostics of Infectious Diseases via On-Chip RT-qPCR: MEDIC-PCR,Advanced Science,논문,2.37,10.0,29,,unknown,예,Shrestha K.; Kim S.; Cho G.; Lee L.P.,제1·공동제1·교신,제1·교신 겸직,원문 분석(정답지),양자생명물리과학원,양자생명물리과학원,,S1
2023,154,2-s2.0-85165782676,10.1161/strokeaha.123.043127,Cancer Prediction With Machine Learning of Thrombi From Thrombectomy in Stroke: Multicenter Development and Validation,Stroke,논문,2.37,10.0,21,,unknown,아니오,,,주저자 아님,메타데이터 규칙,의과대학,의학과,,S1
2023,155,2-s2.0-85178161757,10.1145/3583780.3615122,KID34K: A Dataset for Online Identity Card Fraud Detection,International Conference on Information and Knowledge Management Proceedings,학술대회,2.37,10.0,11,,unknown,예,Park E.J.; Woo S.S.,제1·교신,제1·교신 겸직,메타데이터 규칙,소프트웨어융합대학,소프트웨어학과,,S1
2023,156,2-s2.0-85179503580,10.1109/bcicts54660.2023.10310971,A 202 GHz Link Using Planar Transceiver Modules,2023 IEEE Bicmos and Compound Semiconductor Integrated Circuits and Technology Symposium Bcicts 2023,학술대회,2.37,10.0,7,,unknown,아니오,,,주저자 아님,메타데이터 규칙,정보통신대학,전자전기공학부,,S1
2023,157,2-s2.0-85149063103,10.1016/j.jhazmat.2023.131037,Nanoplastics induce epigenetic signatures of transgenerational impairments associated with reproduction in copepods under ocean acidification,Journal of Hazardous Materials,논문,2.36,10.0,43,,unknown,예,Lee Y.H.; Kim M.S.; Lee J.S.,제1·공동제1·교신,제1·교신 겸직,원문 분석(정답지),자연과학대학,생명과학과,,S1
2023,158,2-s2.0-85141788689,10.1016/j.cej.2022.140262,ZnFe2O4 nanocomposite films for electromagnetic-triboelectric-piezoelectric effect-based hybrid multimodal nanogenerator,Chemical Engineering Journal,논문,2.36,10.0,42,,unknown,예,Nawaz A.; Kang M.; Choi H.W.; Kim S.W.; Yoon D.H.,제1·공동제1·교신,제1·교신 겸직,원문 분석(정답지),일반대학원,신소재공학과,,S1
2023,159,2-s2.0-85161714126,10.1002/adfm.202301213,Enhancing Stability of Efficient Perovskite Solar Cells (PCE ≈ 24.5%) by Suppressing PbI2 Inclusion Formation,Advanced Functional Materials,논문,2.36,10.0,37,,unknown,예,Shin S.; Park N.G.; Shin H.,제1·교신,제1·교신 겸직,원문 분석(정답지),대학 미상(rims 연결),신재생에너지통합시스템혁신인재양성교육연구단,,S1
2023,160,2-s2.0-85151422259,10.1016/j.envres.2023.115723,"Iron-engineered mesoporous biocarbon composite and its adsorption, activation, and regeneration approach for removal of paracetamol in water",Environmental Research,논문,2.36,10.0,36,,unknown,예,Liu X.,교신,교신저자,원문 분석(정답지),대학 미상(rims 연결),유기화학전공,,S1
2023,161,2-s2.0-85151437413,10.1186/s40824-023-00368-9,Shape-memory collagen scaffold combined with hyaluronic acid for repairing intervertebral disc,Biomaterials Research,논문,2.36,10.0,32,,unknown,예,Koo Y.W.; Kim G.H.,제1·교신,제1·교신 겸직,원문 분석(정답지),대학 미상(rims 연결),의학연구소,,S1
2023,162,2-s2.0-85168238814,10.1609/aaai.v37i7.25988,PIXEL: Physics-Informed Cell Representations for Fast and Accurate PDE Solvers,Proceedings of the 37th Aaai Conference on Artificial Intelligence Aaai 2023,학술대회,2.36,10.0,14,,unknown,예,Kang N.; Park E.,제1·교신,제1·교신 겸직,원문 분석(정답지),자연과학대학,수학과,,S1
2023,163,2-s2.0-85148475699,10.1080/01472526.2022.2154504,The Unreconciled Dichotomy: Preservation and (Re)Creation of Dance Heritage in South Korea,Dance Chronicle,논문,2.36,10.0,3,,unknown,아니오,,,주저자 아님,메타데이터 규칙,예술대학,무용학과,,S1
2023,164,2-s2.0-85175874350,10.1007/s40820-023-01220-4,"Trend of Developing Aqueous Liquid and Gel Electrolytes for Sustainable, Safe, and High-Performance Li-Ion Batteries",Nano Micro Letters,리뷰,2.35,10.0,109,,unknown,예,Ji D.; Kim J.,제1·교신,제1·교신 겸직,원문 분석(정답지),공과대학,화학공학부,,S1
2023,165,2-s2.0-85142184668,10.1016/j.nanoen.2022.108003,Low-temperature crystallization of LaFeO3 perovskite with inherent catalytically surface for the enhanced oxygen evolution reaction,Nano Energy,논문,2.35,10.0,43,,unknown,예,Kim H.J.; Baik J.M.,제1·교신,제1·교신 겸직,원문 분석(정답지),공과대학,신소재공학부,,S1
2023,166,2-s2.0-85148324707,10.1016/j.ins.2023.01.149,A deep multiple kernel learning-based higher-order fuzzy inference system for identifying DNA N4-methylcytosine sites,Information Sciences,논문,2.35,10.0,37,,unknown,예,Muhammad K.,교신,교신저자,원문 분석(정답지),소프트웨어융합대학,글로벌융합학부,,S1
2023,167,2-s2.0-85149383957,10.1016/j.scs.2023.104471,Energy signature-based clustering using open data for urban building energy analysis toward carbon neutrality: A case study on electricity change under COVID-19,Sustainable Cities and Society,논문,2.35,10.0,36,,unknown,예,Choi S.; Yoon S.,제1·교신,제1·교신 겸직,원문 분석(정답지),공과대학,건설환경공학부,,S1
2023,168,2-s2.0-85158010338,10.1007/s00520-023-07779-3,Efficacy of the PRO-CTCAE mobile application for improving patient participation in symptom management during cancer treatment: a randomized controlled trial,Supportive Care in Cancer,논문,2.35,10.0,28,,unknown,예,Lee M.; Kang D.; Cho J.,제1·공동제1·교신,제1·교신 겸직,원문 분석(정답지),삼성융합의과학원,삼성융합의과학원,,S1
2023,169,2-s2.0-85171845992,10.3389/fpubh.2023.1243920,Examining the links between burnout and suicidal ideation in diverse occupations,Frontiers in Public Health,논문,2.35,10.0,20,,unknown,예,Oh D.J.; Jeon S.W.; Cho S.J.,제1·교신,제1·교신 겸직,원문 분석(정답지),의과대학,의학과,,S2
2023,170,2-s2.0-85152263788,10.1016/j.ajem.2023.03.047,Are serial neuron-specific enolase levels associated with neurologic outcome of ECPR patients: A retrospective multicenter observational study,American Journal of Emergency Medicine,논문,2.35,10.0,12,,unknown,예,Yang J.H.,공동제1,제1저자,원문 분석(정답지),의과대학,의학과,,S2
2023,171,2-s2.0-85146397154,10.1021/acs.nanolett.2c03682,Iron Oxide Nanoparticle-Incorporated Mesenchymal Stem Cells for Alzheimer’s Disease Treatment,Nano Letters,논문,2.34,10.0,34,,unknown,예,Kim H.; Jang H.; Na D.L.,공동제1·교신,제1·교신 겸직,메타데이터 규칙,삼성융합의과학원,삼성융합의과학원,,S1
2023,172,2-s2.0-85177102709,10.1021/acsnano.3c06207,Photothermal Lithography for Realizing a Stretchable Multilayer Electronic Circuit Using a Laser,ACS Nano,논문,2.34,10.0,34,,unknown,아니오,,,주저자 아님,메타데이터 규칙,대학 미상(rims 연결),의학과,,S1
2023,173,2-s2.0-85161000472,10.1007/s12672-023-00678-3,"Efficacy and safety of metformin plus low-dose temozolomide in patients with recurrent or refractory glioblastoma: a randomized, prospective, multicenter, double-blind, controlled, phase 2 trial (KNOG-1501 study)",Discover Oncology,논문,2.34,10.0,27,,unknown,아니오,,,주저자 아님,원문 분석(정답지),의과대학,의학과,,S2
2023,174,2-s2.0-85179740413,10.1038/s43586-023-00276-1,Chemogenetics for cell-type-specific modulation of signalling and neuronal activity,Nature Reviews Methods Primers,논문,2.34,10.0,25,,unknown,예,Kang H.J.,제1·교신,제1·교신 겸직,원문 분석(정답지),자연과학대학,생명과학과,,S1
2023,175,2-s2.0-85161351021,10.1016/j.est.2023.107946,2D/2D nanoarchitecture of Ni/NiCo2O4 deposited onto reduced graphene oxide for high-performance hybrid supercapacitor applications,Journal of Energy Storage,논문,2.33,10.0,40,,unknown,예,Park H.S.,교신,교신저자,원문 분석(정답지),공과대학,화학공학부,,S1
2023,176,2-s2.0-85160014005,10.1038/s41746-023-00842-7,A randomized controlled trial of postoperative rehabilitation using digital healthcare system after rotator cuff repair,Npj Digital Medicine,논문,2.33,10.0,28,,unknown,예,Hwang J.H.,교신,교신저자,원문 분석(정답지),의과대학,의학과,,S2
2023,177,2-s2.0-85190513564,10.1007/jhep12(2023)070,Search for direct production of GeV-scale resonances decaying to a pair of muons in proton-proton collisions at s = 13 TeV,Journal of High Energy Physics,논문,2.33,10.0,26,,unknown,아니오,,,주저자 아님,검증 불가 대형(저자 목록 잘림·컨소시엄),자연과학대학,물리학과,,S1
2023,178,2-s2.0-85165576763,10.13004/kjnt.2023.19.e32,"Intracranial Pressure Monitoring for Acute Brain Injured Patients: When, How, What Should We Monitor",Korean Journal of Neurotrauma,리뷰,2.33,10.0,26,,unknown,예,Shim Y.,제1,제1저자,원문 분석(정답지),대학 미상(rims 연결),의학과,,S2
2023,179,2-s2.0-85164174460,10.1002/ejsp.2968,Identifying important individual- and country-level predictors of conspiracy theorizing: A machine learning analysis,European Journal of Social Psychology,논문,2.33,10.0,21,,unknown,아니오,,,주저자 아님,검증 불가 대형(저자 목록 잘림·컨소시엄),사회과학대학,심리학과,,S1
2023,180,2-s2.0-85148412469,10.1186/s12916-023-02757-2,Associations of reproductive factors with incidence of myocardial infarction and ischemic stroke in postmenopausal women: a cohort study,BMC Medicine,논문,2.33,10.0,19,,unknown,예,Shin D.W.,교신,교신저자,원문 분석(정답지),의과대학,의학과,,S1
2023,181,2-s2.0-85154032064,10.3390/jpm13040676,Effects and Safety of Wearable Exoskeleton for Robot-Assisted Gait Training: A Retrospective Preliminary Study,Journal of Personalized Medicine,논문,2.33,10.0,19,,unknown,예,Kim D.H.,교신,교신저자,원문 분석(정답지),의과대학,의학과,,S2
2023,182,2-s2.0-85176363087,10.1172/jci.insight.167049,The semaphorin 3A/neuropilin-1 pathway promotes clonogenic growth of glioblastoma via activation of TGF-β signaling,Jci Insight,논문,2.33,10.0,18,,unknown,예,Shin Y.J.; Nam D.H.,공동제1·교신,제1·교신 겸직,원문 분석(정답지),의과대학,의과대학,,S1
2023,183,2-s2.0-85176384388,10.1001/jamanetworkopen.2023.42270,Survival Outcomes in Premenopausal Patients With Invasive Lobular Carcinoma,JAMA Network Open,논문,2.33,10.0,18,,unknown,아니오,,,주저자 아님,메타데이터 규칙,의과대학,의학과,,S2
2023,184,2-s2.0-85191437706,10.1016/b978-0-443-18809-1.00001-8,"Chalcogenides and their nanocomposites: fundamental, properties and applications",Metal Chalcogenide Nanocomposites Fundamentals Properties and Industrial Applications,단행본 장,2.32,10.0,5,,unknown,아니오,,,주저자 아님,메타데이터 규칙,미연결,,,S1
2023,185,2-s2.0-85147202762,10.1021/acs.chemmater.2c03234,Adhesive Composite Hydrogel Patch for Sustained Transdermal Drug Delivery To Treat Atopic Dermatitis,Chemistry of Materials,논문,2.31,10.0,37,,unknown,예,Kim Y.E.; Jung H.Y.; Kim J.,제1·공동제1·교신,제1·교신 겸직,메타데이터 규칙,공과대학,화학공학부,,S1
2023,186,2-s2.0-85151569614,10.1016/j.xcrp.2023.101331,Electrochemical profiling method for diagnosis of inhomogeneous reactions in lithium-ion batteries,Cell Reports Physical Science,논문,2.31,10.0,36,,unknown,예,Kim J.; Yoon W.S.,제1·교신,제1·교신 겸직,원문 분석(정답지),신개념융복합에너지과학연구소,신개념융복합에너지과학연구소,,S1
2023,187,2-s2.0-85149999690,10.1016/j.ajcnut.2023.01.006,Fructose consumption from different food sources and cardiometabolic biomarkers: cross-sectional associations in US men and women,American Journal of Clinical Nutrition,논문,2.31,10.0,21,,unknown,아니오,,,주저자 아님,원문 분석(정답지),생명공학대학,식품생명공학과,,S1
2023,188,2-s2.0-85161967534,10.1002/adfm.202301919,Boosting Sensitivity and Reliability in Field-Effect Transistor-Based Biosensors with Nanoporous MoS2 Encapsulated by Non-Planar Al2O3,Advanced Functional Materials,논문,2.3,10.0,36,,unknown,예,Sen A.; Shim J.; Park H.; Kim S.,제1·공동제1·교신,제1·교신 겸직,원문 분석(정답지),대학 미상(rims 연결),공학연구원,,S1
2023,189,2-s2.0-85146821236,10.1016/j.jiec.2022.11.050,Fabrication of carbon nanotube with high purity and crystallinity by methane decomposition over ceria-supported catalysts,Journal of Industrial and Engineering Chemistry,논문,2.3,10.0,34,,unknown,예,Joo Park S.,공동제1,제1저자,원문 분석(정답지),대학 미상(rims 연결),화학공학과,,S1
2023,190,2-s2.0-85171339985,10.1016/j.mtener.2023.101388,Anion storage for hybrid supercapacitor,Materials Today Energy,논문,2.3,10.0,33,,unknown,예,Sadavar S.; Park H.S.,제1·교신,제1·교신 겸직,원문 분석(정답지),대학 미상(rims 연결),공학연구원,,S1
2023,191,2-s2.0-85149938332,10.2196/44105,Surveillance of Symptom Burden Using the Patient-Reported Outcome Version of the Common Terminology Criteria for Adverse Events in Patients With Various Types of Cancers During Chemoradiation Therapy: Real-World Study,Jmir Public Health and Surveillance,논문,2.3,10.0,25,,unknown,예,Kang D.; Cho J.,제1·교신,제1·교신 겸직,원문 분석(정답지),삼성융합의과학원,삼성융합의과학원,,S1
2023,192,2-s2.0-85151315939,10.1186/s13195-023-01215-8,Different effects of cardiometabolic syndrome on brain age in relation to gender and ethnicity,Alzheimer S Research and Therapy,논문,2.3,10.0,25,,unknown,예,Kang S.H.; Seo S.W.,제1·교신,제1·교신 겸직,원문 분석(정답지),의과대학,의학과,,S1
2023,193,2-s2.0-85168928065,10.1016/j.jcin.2023.06.013,Comparison of Outcomes Between 1- and 2-Stent Techniques for Medina Classification 0.0.1 Coronary Bifurcation Lesions,Jacc Cardiovascular Interventions,논문,2.3,10.0,23,,unknown,예,Choi K.H.,제1,제1저자,원문 분석(정답지),의과대학,의학과,,S2
2024,1,2-s2.0-85197308251,10.1016/j.eswa.2024.124553,STAD-GCN: Spatial–Temporal Attention-based Dynamic Graph Convolutional Network for retail market price prediction,Expert Systems with Applications,논문,2.69,9.0,33,,unknown,예,Kim S.; Park E.,제1·교신,제1·교신 겸직,원문 분석(정답지),소프트웨어융합대학,글로벌융합학부,,S1
2024,2,2-s2.0-85183124765,10.1016/j.cej.2024.148851,3D-Nanostructured microfluidic device arranged in a herringbone pattern for the highly effective capture of HER2-Positive cancer-derived exosomes in urine,Chemical Engineering Journal,논문,2.68,9.0,34,,unknown,예,Lim E.K.,교신,교신저자,원문 분석(정답지),일반대학원,바이오의약융합전공,,S1
2024,3,2-s2.0-85187225481,10.1016/j.nanoen.2024.109436,Highly reliable and large-scale simulations of promising argyrodite solid-state electrolytes using a machine-learned moment tensor potential,Nano Energy,논문,2.68,9.0,34,,unknown,예,Kim J.H.; Lee S.U.,제1·교신,제1·교신 겸직,원문 분석(정답지),공과대학,화학공학부,,S1
2024,4,2-s2.0-85198712038,10.1016/j.nanoen.2024.109966,Atomically dispersed dual iron and manganese anchored nitrogen doped reduced graphene as robust cathode catalyst for direct methanol fuel cell and aluminium air battery,Nano Energy,논문,2.68,9.0,34,,unknown,예,Lee S.U.,교신,교신저자,원문 분석(정답지),공과대학,화학공학부,,S1
2024,5,2-s2.0-85181630836,10.1126/science.adj3347,Molecular insights into atypical modes of b-arrestin interaction with seven transmembrane receptors,Science,논문,2.68,9.0,31,,unknown,아니오,,,주저자 아님,메타데이터 규칙,약학대학,약학과,,S1
2024,6,2-s2.0-85200610062,10.1016/j.ijplas.2024.104073,Thermodynamic modeling framework with experimental investigation of the large-scale bonded area and local void in Cu-Cu bonding interface for advanced semiconductor packaging,International Journal of Plasticity,논문,2.68,9.0,31,,unknown,예,Oh S.H.; Lee H.D.; Lee H.J.; Lee E.H.,제1·공동제1·교신,제1·교신 겸직,원문 분석(정답지),공과대학,신소재공학부,,S1
2024,7,2-s2.0-85205422839,10.1002/adma.202409278,Element Screening Engineering for High-Entropy Alloy Anodes: Achieving Fast and Robust Li-Storage With Optimal Working Potential,Advanced Materials,논문,2.68,9.0,30,,unknown,예,Li X.; Li W.,제1·교신,제1·교신 겸직,원문 분석(정답지),공과대학,공과대학,,S1
2024,8,2-s2.0-85189177536,10.1016/j.mulfin.2024.100846,Nonlinear effects of financial openness on financial development in ASEAN,Journal of Multinational Financial Management,논문,2.68,9.0,24,,unknown,예,Ryu D.,교신,교신저자,원문 분석(정답지),경제대학,경제학과,,S1
2024,9,2-s2.0-85186935034,10.1002/adfm.202315721,Enhancing CAR-NK Cells Against Solid Tumors Through Chemical and Genetic Fortification with DOTAP-Functionalized Lipid Nanoparticles,Advanced Functional Materials,논문,2.67,9.0,33,,unknown,예,Shin H.E.; Park W.,제1·교신,제1·교신 겸직,원문 분석(정답지),성균융합원,글로벌바이오메디컬공학과,,S1
2024,10,2-s2.0-85195679784,10.1016/j.apenergy.2024.123641,Predicting current and hydrogen productions from microbial electrolysis cells using random forest model,Applied Energy,논문,2.67,9.0,32,,unknown,예,Baek G.,교신,교신저자,원문 분석(정답지),생명공학대학,융합생명공학과,,S1
2024,11,2-s2.0-85187701555,10.1002/advs.202400090,Timoshenko–Ehrenfest Beam-Based Reconfigurable Elastic Metasurfaces for Multifunctional Wave Manipulation,Advanced Science,논문,2.67,9.0,25,,unknown,예,Kim M.,교신,교신저자,원문 분석(정답지),일반대학원,신소재공학과,,S1
2024,12,2-s2.0-85186254823,10.1007/s12272-024-01486-1,New autophagy-modulating lanostane-type triterpenoids from a hallucinogenic poisonous mushroom Gymnopilus orientispectabilis,Archives of Pharmacal Research,논문,2.67,9.0,23,,unknown,예,Lee S.; Kim K.H.,제1·교신,제1·교신 겸직,원문 분석(정답지),약학대학,약학과,,S1
2024,13,2-s2.0-105000173769,10.1016/j.decarb.2023.100025,Progress and issues in p-i-n type perovskite solar cells,Decarbon,리뷰,2.66,9.0,105,,unknown,예,Park N.G.,교신,교신저자,메타데이터 규칙,공과대학,화학공학부,,S1
2024,14,2-s2.0-85181843503,10.1021/acssuschemeng.3c06742,Multi-metallic Metal-Organic Framework Nanosheets with 3D Flower-like Nanostructure-Based Natural Seawater Splitting toward Stable Industrial-Scale Current Density,ACS Sustainable Chemistry and Engineering,논문,2.66,9.0,36,,unknown,아니오,,,주저자 아님,메타데이터 규칙,대학 미상(rims 연결),에너지과학전공,,S1
2024,15,2-s2.0-85200384334,10.1016/j.hybadv.2024.100242,Optimization of 4D/3D printing via machine learning: A systematic review,Hybrid Advances,리뷰,2.65,9.0,88,,unknown,아니오,,,주저자 아님,메타데이터 규칙,미연결,,,S1
2024,16,2-s2.0-85190331503,10.1103/physrevlett.132.151001,Observation of Seven Astrophysical Tau Neutrino Candidates with IceCube,Physical Review Letters,논문,2.65,9.0,27,,unknown,아니오,,,주저자 아님,검증 불가 대형(저자 목록 잘림·컨소시엄),대학 미상(rims 연결),천체물리전공,,S1
2024,17,2-s2.0-85189969140,10.1007/s10551-024-05660-9,Are We Becoming More Ethical Consumers During the Global Pandemic? The Moderating Role of Negotiable Fate Across Cultures,Journal of Business Ethics,논문,2.65,9.0,15,,unknown,예,Chen B.,교신,교신저자,원문 분석(정답지),중국대학원,중국경영학과,,S1
2024,18,2-s2.0-85205502529,10.1007/978-981-99-7691-1,Glycoimmunology in Xenotransplantation,Glycoimmunology in Xenotransplantation,단행본,2.65,9.0,6,,unknown,예,Kim C.H.,제1·교신,제1·교신 겸직,메타데이터 규칙,자연과학대학,생명과학과,,S1
2024,19,2-s2.0-85201075204,10.1016/j.conbuildmat.2024.137882,Upcycling steel slag into construction materials,Construction and Building Materials,리뷰,2.64,9.0,81,,unknown,예,Fu S.; Lee J.,제1·교신,제1·교신 겸직,원문 분석(정답지),공과대학,건설환경공학부,,S1
2024,20,2-s2.0-85181086910,10.1016/j.jag.2023.103628,Rapid wildfire damage estimation using integrated object-based classification with auto-generated training samples from Sentinel-2 imagery on Google Earth Engine,International Journal of Applied Earth Observation and Geoinformation,논문,2.64,9.0,25,,unknown,예,Kulinan A.S.; Park S.,제1·교신,제1·교신 겸직,원문 분석(정답지),수자원전문대학원,수자원전문대학원,,S1
2024,21,2-s2.0-85209409641,10.1186/s12933-024-02508-4,"Different associations of atherogenic index of plasma, triglyceride glucose index, and hemoglobin A1C levels with the risk of coronary artery calcification progression according to established diabetes",Cardiovascular Diabetology,논문,2.64,9.0,19,,unknown,아니오,,,주저자 아님,메타데이터 규칙,의과대학,의학과,,S2
2024,22,2-s2.0-85202809282,10.1021/acs.analchem.4c02991,Framework-Induced Electrochemiluminescence Enhancement of an AIEgen-Based MOF Coupled with Heterostructured TiO2@Ag NPs as an Efficient Coreaction Accelerator for Sensitive Biosensing,Analytical Chemistry,논문,2.63,9.0,33,,unknown,예,Wei Q.,교신,교신저자,메타데이터 규칙,자연과학대학,화학과,,S1
2024,23,2-s2.0-85185194954,10.1016/j.talanta.2024.125780,Oxygen vacancies-driven signal enhanced photoelectrochemical sensor for mercury ions detection,Talanta,논문,2.63,9.0,32,,unknown,예,Wei Q.,교신,교신저자,원문 분석(정답지),자연과학대학,화학과,,S1
2024,24,2-s2.0-85180937635,10.1021/acs.chemmater.3c02394,Structural Insights into Conjugated Polymers for Stretchable Organic Transistors,Chemistry of Materials,논문,2.63,9.0,31,,unknown,예,Kang B.,교신,교신저자,메타데이터 규칙,성균나노과학기술원,성균나노과학기술원,,S1
2024,25,2-s2.0-85190745233,10.1021/acs.nanolett.4c00253,Artificial Synapse Based on a δ-FAPbI3/Atomic-Layer-Deposited SnO2 Bilayer Memristor,Nano Letters,논문,2.63,9.0,28,,unknown,예,Lee S.U.; Park N.G.,제1·교신,제1·교신 겸직,메타데이터 규칙,일반대학원,나노과학기술학과,,S1
2024,26,2-s2.0-85187202084,10.1161/jaha.123.033306,Association Between ECG Abnormalities and Mortality in a Low-Risk Population,Journal of the American Heart Association,논문,2.63,9.0,18,,unknown,예,Lee S.H.; Park K.M.,제1·교신,제1·교신 겸직,원문 분석(정답지),의과대학,의학과,,S2
2024,27,2-s2.0-85162614566,10.1057/s41291-023-00233-6,Female CEOs’ risk management and earnings performance during the financial crisis,Asian Business and Management,논문,2.63,9.0,17,,unknown,예,Ryu D.,교신,교신저자,원문 분석(정답지),경제대학,경제학과,,S1
2024,28,2-s2.0-85210105654,10.4178/epih.e2024061,Development and validation of the Health Literacy Index for the Community for the Korean National Health and Nutrition and Examination Survey,Epidemiology and Health,논문,2.63,9.0,16,,unknown,예,Yoon J.; Cho J.,제1·교신,제1·교신 겸직,메타데이터 규칙,삼성융합의과학원,삼성융합의과학원,,S1
2024,29,2-s2.0-85205285907,10.1109/rcar61438.2024.10671326,Model Predictive Contouring Control for Four-Wheel Independent Steering and Driving Mobile Robots,2024 IEEE International Conference on Real Time Computing and Robotics Rcar 2024,학술대회,2.63,9.0,7,,unknown,예,Auh E.; Moon H.,제1·교신,제1·교신 겸직,메타데이터 규칙,공과대학,기계공학부,,S1
2024,30,2-s2.0-85200762544,10.17998/jlc.2024.02.27,Multidisciplinary approach for hepatocellular carcinoma patients: current evidence and future perspectives,Journal of Liver Cancer,리뷰,2.62,9.0,30,,unknown,예,Sinn D.H.,교신,교신저자,원문 분석(정답지),의과대학,의학과,,S2
2024,31,2-s2.0-85208467785,10.1080/14796694.2024.2409621,TROPION-Lung07: Phase III study of Dato-DXd + pembrolizumab ± platinum-based chemotherapy as 1L therapy for advanced non-small-cell lung cancer,Future Oncology,논문,2.62,9.0,23,,unknown,아니오,,,주저자 아님,메타데이터 규칙,의과대학,의학과,,S2
2024,32,2-s2.0-85196770339,10.1103/physrevd.109.092011,Measurement of simplified template cross sections of the Higgs boson produced in association with w or z bosons in the (Formula presented) decay channel in proton-proton collisions at (Formula presented),Physical Review D,논문,2.62,9.0,20,,unknown,아니오,,,주저자 아님,검증 불가 대형(저자 목록 잘림·컨소시엄),자연과학대학,물리학과,,S1
2024,33,2-s2.0-85200564563,10.1007/jhep07(2024)142,Search for dark QCD with emerging jets in proton-proton collisions at s = 13 TeV,Journal of High Energy Physics,논문,2.62,9.0,20,,unknown,아니오,,,주저자 아님,검증 불가 대형(저자 목록 잘림·컨소시엄),대학 미상(rims 연결),기초과학연구원,,S1
2024,34,2-s2.0-85200821259,10.1007/jhep05(2024)047,Search for long-lived particles decaying to final states with a pair of muons in proton-proton collisions at s = 13.6 TeV,Journal of High Energy Physics,논문,2.62,9.0,20,,unknown,아니오,,,주저자 아님,검증 불가 대형(저자 목록 잘림·컨소시엄),대학 미상(rims 연결),기초과학연구원,,S1
2024,35,2-s2.0-85204496655,10.1103/physrevd.110.035033,Asymmetric self-interacting dark matter with a canonical seesaw model,Physical Review D,논문,2.62,9.0,20,,unknown,예,Mahapatra S.,교신,교신저자,원문 분석(정답지),대학 미상(rims 연결),기초과학연구소,,S1
2024,36,2-s2.0-85190903704,10.1001/jamanetworkopen.2024.6878,Functional Outcomes Associated with Blood Pressure Decrease after Endovascular Thrombectomy,JAMA Network Open,논문,2.62,9.0,15,,unknown,아니오,,,주저자 아님,메타데이터 규칙,의과대학,의학과,,S2
2024,37,2-s2.0-85184590761,10.1016/j.eclinm.2024.102478,Role of invasive mediastinal nodal staging in survival outcomes of patients with non-small cell lung cancer and without radiologic lymph node metastasis: a retrospective cohort study,Eclinicalmedicine,논문,2.62,9.0,14,,unknown,예,Kim H.K.,제1,제1저자,원문 분석(정답지),의과대학,의학과,,S2
2024,38,2-s2.0-85190479712,10.1093/infdis/jiad501,Risk of Severe COVID-19 and Protective Effectiveness of Vaccination Among Solid Organ Transplant Recipients,Journal of Infectious Diseases,논문,2.62,9.0,14,,unknown,예,Huh K.,제1,제1저자,메타데이터 규칙,의과대학,의학과,,S2
2024,39,2-s2.0-85194522822,10.3346/jkms.2024.39.e159,"A Brief Review of Anatomy Education in Korea, Encompassing Its Past, Present, and Future Direction",Journal of Korean Medical Science,논문,2.62,9.0,14,,unknown,예,Joo K.M.,공동제1,제1저자,원문 분석(정답지),의과대학,의학과,,S2
2024,40,2-s2.0-85208738107,10.1001/jamanetworkopen.2024.42663,"Age and Late Recurrence in Young Patients with ER-Positive, ERBB2-Negative Breast Cancer",JAMA Network Open,논문,2.62,9.0,14,,unknown,예,Shin D.S.; Ryu J.M.,제1·교신,제1·교신 겸직,메타데이터 규칙,의과대학,의학과,,S2
2024,41,2-s2.0-85217364190,10.1109/platcon63925.2024.10830748,Development of an Expert Chatbot for Digital Forensics Using RAG Model Implementation,2024 International Conference on Platform Technology and Service Platcon 2024 Proceedings,학술대회,2.62,9.0,7,,unknown,예,Kim M.; Jeong D.,제1·교신,제1·교신 겸직,메타데이터 규칙,일반대학원,과학수사학과,,S1
2024,42,2-s2.0-85188432674,10.1109/access.2024.3378515,HADE: Exploiting Human Action Recognition Through Fine-Tuned Deep Learning Methods,IEEE Access,논문,2.61,9.0,27,,unknown,아니오,,,주저자 아님,메타데이터 규칙,소프트웨어융합대학,글로벌융합학부,,S1
2024,43,2-s2.0-85195957999,10.1007/s10554-024-03150-7,Intravascular imaging-guided percutaneous coronary intervention for heavily calcified coronary lesions: a systematic review and meta-analysis,International Journal of Cardiovascular Imaging,논문,2.61,9.0,16,,unknown,아니오,,,주저자 아님,원문 분석(정답지),의과대학,의학과,,S2
2024,44,2-s2.0-85191392493,10.3947/ic.2024.0016,Prevention of Cytomegalovirus Infection in Solid Organ Transplant Recipients: Guidelines by the Korean Society of Infectious Diseases and the Korean Society for Transplantation,Infection and Chemotherapy,논문,2.61,9.0,14,,unknown,예,Huh K.,제1,제1저자,원문 분석(정답지),의과대학,의학과,,S2
2024,45,2-s2.0-85146671787,10.1080/09638288.2022.2161643,What interventions can treat arthrogenic muscle inhibition in patients with chronic ankle instability? A systematic review with meta-analysis,Disability and Rehabilitation,논문,2.61,9.0,12,,unknown,예,Kim K.M.,제1,제1저자,메타데이터 규칙,스포츠과학대학,스포츠과학과,,S1
2024,46,2-s2.0-85210483033,10.1145/3640457.3688171,GLAMOR: Graph-based LAnguage MOdel embedding for citation Recommendation,Recsys 2024 Proceedings of the 18th ACM Conference on Recommender Systems,학술대회,2.61,9.0,9,,unknown,예,Muhammad K.,교신,교신저자,메타데이터 규칙,소프트웨어융합대학,글로벌융합학부,,S1
2024,47,2-s2.0-85196771026,10.1016/j.cej.2024.153315,Metal-Organic framework incorporated luminescent PTCA combined with novel co-reactant accelerator for ultra-sensitive electrochemiluminescence detection of CA19-9,Chemical Engineering Journal,논문,2.6,9.0,34,,unknown,예,Wei Q.,교신,교신저자,원문 분석(정답지),자연과학대학,화학과,,S1
2024,48,2-s2.0-85207785342,10.1016/j.jik.2024.100611,The implications of blockchain for logistics operations and sustainability,Journal of Innovation and Knowledge,논문,2.6,9.0,29,,unknown,아니오,,,주저자 아님,원문 분석(정답지),일반대학원,산업공학과,,S1
2024,49,2-s2.0-85190346494,10.1016/j.frl.2024.105366,Impacts of gender inequality on international trade and innovation,Finance Research Letters,논문,2.6,9.0,25,,unknown,예,Ryu D.,제1,제1저자,원문 분석(정답지),경제대학,경제학과,,S1
2024,50,2-s2.0-85199780714,10.1016/j.ejps.2024.106856,"ROS-responsive thioketal nanoparticles delivering system for targeted ulcerative colitis therapy with potent HDAC6 inhibitor, tubastatin A",European Journal of Pharmaceutical Sciences,논문,2.6,9.0,22,,unknown,예,Shrestha P.; Jeong J.H.; Yook S.,제1·교신,제1·교신 겸직,원문 분석(정답지),대학 미상(rims 연결),산학연병클러스터기반바이오혁신신약전주기인재양성교육연구단,,S1
2024,51,2-s2.0-85204803280,10.1016/j.chest.2024.05.042,Comparison of Early and Late Norepinephrine Administration in Patients With Septic Shock: A Systematic Review and Meta-Analysis,Chest,논문,2.6,9.0,17,,unknown,예,Shin T.G.,교신,교신저자,원문 분석(정답지),의과대학,의학과,,S2
2024,52,2-s2.0-85200704698,10.1016/j.tele.2024.102175,"When, What, and how should generative artificial intelligence explain to Users?",Telematics and Informatics,논문,2.6,9.0,15,,unknown,예,Jang S.; Nam J.,제1·교신,제1·교신 겸직,원문 분석(정답지),소프트웨어융합대학,컬처앤테크놀로지융합전공,,S1
2024,53,2-s2.0-85204087288,10.1126/sciadv.ado7089,Simultaneous electromechanical monitoring in engineered heart tissues using a mesoscale framework,Science Advances,논문,2.59,9.0,31,,unknown,아니오,,,주저자 아님,원문 분석(정답지),정보통신대학,반도체융합공학과,,S1
2024,54,2-s2.0-85183349752,10.1002/adma.202308862,Printable Liquid Metal Foams That Grow When Watered,Advanced Materials,논문,2.59,9.0,30,,unknown,아니오,,,주저자 아님,원문 분석(정답지),공과대학,화학공학부,,S1
2024,55,2-s2.0-85200050278,10.1002/adma.202311931,Ultrafast Metaphotonic PCR Chip with Near-Perfect Absorber,Advanced Materials,논문,2.59,9.0,29,,unknown,예,Kim I.; Lee L.P.,제1·교신,제1·교신 겸직,원문 분석(정답지),일반대학원,생명물리학과,,S1
2024,56,2-s2.0-85199936623,10.1038/s41467-024-50653-x,"Confinement of excited states in two-dimensional, in-plane, quantum heterostructures",Nature Communications,논문,2.58,9.0,31,,unknown,아니오,,,주저자 아님,원문 분석(정답지),성균융합원,에너지학과,,S1
2024,57,2-s2.0-85177614971,10.1016/j.cviu.2023.103879,AFA-Net: Adaptive Feature Attention Network in image deblurring and super-resolution for improving license plate recognition,Computer Vision and Image Understanding,논문,2.58,9.0,29,,unknown,예,Kim D.; Park E.,제1·교신,제1·교신 겸직,원문 분석(정답지),소프트웨어융합대학,글로벌융합학부,,S1
2024,58,2-s2.0-85197052665,10.1109/tmi.2024.3419427,Toward Human-Scale Magnetic Particle Imaging: Development of the First System with Superconductor-Based Selection Coils,IEEE Transactions on Medical Imaging,논문,2.58,9.0,25,,unknown,아니오,,,주저자 아님,메타데이터 규칙,대학 미상(rims 연결),에너지과학과,,S1
2024,59,2-s2.0-85199468217,10.1186/s12885-023-10971-7,"A randomized, open-label, phase 3 trial of pembrolizumab plus epacadostat versus sunitinib or pazopanib as first-line treatment for metastatic renal cell carcinoma (KEYNOTE-679/ECHO-302)",BMC Cancer,논문,2.58,9.0,23,,unknown,아니오,,,주저자 아님,원문 분석(정답지),의과대학,의학과,,S2
2024,60,2-s2.0-85198168940,10.1016/j.joule.2024.05.019,Supramolecular design principles in pseudohalides for high-performance perovskite solar mini modules,Joule,논문,2.57,9.0,38,,unknown,예,Lee S.U.,교신,교신저자,원문 분석(정답지),대학 미상(rims 연결),,,S1
2024,61,2-s2.0-85168653536,10.1109/jiot.2023.3308568,Secure and Anonymous Authentication Scheme for Mobile Edge Computing Environments,IEEE Internet of Things Journal,논문,2.57,9.0,29,,unknown,예,Won D.,교신,교신저자,메타데이터 규칙,일반대학원,인터랙션사이언스학과,,S1
2024,62,2-s2.0-85185403342,10.1016/j.biomaterials.2024.122504,Patient-derived tumor spheroid-induced angiogenesis preclinical platform for exploring therapeutic vulnerabilities in cancer,Biomaterials,논문,2.57,9.0,26,,unknown,예,Hyung S.; Lee J.,공동제1·교신,제1·교신 겸직,원문 분석(정답지),의과대학,의학과,,S2
2024,63,2-s2.0-85208262712,10.1007/s13201-024-02301-4,Enhancing spatial prediction of groundwater-prone areas through optimization of a boosting algorithm with bio-inspired metaheuristic algorithms,Applied Water Science,논문,2.57,9.0,22,,unknown,아니오,,,주저자 아님,메타데이터 규칙,소프트웨어융합대학,글로벌융합학부,,S1
2024,64,2-s2.0-85194566256,10.1038/s41423-024-01178-2,The protective roles of integrin α4β7 and Amphiregulin-expressing innate lymphoid cells in lupus nephritis,Cellular and Molecular Immunology,논문,2.57,9.0,20,,unknown,예,Kim H.Y.,교신,교신저자,원문 분석(정답지),자연과학대학,생명과학과,,S1
2024,65,2-s2.0-85176255746,10.1002/advs.202305745,Achieving Long-Wavelength Electroluminescence Using Two-Coordinate Gold(I) Complexes: Overcoming the Energy Gap Law,Advanced Science,논문,2.56,9.0,23,,unknown,예,Lee J.Y.,교신,교신저자,원문 분석(정답지),공과대학,화학공학부,,S1
2024,66,2-s2.0-85161860034,10.1080/0144929x.2023.2222192,Liked and shared tweets during the pandemic: the relationship between intrinsic message features and (mis)information engagement,Behaviour and Information Technology,논문,2.56,9.0,16,,unknown,예,Lee J.,제1·교신,제1·교신 겸직,메타데이터 규칙,사회과학대학,미디어커뮤니케이션학과,,S1
2024,67,2-s2.0-85198555515,10.1002/inf2.12603,Autonomous self-healing 3D micro-suction adhesives for multi-layered amphibious soft skin electronics,Infomat,논문,2.55,9.0,24,,unknown,예,Lim D.; Pang C.,제1·교신,제1·교신 겸직,원문 분석(정답지),대학 미상(rims 연결),성균나노과학기술원,,S1
2024,68,2-s2.0-85211249553,10.1109/cvpr52733.2024.02607,Learning with Structural Labels for Learning with Noisy Labels,Proceedings of the IEEE Computer Society Conference on Computer Vision and Pattern Recognition,학술대회,2.55,9.0,20,,unknown,예,Kim N.R.; Lee J.H.,제1·교신,제1·교신 겸직,메타데이터 규칙,소프트웨어융합대학,소프트웨어학과,,S1
2024,69,2-s2.0-85189308888,10.1007/s13273-024-00436-8,Tolylfluanid induces developmental toxicity via liver dysfunction in zebrafish embryos,Molecular and Cellular Toxicology,논문,2.55,9.0,14,,unknown,예,Hong T.; Lim W.,제1·교신,제1·교신 겸직,원문 분석(정답지),자연과학대학,생명과학과,,S1
2024,70,2-s2.0-85203147349,10.3171/2024.3.jns232834,Endoscopic transorbital approach to the petrous apex: is orbital rim removal worthwhile for the exposure? An anatomical study with illustrative case,Journal of Neurosurgery,논문,2.55,9.0,12,,unknown,아니오,,,주저자 아님,메타데이터 규칙,의과대학,의학과,,S2
2024,71,2-s2.0-85186143264,10.1109/imcom60618.2024.10418423,Prognosis Prediction of Alzheimer's Disease Based on Multi-Modal Diffusion Model,Proceedings of the 2024 18th International Conference on Ubiquitous Information Management and Communication Imcom 2024,학술대회,2.55,9.0,7,,unknown,예,Hwang S.,제1,제1저자,메타데이터 규칙,정보통신대학,전자전기공학부,,S2
2024,72,2-s2.0-85207829794,10.1109/emcsipi49824.2024.10705524,Unsupervised Anomaly Detection of a Home Appliance by Monitoring EMI Data,IEEE International Symposium on Electromagnetic Compatibility,학술대회,2.55,9.0,3,,unknown,예,Yu H.,제1·교신,제1·교신 겸직,메타데이터 규칙,대학 미상(rims 연결),,,S1
2024,73,2-s2.0-85181254506,10.1038/s12276-023-01137-3,Relevance of the endoplasmic reticulum-mitochondria axis in cancer diagnosis and therapy,Experimental and Molecular Medicine,리뷰,2.54,9.0,55,,unknown,예,Lim W.,교신,교신저자,원문 분석(정답지),자연과학대학,생명과학과,,S1
2024,74,2-s2.0-85207215453,10.1002/anie.202406273,Coordination Environment and Distance Optimization of Dual Single Atoms on Fluorine-Doped Carbon Nanotubes for Chlorine Evolution Reaction,Angewandte Chemie International Edition,논문,2.54,9.0,40,,unknown,예,Shao X.; Lee H.,제1·교신,제1·교신 겸직,원문 분석(정답지),차세대에너지신소재연구소,차세대에너지신소재연구소,,S1
2024,75,2-s2.0-85184041076,10.1016/j.jmst.2023.11.040,Thermal-driven gigantic enhancement in critical current density of high-entropy alloy superconductors,Journal of Materials Science and Technology,논문,2.54,9.0,26,,unknown,예,Kim J.; Park T.,제1·교신,제1·교신 겸직,원문 분석(정답지),대학 미상(rims 연결),기초과학연구원,,S1
2024,76,2-s2.0-85191833675,10.1016/j.jmst.2024.01.090,Vertical graphene-decorated carbon nanofibers establishing robust conductive networks for fiber-based stretchable strain sensors,Journal of Materials Science and Technology,논문,2.54,9.0,25,,unknown,예,Lee H.J.; Suk J.W.,제1·교신,제1·교신 겸직,원문 분석(정답지),대학 미상(rims 연결),지능형팹테크놀로지혁신융합인재양성교육연구단,,S1
2024,77,2-s2.0-85184067922,10.1016/j.kint.2023.12.008,Findings from the KNOW-CKD Study indicate that higher systolic blood pressure time in target range is associated with a lower risk of chronic kidney disease progression,Kidney International,논문,2.54,9.0,18,,unknown,아니오,,,주저자 아님,원문 분석(정답지),의과대학,의학과,,S2
2024,78,2-s2.0-85215009489,10.57698/v18i3.04,Stabilizing Design Practices in Local Government,International Journal of Design,논문,2.54,9.0,7,,unknown,예,Kim A.,제1·교신,제1·교신 겸직,메타데이터 규칙,학부대학,학부대학,,S1
2024,79,2-s2.0-85200695160,10.1021/jacs.4c05398,Stabilization of Organic Cations in Lead Halide Perovskite Solar Cells Using Phosphine Oxides Derivatives,Journal of the American Chemical Society,논문,2.53,9.0,36,,unknown,아니오,,,주저자 아님,메타데이터 규칙,일반대학원,나노과학기술학과,,S1
2024,80,2-s2.0-85181046733,10.1021/acsnano.3c10453,Defect-Engineered Semiconducting van der Waals Thin Film at Metal-Semiconductor Interface of Field-Effect Transistors,ACS Nano,논문,2.53,9.0,27,,unknown,예,Kim J.; Kang J.,제1·교신,제1·교신 겸직,메타데이터 규칙,대학 미상(rims 연결),공학연구원,,S1
2024,81,2-s2.0-85190112128,10.1021/acsnano.3c12311,Weakly Confined Organic-Inorganic Halide Perovskite Quantum Dots as High-Purity Room-Temperature Single Photon Sources,ACS Nano,논문,2.53,9.0,27,,unknown,아니오,,,주저자 아님,메타데이터 규칙,성균에너지과학기술원,성균에너지과학기술원,,S1
2024,82,2-s2.0-105001496524,10.1109/icassp48485.2024.10446942,Neural Network Training Strategy To Enhance Anomaly Detection Performance: A Perspective On Reconstruction Loss Amplification,ICASSP IEEE International Conference on Acoustics Speech and Signal Processing Proceedings,학술대회,2.53,9.0,8,,unknown,예,Park Y.H.; Yi J.,제1·교신,제1·교신 겸직,메타데이터 규칙,정보통신대학,전자전기공학부,,S1
2024,83,2-s2.0-85183878898,10.1016/j.cej.2024.149162,Highly planar pseudocapacitive semiconducting polymer electrodes toward symmetric supercapacitors with a wide range of operating potentials,Chemical Engineering Journal,논문,2.52,9.0,32,,unknown,예,Patra D.; Park S.,제1·교신,제1·교신 겸직,원문 분석(정답지),대학 미상(rims 연결),,,S1
2024,84,2-s2.0-85175735411,10.1016/j.snb.2023.134911,Surface motifs regulated aggregation induced emission in AuAg nanoclusters combined with Ce(III)/Ce(IV) catalytic cyclic amplification strategy for sensitive bioanalysis,Sensors and Actuators B Chemical,논문,2.52,9.0,23,,unknown,예,Wei Q.,교신,교신저자,원문 분석(정답지),자연과학대학,화학과,,S1
2024,85,2-s2.0-85187789609,10.1016/j.snb.2024.135593,A signal amplifying photoelectrochemical immunosensor based on the synergism of Au@CoFe2O4 and CdS/NiCo2O4 for the sensitive detection of neuron-specific enolases,Sensors and Actuators B Chemical,논문,2.52,9.0,23,,unknown,예,Wei Q.,교신,교신저자,원문 분석(정답지),자연과학대학,화학과,,S1
2024,86,2-s2.0-85200712802,10.1148/radiol.233410,Automated Comprehensive CT Assessment of the Risk of Diabetes and Associated Cardiometabolic Conditions,Radiology,논문,2.52,9.0,14,,unknown,예,Chang Y.; Ryu S.,제1·교신,제1·교신 겸직,메타데이터 규칙,의과대학,의학과,,S1
2024,87,2-s2.0-85183048381,10.1007/s00784-024-05521-9,"Complex interplay of oral health, muscle and bone metabolism, and frailty in older individuals",Clinical Oral Investigations,논문,2.52,9.0,14,,unknown,예,Hong S.W.,제1,제1저자,원문 분석(정답지),의과대학,의학과,,S2
2024,88,2-s2.0-85202740206,10.1016/j.spinee.2024.08.015,"Different characteristics between acute and delayed proximal junctional failure in elderly patients undergoing corrective surgery for adult spinal deformity: comparative analysis of risk factor, failure mode, and clinical consequences",Spine Journal,논문,2.52,9.0,12,,unknown,예,Park S.J.,제1·교신,제1·교신 겸직,원문 분석(정답지),의과대학,의학과,,S2
2024,89,2-s2.0-85199096563,10.1021/acsmaterialslett.4c00587,Recent Advances in Electrochemical Water Splitting Electrocatalysts: Categorization by Parameters and Catalyst Types,ACS Materials Letters,리뷰,2.51,9.0,71,,unknown,예,Perumal S.; Pokhrel I.; Lee H.,제1·공동제1·교신,제1·교신 겸직,메타데이터 규칙,대학 미상(rims 연결),기초과학연구원,,S1
2024,90,2-s2.0-85196644657,10.1021/acsami.4c05523,Lignin-Based Antioxidant Hydrogel Patch for the Management of Atopic Dermatitis by Mitigating Oxidative Stress in the Skin,ACS Applied Materials and Interfaces,논문,2.51,9.0,32,,unknown,예,Trinh T.A.; Kim J.,제1·교신,제1·교신 겸직,메타데이터 규칙,대학 미상(rims 연결),공학연구원,,S1
2024,91,2-s2.0-85197185656,10.1038/s41598-024-63411-2,Deep learning model integrating cfDNA methylation and fragment size profiles for lung cancer diagnosis,Scientific Reports,논문,2.51,9.0,29,,unknown,아니오,,,주저자 아님,원문 분석(정답지),의과대학,의학과,,S2
2024,92,2-s2.0-85191447464,10.1016/j.energy.2024.131395,Comprehensive transferability assessment of short-term cross-building-energy prediction using deep adversarial network transfer learning,Energy,논문,2.51,9.0,28,,unknown,예,Yoon S.,교신,교신저자,원문 분석(정답지),공과대학,건설환경공학부,,S1
2024,93,2-s2.0-85183892987,10.1002/cey2.487,Stable immobilization of lithium polysulfides using three-dimensional ordered mesoporous Mn2O3 as the host material in lithium–sulfur batteries,Carbon Energy,논문,2.51,9.0,27,,unknown,예,Park S.J.; Kim Y.J.; Mun J.; Kim K.J.,제1·교신,제1·교신 겸직,원문 분석(정답지),성균나노과학기술원,성균나노과학기술원,,S1
2024,94,2-s2.0-85191084652,10.1186/s13058-024-01821-w,Screening mammography performance according to breast density: a comparison between radiologists versus standalone intelligence detection,Breast Cancer Research,논문,2.51,9.0,22,,unknown,예,Kwon M.R.; Chang Y.; Ham S.Y.; Ryu S.,제1·공동제1·교신,제1·교신 겸직,메타데이터 규칙,의과대학,의학과,,S1
2024,95,2-s2.0-85180198527,10.1007/s10549-023-07165-x,"Clinical effectiveness and safety of olaparib in BRCA-mutated, HER2-negative metastatic breast cancer in a real-world setting: final analysis of LUCY",Breast Cancer Research and Treatment,논문,2.51,9.0,22,,unknown,아니오,,,주저자 아님,검증 불가 대형(저자 목록 잘림·컨소시엄),의과대학,의학과,,S2
2024,96,2-s2.0-85190264567,10.1016/j.esmoop.2024.102974,"Pan-Asian adapted ESMO Clinical Practice Guidelines for the diagnosis, treatment and follow-up of patients with early breast cancer",ESMO Open,논문,2.51,9.0,22,,unknown,아니오,,,주저자 아님,원문 분석(정답지),의과대학,의학과,,S2
2024,97,2-s2.0-85211351805,10.1038/s41698-024-00770-z,A universal immunohistochemistry analyzer for generalizing AI-driven assessment of immunohistochemistry across immunostains and cancer types,Npj Precision Oncology,논문,2.51,9.0,22,,unknown,아니오,,,주저자 아님,메타데이터 규칙,대학 미상(rims 연결),의학과,,S2
2024,98,2-s2.0-85188015895,10.1016/j.jaci.2024.02.014,Skin biomarkers predict the development of food allergy in early life,Journal of Allergy and Clinical Immunology,논문,2.51,9.0,21,,unknown,예,Kim J.; Ahn K.,공동제1·교신,제1·교신 겸직,원문 분석(정답지),의과대학,의학과,,S1
2024,99,2-s2.0-85204802091,10.1016/j.marpolbul.2024.117011,A review of environmental epigenetics in aquatic invertebrates,Marine Pollution Bulletin,논문,2.51,9.0,18,,unknown,예,Kim M.S.; Lee J.S.,제1·교신,제1·교신 겸직,원문 분석(정답지),자연과학대학,생명과학과,,S1
2024,100,2-s2.0-86000476700,10.1109/ecce55643.2024.10861824,Bidirectional Performance-considered 11 kW Integrated Wired/Wireless EV Charging System with Effective Operation Strategy,2024 IEEE Energy Conversion Congress and Exposition Ecce 2024 Proceedings,학술대회,2.51,9.0,4,,unknown,예,Lee J.A.,제1·교신,제1·교신 겸직,메타데이터 규칙,정보통신대학,전자전기공학부,,S1
2024,101,2-s2.0-85185103303,10.1002/smtd.202301710,Tetradentate Pt(II) Complexes with Bulky Carbazole Moieties for High-Efficiency and Narrow-Emitting Blue Organic Light-Emitting Devices,Small Methods,논문,2.5,10.0,34,,unknown,예,Cheong K.; Lee J.Y.,제1·교신,제1·교신 겸직,원문 분석(정답지),공과대학,화학공학부,,S1
2024,102,2-s2.0-85175331684,10.1002/adfm.202309250,Phase-Bridged Hierarchical Catalysts for Efficient and Stable Water Electrolysis,Advanced Functional Materials,논문,2.5,10.0,29,,unknown,예,Baik J.M.,교신,교신저자,원문 분석(정답지),공과대학,신소재공학부,,S1
2024,103,2-s2.0-85187924587,10.1002/adma.202310015,Junctionless Negative-Differential-Resistance Device Using 2D Van-Der-Waals Layered Materials for Ternary Parallel Computing,Advanced Materials,논문,2.5,10.0,28,,unknown,예,Lee T.; Jung K.S.; Seo S.; Park J.H.,제1·공동제1·교신,제1·교신 겸직,원문 분석(정답지),정보통신대학,전자전기공학부,,S1
2024,104,2-s2.0-85198959063,10.1016/j.jmrt.2024.07.048,Optimization of flow behavior models by genetic algorithm: A case study of aluminum alloy,Journal of Materials Research and Technology,논문,2.5,10.0,27,,unknown,예,Li S.; Chen W.; Lee J.,제1·공동제1·교신,제1·교신 겸직,원문 분석(정답지),대학 미상(rims 연결),공학연구원,,S1
2024,105,2-s2.0-85184425705,10.1002/solr.202300958,Accelerated Degradation of FAPbI3 Perovskite by Excess Charge Carriers and Humidity,Solar Rrl,논문,2.5,10.0,24,,unknown,예,Lee S.R.; Park J.S.; Lee J.W.,제1·교신,제1·교신 겸직,원문 분석(정답지),성균나노과학기술원,성균나노과학기술원,,S1
2024,106,2-s2.0-85181837850,10.1016/j.clml.2023.12.005,Mosunetuzumab Safety Profile in Patients With Relapsed/Refractory B-cell Non-Hodgkin Lymphoma: Clinical Management Experience From a Pivotal Phase I/II Trial,Clinical Lymphoma Myeloma and Leukemia,논문,2.5,10.0,24,,unknown,아니오,,,주저자 아님,원문 분석(정답지),의과대학,의학과,,S2
2024,107,2-s2.0-85204195865,10.1186/s12933-024-02417-6,Cardiometabolic benefits of fenofibrate in heart failure related to obesity and diabetes,Cardiovascular Diabetology,논문,2.5,10.0,18,,unknown,예,Park C.Y.,교신,교신저자,원문 분석(정답지),의과대학,의학과,,S2
2024,108,2-s2.0-85200019022,10.1093/oso/9780197689783.003.0005,Individualism-collectivism and group creativity: A synergy perspective,Handbook of Advances in Culture and Psychology Volume 10,단행본 장,2.5,10.0,2,,unknown,예,Choi H.S.,제1·교신,제1·교신 겸직,메타데이터 규칙,사회과학대학,심리학과,,S1
2024,109,2-s2.0-85198329297,10.1021/acsenergylett.4c01150,Microencapsulation of Grain Boundaries for Moisture-Stable Perovskite Solar Cells,ACS Energy Letters,논문,2.49,10.0,28,,unknown,예,Choi Y.W.; Park N.G.,제1·교신,제1·교신 겸직,메타데이터 규칙,공과대학,화학공학부,,S1
2024,110,2-s2.0-85187722476,10.1103/physrevb.109.125121,Topological quantum chains protected by dipolar and other modulated symmetries,Physical Review B,논문,2.49,10.0,23,,unknown,예,Han J.H.,제1,제1저자,메타데이터 규칙,자연과학대학,물리학과,,S1
2024,111,2-s2.0-105000468835,,GSGAN: Adversarial Learning for Hierarchical Generation of 3D Gaussian Splats,Advances in Neural Information Processing Systems,학술대회,2.49,10.0,8,,unknown,예,Hyun S.; Heo J.P.,제1·교신,제1·교신 겸직,메타데이터 규칙,소프트웨어융합대학,소프트웨어학과,,S1
2024,112,2-s2.0-85195396951,10.1016/j.neuroimage.2024.120663,Latent diffusion model-based MRI superresolution enhances mild cognitive impairment prognostication and Alzheimer's disease classification,Neuroimage,논문,2.48,10.0,19,,unknown,아니오,,,주저자 아님,원문 분석(정답지),대학 미상(rims 연결),의학과,,S2
2024,113,2-s2.0-85193256722,10.1016/j.jcin.2024.03.021,Impact of Intravascular Imaging-Guided Stent Optimization According to Clinical Presentation in Patients Undergoing Complex PCI,Jacc Cardiovascular Interventions,논문,2.48,10.0,17,,unknown,예,Lee S.Y.; Choi K.H.; Hahn J.Y.,제1·공동제1·교신,제1·교신 겸직,원문 분석(정답지),의과대학,의학과,,S2
2024,114,2-s2.0-85184189628,10.1002/aenm.202303343,Understanding Piezoionic Effects in Chemo–Mechanical Energy Harvesting by Carbon Nanotube Yarn Twists,Advanced Energy Materials,논문,2.47,10.0,35,,unknown,예,Oh S.,공동제1,제1저자,원문 분석(정답지),성균융합원,에너지학과,,S1
2024,115,2-s2.0-85182563661,10.1021/acs.analchem.3c04690,Double-Amplified Electrochemiluminescence Immunoassay Sensor for Highly Sensitive Detection of CA19-9 Using a Ternary Semiconductor CdSSe,Analytical Chemistry,논문,2.47,10.0,30,,unknown,예,Wei Q.,교신,교신저자,메타데이터 규칙,자연과학대학,화학과,,S1
2024,116,2-s2.0-85202873874,10.1038/s41467-024-51756-1,Random laser ablated tags for anticounterfeiting purposes and towards physically unclonable functions,Nature Communications,논문,2.47,10.0,30,,unknown,예,Gandla S.; Kim S.,제1·교신,제1·교신 겸직,원문 분석(정답지),공과대학,신소재공학부,,S1
2024,117,2-s2.0-85200700079,10.1186/s12931-024-02908-w,Therapeutic efficacy of thrombin-preconditioned mesenchymal stromal cell-derived extracellular vesicles on Escherichia coli-induced acute lung injury in mice,Respiratory Research,논문,2.47,10.0,15,,unknown,예,Bang Y.; Hwang S.; Chang Y.S.,제1·공동제1·교신,제1·교신 겸직,원문 분석(정답지),의과대학,의학과,,S1
2024,118,2-s2.0-85204028198,10.1183/13993003.01947-2023,Single-cell sequencing reveals cellular landscape alterations in the airway mucosa of patients with pulmonary long COVID,European Respiratory Journal,논문,2.47,10.0,15,,unknown,예,Park H.Y.,공동제1,제1저자,메타데이터 규칙,의과대학,의학과,,S2
2024,119,2-s2.0-85183090111,10.1007/s12190-023-01982-5,On the exponential augmented Zagreb index of graphs,Journal of Applied Mathematics and Computing,논문,2.47,10.0,14,,unknown,예,Das K.C.; Huh D.Y.,제1·교신,제1·교신 겸직,원문 분석(정답지),자연과학대학,수학과,,S1
2024,120,2-s2.0-85185834539,10.1093/ehjcvp/pvad090,Associations of omega-3 fatty acids vs. fenofibrate with adverse cardiovascular outcomes in people with metabolic syndrome: propensity matched cohort study,European Heart Journal Cardiovascular Pharmacotherapy,논문,2.47,10.0,14,,unknown,예,Kim J.Y.,공동제1,제1저자,메타데이터 규칙,대학 미상(rims 연결),의학과,,S1
2024,121,2-s2.0-85181750868,10.1016/j.arth.2023.11.012,Safety of Early Surgery in Hip Fracture Patients Taking Clopidogrel and/or Aspirin: A Systematic Review and Meta-Analysis,Journal of Arthroplasty,논문,2.47,10.0,12,,unknown,아니오,,,주저자 아님,원문 분석(정답지),의과대학,의학과,,S2
2024,122,2-s2.0-105004639054,10.1007/978-3-031-72384-1_68,Radiomics Fill-Mammo: Synthetic Mammogram Mass Manipulation with Radiomics Features,Lecture Notes in Computer Science,학술대회,2.47,10.0,7,,unknown,예,Na I.; Park H.,제1·교신,제1·교신 겸직,메타데이터 규칙,의과대학,의학과,,S1
2024,123,2-s2.0-85188998866,10.1016/j.ijmecsci.2024.109167,Pressure drop correlation for subcooled flow boiling in micro-channel heat sink,International Journal of Mechanical Sciences,논문,2.46,10.0,22,,unknown,예,Rohini A.K.; Kim S.M.,제1·교신,제1·교신 겸직,원문 분석(정답지),대학 미상(rims 연결),복합재료동시설계산업기술거점센터,,S1
2024,124,2-s2.0-85189279599,10.1016/j.esci.2024.100243,Managing the lifecycle of perovskite solar cells: Addressing stability and environmental concerns from utilization to end-of-life,Escience,리뷰,2.45,10.0,83,,unknown,예,Kim H.J.; Jung H.S.,제1·교신,제1·교신 겸직,원문 분석(정답지),공과대학,신소재공학부,,S1
2024,125,2-s2.0-85207758731,10.1016/j.mtcomm.2024.110813,Leveraging machine learning to minimize experimental trials and predict hot deformation behaviour in dual phase high entropy alloys,Materials Today Communications,논문,2.45,10.0,27,,unknown,예,Jain S.,제1·교신,제1·교신 겸직,메타데이터 규칙,대학 미상(rims 연결),신소재공학부,,S1
2024,126,2-s2.0-85202959981,10.1016/j.compbiomed.2024.109087,m5C-Seq: Machine learning-enhanced profiling of RNA 5-methylcytosine modifications,Computers in Biology and Medicine,논문,2.45,10.0,27,,unknown,예,Abbas Z.; Lee S.W.,제1·교신,제1·교신 겸직,원문 분석(정답지),의과대학,의학과,,S2
2024,127,2-s2.0-85175647380,10.1016/j.chest.2023.09.026,Pulmonary Rehabilitation Is Associated With Decreased Exacerbation and Mortality in Patients With COPD: A Nationwide Korean Study,Chest,학술대회,2.45,10.0,24,,unknown,아니오,,,주저자 아님,원문 분석(정답지),의과대학,의학과,,S2
2024,128,2-s2.0-85207811737,10.1016/j.qref.2024.101929,Intraday analyses on weather-induced sentiment and stock market behavior,Quarterly Review of Economics and Finance,논문,2.45,10.0,22,,unknown,예,Ryu D.,교신,교신저자,메타데이터 규칙,경제대학,경제학과,,S1
2024,129,2-s2.0-85195383701,10.15283/ijsc24044,Guidelines for Manufacturing and Application of Organoids: Liver,International Journal of Stem Cells,논문,2.45,10.0,18,,unknown,예,Ahn S.J.,교신,교신저자,원문 분석(정답지),산학협력단,산학협력단,,S1
2024,130,2-s2.0-85195372155,10.15283/ijsc24056,Guidelines for Manufacturing and Application of Organoids: Brain,International Journal of Stem Cells,논문,2.45,10.0,18,,unknown,예,Ahn S.J.,교신,교신저자,원문 분석(정답지),산학협력단,산학협력단,,S1
2024,131,2-s2.0-85186944184,10.1111/dom.15526,"A multicentre, double-blind, placebo-controlled, randomized, parallel comparison, phase 3 trial to evaluate the efficacy and safety of pioglitazone add-on therapy in type 2 diabetic patients treated with metformin and dapagliflozin",Diabetes Obesity and Metabolism,논문,2.45,10.0,18,,unknown,아니오,,,주저자 아님,원문 분석(정답지),의과대학,의학과,,S2
2024,132,2-s2.0-85176382480,10.1016/j.chest.2023.07.017,Association Between Regular Moderate to Vigorous Physical Activity Initiation Following COPD Diagnosis and Mortality: An Emulated Target Trial Using Nationwide Cohort Data,Chest,논문,2.45,10.0,16,,unknown,예,Kim T.; Kim H.; Park H.Y.,제1·공동제1·교신,제1·교신 겸직,원문 분석(정답지),의과대학,의학과,,S1
2024,133,2-s2.0-85193101001,10.4178/epih.e2024034,Predictive ability of the Chinese visceral adiposity index for incident hypertension in working-aged Koreans,Epidemiology and Health,논문,2.45,10.0,14,,unknown,예,Jung J.Y.; Park S.K.,제1·교신,제1·교신 겸직,원문 분석(정답지),대학 미상(rims 연결),,,S2
2024,134,2-s2.0-85203601490,10.1109/vlsitechnologyandcir46783.2024.10631402,A 92.8% Power Reduction Event-Driven Dual-Mode Touch Analog Front-End IC Featuring 620μW Self-Capacitance Sensing and 500fps Mutual-Capacitance Sensing,Digest of Technical Papers Symposium on VLSI Technology,학술대회,2.45,10.0,5,,unknown,예,Choi J.,제1,제1저자,메타데이터 규칙,두뇌한국21사업단,지속가능ICT미래인재교육연구단,,S1
2024,135,2-s2.0-85214883528,10.1109/icce-asia63397.2024.10773905,Performance Characterization of CXL Memory Expander: Impact on Read and Write Latencies,2024 IEEE International Conference on Consumer Electronics Asia Icce Asia 2024,학술대회,2.45,10.0,5,,unknown,예,Park J.; Hong S.,제1·교신,제1·교신 겸직,메타데이터 규칙,정보통신대학,반도체시스템공학과,,S1
2024,136,2-s2.0-85191689595,10.1007/s42341-024-00536-1,Approaches to Improve Mobility and Stability of IGZO TFTs: A Brief Review,Transactions on Electrical and Electronic Materials,리뷰,2.44,10.0,69,,unknown,예,Pan Z.; Pham D.P.; Yi J.,제1·교신,제1·교신 겸직,원문 분석(정답지),두뇌한국21사업단,지속가능ICT미래인재교육연구단,,S1
2024,137,2-s2.0-85200910840,10.1016/s2352-3026(24)00148-0,"Isatuximab plus carfilzomib–dexamethasone versus carfilzomib–dexamethasone in patients with relapsed multiple myeloma (IKEMA): overall survival analysis of a phase 3, randomised, controlled trial",Lancet Haematology,논문,2.44,10.0,26,,unknown,아니오,,,주저자 아님,메타데이터 규칙,의과대학,의학과,,S2
2024,138,2-s2.0-85184214535,10.1038/s41423-024-01136-y,CD200Rhigh neutrophils with dysfunctional autophagy establish systemic immunosuppression by increasing regulatory T cells,Cellular and Molecular Immunology,논문,2.44,10.0,18,,unknown,예,Kim Y.S.; Bae Y.S.,제1·교신,제1·교신 겸직,메타데이터 규칙,대학 미상(rims 연결),글로벌바이오엑스퍼트교육연구단,,S1
2024,139,2-s2.0-85181823082,10.1016/j.bjps.2023.12.004,The early postoperative effects of rinsing the breast pocket with tranexamic acid in prepectoral prosthetic breast reconstruction,Journal of Plastic Reconstructive and Aesthetic Surgery,논문,2.44,10.0,9,,unknown,예,Bae J.; Mun G.H.,제1·교신,제1·교신 겸직,원문 분석(정답지),의과대학,의학과,,S2
2024,140,2-s2.0-85183611826,10.1016/j.surg.2023.12.023,Clinical impact of coexistent chronic lymphocytic thyroiditis on central lymph node metastasis in low- to intermediate-risk papillary thyroid carcinoma: The MASTER study,Surgery United States,논문,2.44,10.0,9,,unknown,예,Choe J.H.,교신,교신저자,원문 분석(정답지),의과대학,의학과,,S2
2024,141,2-s2.0-85194831167,10.1007/s00208-024-02893-x,A sharp Hörmander estimate for multi-parameter and multi-linear Fourier multiplier operators,Mathematische Annalen,논문,2.44,10.0,7,,unknown,아니오,,,주저자 아님,원문 분석(정답지),자연과학대학,수학과,,S1
2024,142,2-s2.0-85200529987,10.1093/oxfordhb/9780190621681.013.9,Evolution of Korean music education: From ritual music to Gugak,Oxford Handbook of Asian Philosophies in Music Education,단행본 장,2.44,10.0,1,,unknown,예,Park S.J.,제1·교신,제1·교신 겸직,메타데이터 규칙,유학대학,유학.동양학과,,S1
2024,143,2-s2.0-85192152162,10.1016/j.apsusc.2024.160123,Particle size dependence of nanoclustered ceria abrasives on surface activity and chemical mechanical planarization performance,Applied Surface Science,논문,2.43,10.0,24,,unknown,예,Kim N.Y.; Hwang U.; Nam J.D.,제1·공동제1·교신,제1·교신 겸직,원문 분석(정답지),공과대학,기계공학부,,S1
2024,144,2-s2.0-85191554956,10.3390/act13040136,Adaptive Quick Sliding Mode Reaching Law and Disturbance Observer for Robust PMSM Control Systems,Actuators,논문,2.43,10.0,21,,unknown,예,Ahn H.; You K.,제1·교신,제1·교신 겸직,원문 분석(정답지),정보통신대학,전자전기공학부,,S1
2024,145,2-s2.0-85185599729,10.4168/aair.2024.16.1.42,Novel Artificial Intelligence-Based Technology to Diagnose Asthma Using Methacholine Challenge Tests,Allergy Asthma and Immunology Research,논문,2.43,10.0,18,,unknown,예,Kang N.; Lee B.J.,제1·교신,제1·교신 겸직,원문 분석(정답지),의과대학,의학과,,S2
2024,146,2-s2.0-85191016051,10.1088/1402-4896/ad3b43,"Enhanced structural, magnetodielectric, and multiferroic response in Fe and Co Co-doped Barium strontium titanate ceramics",Physica Scripta,논문,2.43,10.0,16,,unknown,아니오,,,주저자 아님,원문 분석(정답지),대학 미상(rims 연결),나노구조물리연구단,,S1
2024,147,2-s2.0-85184788025,10.1001/jamanetworkopen.2023.55331,Epidemiology and Outcomes of Non-Small Cell Lung Cancer in South Korea,JAMA Network Open,논문,2.43,10.0,14,,unknown,예,Jung H.A.,제1·교신,제1·교신 겸직,원문 분석(정답지),의과대학,의학과,,S1
2024,148,2-s2.0-85199345304,10.3389/fmed.2024.1400153,Evaluation of the quality and quantity of artificial intelligence-generated responses about anesthesia and surgery: using ChatGPT 3.5 and 4.0,Frontiers in Medicine,논문,2.43,10.0,14,,unknown,예,Choi J.; Oh A.R.; Park J.; Yang K.,제1·공동제1·교신,제1·교신 겸직,원문 분석(정답지),의과대학,의학과,,S2
2024,149,2-s2.0-85191334509,10.3390/medicina60040559,Predictors of Burden for First-Ever Stroke Survivor’s Long-Term Caregivers: A Study of KOSCO,Medicina Lithuania,논문,2.43,10.0,13,,unknown,예,Chang W.H.,교신,교신저자,원문 분석(정답지),의과대학,의학과,,S2
2024,150,2-s2.0-85199474760,10.1007/s42114-024-00923-5,Recent developments of nano-enhanced composite membranes designed for water/wastewater purification—a review,Advanced Composites and Hybrid Materials,리뷰,2.42,10.0,72,,unknown,예,Vo T.S.; Kim K.,제1·교신,제1·교신 겸직,원문 분석(정답지),공과대학,기계공학부,,S1
2024,151,2-s2.0-85197422001,10.1038/s41467-024-49791-z,"Strain-graded quantum dots with spectrally pure, stable and polarized emission",Nature Communications,논문,2.42,10.0,31,,unknown,예,Jung D.; Park J.W.; Park J.S.; Bae W.K.,제1·공동제1·교신,제1·교신 겸직,원문 분석(정답지),성균나노과학기술원,성균나노과학기술원,,S1
2024,152,2-s2.0-85213700484,10.1038/s41467-024-55018-y,Facile synthesis of nanoporous Mg crystalline structure by organic solvent-based reduction for solid-state hydrogen storage,Nature Communications,논문,2.42,10.0,30,,unknown,아니오,,,주저자 아님,메타데이터 규칙,공과대학,신소재공학부,,S1
2024,153,2-s2.0-85189212796,10.1109/cvpr52733.2024.01219,MART: Masked Affective RepresenTation Learning via Masked Temporal Distribution Distillation,Proceedings of the IEEE Computer Society Conference on Computer Vision and Pattern Recognition,학술대회,2.42,10.0,18,,unknown,아니오,,,주저자 아님,메타데이터 규칙,소프트웨어융합대학,글로벌융합학부,,S1
2024,154,2-s2.0-85198615290,10.1002/adma.202404480,Highly Luminescent Shell-Less Indium Phosphide Quantum Dots Enabled by Atomistically Tailored Surface States,Advanced Materials,논문,2.41,10.0,28,,unknown,아니오,,,주저자 아님,원문 분석(정답지),성균융합원,에너지학과,,S1
2024,155,2-s2.0-85189181598,10.1002/adma.202309189,Ultrahigh Nonlinear Responses from MXene Plasmons in the Short-Wave Infrared Range,Advanced Materials,논문,2.41,10.0,27,,unknown,예,Koo C.M.,교신,교신저자,원문 분석(정답지),대학 미상(rims 연결),공학연구원,,S1
2024,156,2-s2.0-85180225792,10.1002/smll.202309217,"Hysteresis-Free, Elastic, and Tough Hydrogel with Stretch-Rate Independence and High Stability in Physiological Conditions",Small,논문,2.41,10.0,26,,unknown,예,Ji D.; Kim J.,제1·교신,제1·교신 겸직,원문 분석(정답지),대학 미상(rims 연결),공학연구원,,S1
2024,157,2-s2.0-85206947039,10.1016/j.cmi.2024.09.011,Effect of adequacy of empirical antibiotic therapy for hospital-acquired bloodstream infections on intensive care unit patient prognosis: a causal inference approach using data from the Eurobact2 study,Clinical Microbiology and Infection,논문,2.41,10.0,16,,unknown,아니오,,,주저자 아님,검증 불가 대형(저자 목록 잘림·컨소시엄),의과대학,의학과,,S2
2024,158,2-s2.0-85182260951,10.1016/j.autcon.2023.105261,Neural network-based nonintrusive calibration for an unobserved model in digital twin-enabled building operations,Automation in Construction,논문,2.4,10.0,27,,unknown,예,Koo J.; Yoon S.,제1·교신,제1·교신 겸직,원문 분석(정답지),공과대학,건설환경공학부,,S1
2024,159,2-s2.0-85206502443,10.1021/acsenergylett.4c01876,Quantifying the Effect of Interfacial Dipoles on the Energy Level Alignment of Metal-Halide Perovskites,ACS Energy Letters,논문,2.4,10.0,27,,unknown,예,De Angelis F.,교신,교신저자,메타데이터 규칙,성균에너지과학기술원,성균에너지과학기술원,,S1
2024,160,2-s2.0-85187225482,10.1016/j.jallcom.2024.174016,Enhanced energy storage and temperature-stable dielectric properties in (1-x)[(Na0.4K0.1Bi0.5)0.94Ba0.06TiO3]-xLa0.2Sr0.7TiO3 lead-free relaxor ceramics,Journal of Alloys and Compounds,논문,2.4,10.0,23,,unknown,예,Song H.C.,교신,교신저자,원문 분석(정답지),대학 미상(rims 연결),,,S1
2024,161,2-s2.0-85190715499,10.1021/acssensors.3c02613,Fast-Response and Low-Power Self-Heating Gas Sensor Using Metal/Metal Oxide/Metal (MMOM) Structured Nanowires,ACS Sensors,논문,2.4,10.0,23,,unknown,아니오,,,주저자 아님,메타데이터 규칙,정보통신대학,반도체융합공학과,,S1
2024,162,2-s2.0-85184027217,10.1093/oncolo/oyad231,Patient-Reported Outcomes in KEYNOTE-564: Adjuvant Pembrolizumab Versus Placebo for Renal Cell Carcinoma,Oncologist,논문,2.4,10.0,22,,unknown,아니오,,,주저자 아님,원문 분석(정답지),의과대학,의학과,,S2
2024,163,2-s2.0-85191807351,10.1038/s41698-024-00559-0,Long-term oncologic outcomes of unselected triple-negative breast cancer patients according to BRCA1/2 mutations,Npj Precision Oncology,논문,2.4,10.0,21,,unknown,예,Park W.K.; Chung S.Y.; Ryu J.M.,제1·공동제1·교신,제1·교신 겸직,원문 분석(정답지),의과대학,의학과,,S2
2024,164,2-s2.0-85203787041,10.1016/j.envres.2024.119981,Ultrahigh-purity ammonia recovery from synthetic coke wastewater via membrane contactor: Overcoming phenolic interference and assessing cost efficiency,Environmental Research,논문,2.4,10.0,19,,unknown,예,Kim T.; Jang A.,제1·교신,제1·교신 겸직,원문 분석(정답지),수자원전문대학원,수자원전문대학원,,S1
2024,165,2-s2.0-85187905317,10.3802/jgo.2024.35.e40,Analysis of East Asia subgroup in Study 309/KEYNOTE-775: lenvatinib plus pembrolizumab versus treatment of physician’s choice chemotherapy in patients with previously treated advanced or recurrent endometrial cancer,Journal of Gynecologic Oncology,논문,2.4,10.0,14,,unknown,아니오,,,주저자 아님,원문 분석(정답지),의과대학,의학과,,S2
2024,166,2-s2.0-85138787084,10.1080/01621459.2022.2105704,Low-Rank Regression Models for Multiple Binary Responses and their Applications to Cancer Cell-Line Encyclopedia Data,Journal of the American Statistical Association,논문,2.4,10.0,13,,unknown,예,Park S.; Lee E.R.,제1·교신,제1·교신 겸직,메타데이터 규칙,경제대학,통계학과,,S1
2024,167,2-s2.0-85212278374,10.1007/698_2024_1119,Eco-Friendly Methods for Combating Air Pollution,Handbook of Environmental Chemistry,단행본 장,2.4,10.0,6,,unknown,아니오,,,주저자 아님,메타데이터 규칙,공과대학,공과대학,,S1
2024,168,2-s2.0-85203404295,10.1021/acs.analchem.4c03495,Aggregation-Induced Electrochemiluminescence of Ir(ppy)3-Functionalized ZIF-8 for Microcystin-LR Detection via the trans-Cleavage Activity of CRISPR-Cas12a,Analytical Chemistry,논문,2.39,10.0,31,,unknown,예,Wei Q.,교신,교신저자,메타데이터 규칙,자연과학대학,화학과,,S1
2024,169,2-s2.0-85176509292,10.1088/1361-648x/ad0915,Synthesis of superconducting phase of La0.5Ce0.5H10 at high pressures,Journal of Physics Condensed Matter,논문,2.39,10.0,25,,unknown,아니오,,,주저자 아님,원문 분석(정답지),대학 미상(rims 연결),기초과학연구원,,S1
2024,170,2-s2.0-85199655598,10.1109/isie54533.2024.10595834,Enhancing Autonomous Driving Systems through ROS2 and AWS Cloud: V2I Interaction and HPC Data Processing,IEEE International Symposium on Industrial Electronics,학술대회,2.39,10.0,5,,unknown,예,Lee S.W.,제1·교신,제1·교신 겸직,메타데이터 규칙,정보통신대학,반도체시스템공학과,,S1
2024,171,2-s2.0-85189153608,10.1002/smll.202308317,Multiplex Detection of Foodborne Pathogens using 3D Nanostructure Swab and Deep Learning-Based Classification of Raman Spectra,Small,논문,2.38,10.0,30,,unknown,예,Kang T.,교신,교신저자,원문 분석(정답지),일반대학원,바이오의약융합전공,,S1
2024,172,2-s2.0-85177229450,10.1002/adfm.202307106,Templated Assembly of Silk Fibroin for a Bio-Feedstock-Derived Heart Valve Leaflet,Advanced Functional Materials,논문,2.38,10.0,27,,unknown,아니오,,,주저자 아님,원문 분석(정답지),자연과학대학,화학과,,S1
2024,173,2-s2.0-85196025043,10.1016/j.ijheatmasstransfer.2024.125827,Utilization of XGBoost algorithm to predict dryout incipience quality for saturated flow boiling in mini/micro-channels,International Journal of Heat and Mass Transfer,논문,2.38,10.0,23,,unknown,아니오,,,주저자 아님,원문 분석(정답지),공과대학,기계공학부,,S1
2024,174,2-s2.0-85189858272,10.1016/j.nanoen.2024.109535,Ionic liquid with hydrogen bonding reducing leakage charge for enhancing triboelectric performance,Nano Energy,논문,2.37,10.0,30,,unknown,예,Hwang H.J.; Choi D.,제1·교신,제1·교신 겸직,원문 분석(정답지),공과대학,기계공학부,,S1
2024,175,2-s2.0-85205375686,10.1186/s40580-024-00445-2,Simultaneous low-frequency vibration isolation and energy harvesting via attachable metamaterials,Nano Convergence,논문,2.37,10.0,26,,unknown,예,Kim M.,교신,교신저자,원문 분석(정답지),일반대학원,신소재공학과,,S1
2024,176,2-s2.0-85210774100,10.25300/misq/2023/17403,TRUSTING AND WORKING WITH ROBOTS: A RELATIONAL DEMOGRAPHY THEORY OF PREFERENCE FOR ROBOTIC OVER HUMAN CO-WORKERS,MIS Quarterly Management Information Systems,논문,2.37,10.0,26,,unknown,예,You S.,제1·교신,제1·교신 겸직,메타데이터 규칙,경영전문대학원,경영전문대학원,,S1
2024,177,2-s2.0-85193620502,10.34133/bmr.0005,Lyoprotectant Constituents Suited for Lyophilization and Reconstitution of Stem-Cell-Derived Extracellular Vesicles,Biomaterials Research,논문,2.37,10.0,22,,unknown,아니오,,,주저자 아님,원문 분석(정답지),의과대학,의학과,,S2
2024,178,2-s2.0-85203852535,10.1097/cin.0000000000001119,A Microlearning-Based Self-directed Learning Chatbot on Medication Administration for New Nurses: A Feasibility Study,CIN Computers Informatics Nursing,논문,2.37,10.0,11,,unknown,예,Kim A.R.; Kim K.,제1·교신,제1·교신 겸직,메타데이터 규칙,대학 미상(rims 연결),,,S1
2024,179,2-s2.0-85199518500,10.1016/j.cmpb.2024.108348,Alzheimer's disease diagnosis in the metaverse,Computer Methods and Programs in Biomedicine,논문,2.36,10.0,27,,unknown,예,Rahim N.,공동제1,제1저자,원문 분석(정답지),소프트웨어융합대학,소프트웨어학과,,S1
2024,180,2-s2.0-85191967800,10.1103/physrevlett.132.172302,Emergence of Long-Range Angular Correlations in Low-Multiplicity Proton-Proton Collisions,Physical Review Letters,논문,2.36,10.0,24,,unknown,아니오,,,주저자 아님,검증 불가 대형(저자 목록 잘림·컨소시엄),대학 미상(rims 연결),물리학과,,S1
2024,181,2-s2.0-85205866085,10.1007/jhep05(2024)184,Light-flavor particle production in high-multiplicity pp collisions at s= 13 TeV as a function of transverse spherocity,Journal of High Energy Physics,논문,2.36,10.0,18,,unknown,아니오,,,주저자 아님,검증 불가 대형(저자 목록 잘림·컨소시엄),자연과학대학,물리학과,,S1
2024,182,2-s2.0-85184080365,10.1016/j.cllc.2023.12.010,STAR-121: A Phase III Randomized Study of Domvanalimab and Zimberelimab in Combination With Chemotherapy Versus Pembrolizumab With Chemotherapy in Untreated Metastatic Non–Small Cell Lung Cancer With No Actionable Gene Alterations,Clinical Lung Cancer,논문,2.36,10.0,18,,unknown,아니오,,,주저자 아님,원문 분석(정답지),의과대학,의학과,,S2
2024,183,2-s2.0-85195097875,10.1088/2752-5724/ad42ba,Annual research review of perovskite solar cells in 2023,Materials Futures,리뷰,2.35,10.0,77,,unknown,아니오,,,주저자 아님,원문 분석(정답지),대학 미상(rims 연결),화학공학전공,,S1
2024,184,2-s2.0-85194503134,10.1016/j.aquaculture.2024.741113,A comprehensive review of aeration and wastewater treatment,Aquaculture,리뷰,2.35,10.0,44,,unknown,아니오,,,주저자 아님,원문 분석(정답지),공과대학,기계공학부,,S1
2024,185,2-s2.0-85182482369,10.1049/gtd2.13077,Enhanced sliding mode controller design via meta-heuristic algorithm for robust and stable load frequency control in multi-area power systems,Iet Generation Transmission and Distribution,논문,2.35,10.0,26,,unknown,아니오,,,주저자 아님,메타데이터 규칙,대학 미상(rims 연결),융합생명공학과,,S1
2024,186,2-s2.0-85187320208,10.1021/acsaelm.3c01663,"Silk Fibroin, Sericin, and Conductive Silk Composites for Skin-Attachable Transient Electronics",ACS Applied Electronic Materials,논문,2.35,10.0,25,,unknown,예,Chae J.W.; Won S.M.,제1·교신,제1·교신 겸직,메타데이터 규칙,성균나노과학기술원,성균나노과학기술원,,S1
2024,187,2-s2.0-85206153386,10.1016/j.ajps.2024.100953,Electrostatic spraying for fine-tuning particle dimensions to enhance oral bioavailability of poorly water-soluble drugs,Asian Journal of Pharmaceutical Sciences,논문,2.35,10.0,18,,unknown,아니오,,,주저자 아님,메타데이터 규칙,약학대학,약학과,,S1
2024,188,2-s2.0-85205524843,10.1097/ico.0000000000003491,Clinical Outcomes and Indications of In-Office Sutureless Dried Gamma Ray-Sterilized Human Amniotic Membrane Transplantation with Bandage Contact Lenses in Various Ocular Surface Disorders,Cornea,논문,2.35,10.0,9,,unknown,아니오,,,주저자 아님,메타데이터 규칙,의과대학,의학과,,S1
2024,189,2-s2.0-85206664716,10.1016/j.apjo.2024.100098,Practice Patterns and Challenges in Managing Inherited Retinal Diseases Across Asia-Pacific: A Survey from the APIED Network,Asia Pacific Journal of Ophthalmology,논문,2.35,10.0,9,,unknown,아니오,,,주저자 아님,검증 불가 대형(저자 목록 잘림·컨소시엄),의과대학,의학과,,S2
