category,scope,year,count
ALL,서울대,2016,6262
ALL,서울대,2017,6632
ALL,서울대,2018,6775
ALL,서울대,2019,7042
ALL,서울대,2020,7631
ALL,서울대,2021,8168
ALL,서울대,2022,7515
ALL,서울대,2023,7285
ALL,서울대,2024,7690
ALL,서울대,2025,7934
ALL,연세대,2016,4092
ALL,연세대,2017,4026
ALL,연세대,2018,4249
ALL,연세대,2019,4598
ALL,연세대,2020,5105
ALL,연세대,2021,5694
ALL,연세대,2022,5522
ALL,연세대,2023,5180
ALL,연세대,2024,5287
ALL,연세대,2025,5530
ALL,성균관대,2016,3344
ALL,성균관대,2017,3387
ALL,성균관대,2018,3435
ALL,성균관대,2019,3627
ALL,성균관대,2020,3865
ALL,성균관대,2021,4037
ALL,성균관대,2022,3967
ALL,성균관대,2023,4075
ALL,성균관대,2024,4134
ALL,성균관대,2025,4466
ALL,가톨릭대,2016,2048
ALL,가톨릭대,2017,2032
ALL,가톨릭대,2018,2068
ALL,가톨릭대,2019,2313
ALL,가톨릭대,2020,2498
ALL,가톨릭대,2021,2733
ALL,가톨릭대,2022,2512
ALL,가톨릭대,2023,2428
ALL,가톨릭대,2024,2512
ALL,가톨릭대,2025,2611
ALL,울산대,2016,2440
ALL,울산대,2017,2481
ALL,울산대,2018,2508
ALL,울산대,2019,2603
ALL,울산대,2020,3011
ALL,울산대,2021,3341
ALL,울산대,2022,2848
ALL,울산대,2023,2690
ALL,울산대,2024,2638
ALL,울산대,2025,2748
ALL,고려대,2016,3006
ALL,고려대,2017,3219
ALL,고려대,2018,3286
ALL,고려대,2019,3581
ALL,고려대,2020,3949
ALL,고려대,2021,4235
ALL,고려대,2022,3878
ALL,고려대,2023,3769
ALL,고려대,2024,4132
ALL,고려대,2025,4786
ALL,경희대,2016,1791
ALL,경희대,2017,1816
ALL,경희대,2018,2051
ALL,경희대,2019,2089
ALL,경희대,2020,2269
ALL,경희대,2021,2420
ALL,경희대,2022,2246
ALL,경희대,2023,2178
ALL,경희대,2024,2379
ALL,경희대,2025,2641
ALL,전남대,2016,1430
ALL,전남대,2017,1521
ALL,전남대,2018,1545
ALL,전남대,2019,1655
ALL,전남대,2020,1756
ALL,전남대,2021,1965
ALL,전남대,2022,1760
ALL,전남대,2023,1720
ALL,전남대,2024,1855
ALL,전남대,2025,1820
ALL,인제대,2016,1177
ALL,인제대,2017,1233
ALL,인제대,2018,1162
ALL,인제대,2019,1249
ALL,인제대,2020,1255
ALL,인제대,2021,1280
ALL,인제대,2022,1169
ALL,인제대,2023,1080
ALL,인제대,2024,1063
ALL,인제대,2025,1090
ALL,경북대,2016,1477
ALL,경북대,2017,1590
ALL,경북대,2018,1726
ALL,경북대,2019,1784
ALL,경북대,2020,2001
ALL,경북대,2021,2205
ALL,경북대,2022,2014
ALL,경북대,2023,1890
ALL,경북대,2024,1842
ALL,경북대,2025,1937
ALL,부산대,2016,1387
ALL,부산대,2017,1487
ALL,부산대,2018,1607
ALL,부산대,2019,1620
ALL,부산대,2020,1823
ALL,부산대,2021,2016
ALL,부산대,2022,1891
ALL,부산대,2023,1782
ALL,부산대,2024,1874
ALL,부산대,2025,1959
ALL,한양대,2016,1472
ALL,한양대,2017,1443
ALL,한양대,2018,1545
ALL,한양대,2019,1727
ALL,한양대,2020,1916
ALL,한양대,2021,2040
ALL,한양대,2022,2058
ALL,한양대,2023,1884
ALL,한양대,2024,1988
ALL,한양대,2025,2081
ALL,순천향대,2016,804
ALL,순천향대,2017,836
ALL,순천향대,2018,877
ALL,순천향대,2019,983
ALL,순천향대,2020,1040
ALL,순천향대,2021,1098
ALL,순천향대,2022,1007
ALL,순천향대,2023,1062
ALL,순천향대,2024,1114
ALL,순천향대,2025,1109
ALL,아주대,2016,926
ALL,아주대,2017,875
ALL,아주대,2018,967
ALL,아주대,2019,1011
ALL,아주대,2020,1137
ALL,아주대,2021,1262
ALL,아주대,2022,1138
ALL,아주대,2023,1004
ALL,아주대,2024,1081
ALL,아주대,2025,1104
ALL,이화여대,2016,1115
ALL,이화여대,2017,1114
ALL,이화여대,2018,1075
ALL,이화여대,2019,1118
ALL,이화여대,2020,1268
ALL,이화여대,2021,1368
ALL,이화여대,2022,1334
ALL,이화여대,2023,1433
ALL,이화여대,2024,1443
ALL,이화여대,2025,1613
ALL,중앙대,2016,1070
ALL,중앙대,2017,1275
ALL,중앙대,2018,1306
ALL,중앙대,2019,1400
ALL,중앙대,2020,1537
ALL,중앙대,2021,1665
ALL,중앙대,2022,1565
ALL,중앙대,2023,1653
ALL,중앙대,2024,1692
ALL,중앙대,2025,1859
ALL,충남대,2016,1000
ALL,충남대,2017,1108
ALL,충남대,2018,1151
ALL,충남대,2019,1212
ALL,충남대,2020,1476
ALL,충남대,2021,1711
ALL,충남대,2022,1579
ALL,충남대,2023,1470
ALL,충남대,2024,1496
ALL,충남대,2025,1615
ALL,가천대,2016,924
ALL,가천대,2017,965
ALL,가천대,2018,1056
ALL,가천대,2019,1091
ALL,가천대,2020,1264
ALL,가천대,2021,1420
ALL,가천대,2022,1474
ALL,가천대,2023,1347
ALL,가천대,2024,1369
ALL,가천대,2025,1511
ALL,한림대,2016,1116
ALL,한림대,2017,1225
ALL,한림대,2018,1260
ALL,한림대,2019,1345
ALL,한림대,2020,1574
ALL,한림대,2021,1609
ALL,한림대,2022,1518
ALL,한림대,2023,1409
ALL,한림대,2024,1359
ALL,한림대,2025,1418
ALL,건국대,2016,1390
ALL,건국대,2017,1298
ALL,건국대,2018,1275
ALL,건국대,2019,1339
ALL,건국대,2020,1359
ALL,건국대,2021,1410
ALL,건국대,2022,1302
ALL,건국대,2023,1175
ALL,건국대,2024,1187
ALL,건국대,2025,1254
ALL,인하대,2016,756
ALL,인하대,2017,692
ALL,인하대,2018,724
ALL,인하대,2019,873
ALL,인하대,2020,863
ALL,인하대,2021,914
ALL,인하대,2022,832
ALL,인하대,2023,826
ALL,인하대,2024,838
ALL,인하대,2025,899
ALL,전북대,2016,961
ALL,전북대,2017,1030
ALL,전북대,2018,1111
ALL,전북대,2019,1094
ALL,전북대,2020,1153
ALL,전북대,2021,1337
ALL,전북대,2022,1275
ALL,전북대,2023,1282
ALL,전북대,2024,1296
ALL,전북대,2025,1299
ALL,KR,2016,37423
ALL,KR,2017,38079
ALL,KR,2018,39371
ALL,KR,2019,41190
ALL,KR,2020,46039
ALL,KR,2021,50397
ALL,KR,2022,48094
ALL,KR,2023,45178
ALL,KR,2024,45537
ALL,KR,2025,48381
ALL,WORLD,2016,1174253
ALL,WORLD,2017,1190240
ALL,WORLD,2018,1233589
ALL,WORLD,2019,1296678
ALL,WORLD,2020,1491614
ALL,WORLD,2021,1644005
ALL,WORLD,2022,1651900
ALL,WORLD,2023,1570202
ALL,WORLD,2024,1616962
ALL,WORLD,2025,1761326
M1,서울대,2016,91
M1,서울대,2017,87
M1,서울대,2018,107
M1,서울대,2019,98
M1,서울대,2020,119
M1,서울대,2021,128
M1,서울대,2022,115
M1,서울대,2023,125
M1,서울대,2024,152
M1,서울대,2025,206
M1,연세대,2016,45
M1,연세대,2017,50
M1,연세대,2018,55
M1,연세대,2019,53
M1,연세대,2020,83
M1,연세대,2021,93
M1,연세대,2022,72
M1,연세대,2023,82
M1,연세대,2024,66
M1,연세대,2025,93
M1,성균관대,2016,37
M1,성균관대,2017,51
M1,성균관대,2018,62
M1,성균관대,2019,63
M1,성균관대,2020,61
M1,성균관대,2021,70
M1,성균관대,2022,71
M1,성균관대,2023,69
M1,성균관대,2024,75
M1,성균관대,2025,112
M1,가톨릭대,2016,18
M1,가톨릭대,2017,20
M1,가톨릭대,2018,13
M1,가톨릭대,2019,15
M1,가톨릭대,2020,25
M1,가톨릭대,2021,29
M1,가톨릭대,2022,45
M1,가톨릭대,2023,37
M1,가톨릭대,2024,28
M1,가톨릭대,2025,48
M1,울산대,2016,31
M1,울산대,2017,36
M1,울산대,2018,38
M1,울산대,2019,37
M1,울산대,2020,36
M1,울산대,2021,35
M1,울산대,2022,41
M1,울산대,2023,34
M1,울산대,2024,31
M1,울산대,2025,49
M1,고려대,2016,49
M1,고려대,2017,65
M1,고려대,2018,66
M1,고려대,2019,62
M1,고려대,2020,63
M1,고려대,2021,74
M1,고려대,2022,73
M1,고려대,2023,57
M1,고려대,2024,74
M1,고려대,2025,108
M1,경희대,2016,50
M1,경희대,2017,56
M1,경희대,2018,73
M1,경희대,2019,73
M1,경희대,2020,62
M1,경희대,2021,63
M1,경희대,2022,61
M1,경희대,2023,58
M1,경희대,2024,61
M1,경희대,2025,92
M1,전남대,2016,23
M1,전남대,2017,27
M1,전남대,2018,15
M1,전남대,2019,31
M1,전남대,2020,27
M1,전남대,2021,25
M1,전남대,2022,34
M1,전남대,2023,15
M1,전남대,2024,31
M1,전남대,2025,39
M1,인제대,2016,15
M1,인제대,2017,17
M1,인제대,2018,16
M1,인제대,2019,17
M1,인제대,2020,19
M1,인제대,2021,17
M1,인제대,2022,18
M1,인제대,2023,17
M1,인제대,2024,22
M1,인제대,2025,29
M1,경북대,2016,29
M1,경북대,2017,34
M1,경북대,2018,32
M1,경북대,2019,34
M1,경북대,2020,46
M1,경북대,2021,42
M1,경북대,2022,29
M1,경북대,2023,19
M1,경북대,2024,36
M1,경북대,2025,35
M1,부산대,2016,23
M1,부산대,2017,19
M1,부산대,2018,30
M1,부산대,2019,23
M1,부산대,2020,28
M1,부산대,2021,38
M1,부산대,2022,44
M1,부산대,2023,25
M1,부산대,2024,23
M1,부산대,2025,40
M1,한양대,2016,33
M1,한양대,2017,30
M1,한양대,2018,32
M1,한양대,2019,22
M1,한양대,2020,35
M1,한양대,2021,29
M1,한양대,2022,36
M1,한양대,2023,37
M1,한양대,2024,36
M1,한양대,2025,53
M1,순천향대,2016,15
M1,순천향대,2017,18
M1,순천향대,2018,8
M1,순천향대,2019,14
M1,순천향대,2020,17
M1,순천향대,2021,21
M1,순천향대,2022,22
M1,순천향대,2023,28
M1,순천향대,2024,34
M1,순천향대,2025,51
M1,아주대,2016,11
M1,아주대,2017,12
M1,아주대,2018,10
M1,아주대,2019,13
M1,아주대,2020,18
M1,아주대,2021,26
M1,아주대,2022,25
M1,아주대,2023,22
M1,아주대,2024,32
M1,아주대,2025,49
M1,이화여대,2016,19
M1,이화여대,2017,24
M1,이화여대,2018,16
M1,이화여대,2019,15
M1,이화여대,2020,23
M1,이화여대,2021,25
M1,이화여대,2022,23
M1,이화여대,2023,28
M1,이화여대,2024,27
M1,이화여대,2025,37
M1,중앙대,2016,12
M1,중앙대,2017,19
M1,중앙대,2018,13
M1,중앙대,2019,16
M1,중앙대,2020,21
M1,중앙대,2021,24
M1,중앙대,2022,19
M1,중앙대,2023,33
M1,중앙대,2024,33
M1,중앙대,2025,52
M1,충남대,2016,11
M1,충남대,2017,15
M1,충남대,2018,19
M1,충남대,2019,26
M1,충남대,2020,34
M1,충남대,2021,28
M1,충남대,2022,28
M1,충남대,2023,30
M1,충남대,2024,23
M1,충남대,2025,31
M1,가천대,2016,22
M1,가천대,2017,39
M1,가천대,2018,33
M1,가천대,2019,27
M1,가천대,2020,36
M1,가천대,2021,46
M1,가천대,2022,53
M1,가천대,2023,43
M1,가천대,2024,44
M1,가천대,2025,84
M1,한림대,2016,13
M1,한림대,2017,20
M1,한림대,2018,17
M1,한림대,2019,18
M1,한림대,2020,23
M1,한림대,2021,31
M1,한림대,2022,29
M1,한림대,2023,34
M1,한림대,2024,26
M1,한림대,2025,58
M1,건국대,2016,28
M1,건국대,2017,28
M1,건국대,2018,30
M1,건국대,2019,32
M1,건국대,2020,38
M1,건국대,2021,38
M1,건국대,2022,32
M1,건국대,2023,40
M1,건국대,2024,38
M1,건국대,2025,42
M1,인하대,2016,13
M1,인하대,2017,15
M1,인하대,2018,5
M1,인하대,2019,8
M1,인하대,2020,17
M1,인하대,2021,20
M1,인하대,2022,21
M1,인하대,2023,22
M1,인하대,2024,21
M1,인하대,2025,35
M1,전북대,2016,14
M1,전북대,2017,20
M1,전북대,2018,17
M1,전북대,2019,25
M1,전북대,2020,24
M1,전북대,2021,17
M1,전북대,2022,15
M1,전북대,2023,19
M1,전북대,2024,24
M1,전북대,2025,24
M1,KR,2016,507
M1,KR,2017,573
M1,KR,2018,584
M1,KR,2019,615
M1,KR,2020,750
M1,KR,2021,805
M1,KR,2022,744
M1,KR,2023,743
M1,KR,2024,785
M1,KR,2025,1010
M1,WORLD,2016,13178
M1,WORLD,2017,14233
M1,WORLD,2018,15270
M1,WORLD,2019,16207
M1,WORLD,2020,18535
M1,WORLD,2021,20268
M1,WORLD,2022,20698
M1,WORLD,2023,20760
M1,WORLD,2024,23027
M1,WORLD,2025,28225
M2,서울대,2016,163
M2,서울대,2017,191
M2,서울대,2018,196
M2,서울대,2019,219
M2,서울대,2020,235
M2,서울대,2021,246
M2,서울대,2022,226
M2,서울대,2023,219
M2,서울대,2024,250
M2,서울대,2025,232
M2,연세대,2016,92
M2,연세대,2017,107
M2,연세대,2018,129
M2,연세대,2019,167
M2,연세대,2020,184
M2,연세대,2021,190
M2,연세대,2022,175
M2,연세대,2023,180
M2,연세대,2024,188
M2,연세대,2025,176
M2,성균관대,2016,128
M2,성균관대,2017,146
M2,성균관대,2018,148
M2,성균관대,2019,167
M2,성균관대,2020,182
M2,성균관대,2021,186
M2,성균관대,2022,167
M2,성균관대,2023,182
M2,성균관대,2024,175
M2,성균관대,2025,179
M2,가톨릭대,2016,43
M2,가톨릭대,2017,33
M2,가톨릭대,2018,58
M2,가톨릭대,2019,82
M2,가톨릭대,2020,80
M2,가톨릭대,2021,95
M2,가톨릭대,2022,84
M2,가톨릭대,2023,82
M2,가톨릭대,2024,100
M2,가톨릭대,2025,82
M2,울산대,2016,117
M2,울산대,2017,122
M2,울산대,2018,113
M2,울산대,2019,131
M2,울산대,2020,167
M2,울산대,2021,200
M2,울산대,2022,154
M2,울산대,2023,152
M2,울산대,2024,156
M2,울산대,2025,160
M2,고려대,2016,46
M2,고려대,2017,66
M2,고려대,2018,51
M2,고려대,2019,51
M2,고려대,2020,67
M2,고려대,2021,77
M2,고려대,2022,72
M2,고려대,2023,69
M2,고려대,2024,69
M2,고려대,2025,99
M2,경희대,2016,27
M2,경희대,2017,16
M2,경희대,2018,21
M2,경희대,2019,31
M2,경희대,2020,37
M2,경희대,2021,43
M2,경희대,2022,45
M2,경희대,2023,26
M2,경희대,2024,38
M2,경희대,2025,42
M2,전남대,2016,17
M2,전남대,2017,16
M2,전남대,2018,28
M2,전남대,2019,32
M2,전남대,2020,38
M2,전남대,2021,43
M2,전남대,2022,44
M2,전남대,2023,41
M2,전남대,2024,36
M2,전남대,2025,32
M2,인제대,2016,23
M2,인제대,2017,18
M2,인제대,2018,23
M2,인제대,2019,31
M2,인제대,2020,23
M2,인제대,2021,33
M2,인제대,2022,25
M2,인제대,2023,17
M2,인제대,2024,23
M2,인제대,2025,34
M2,경북대,2016,17
M2,경북대,2017,28
M2,경북대,2018,21
M2,경북대,2019,23
M2,경북대,2020,28
M2,경북대,2021,44
M2,경북대,2022,31
M2,경북대,2023,38
M2,경북대,2024,29
M2,경북대,2025,29
M2,부산대,2016,21
M2,부산대,2017,27
M2,부산대,2018,18
M2,부산대,2019,27
M2,부산대,2020,41
M2,부산대,2021,38
M2,부산대,2022,33
M2,부산대,2023,35
M2,부산대,2024,42
M2,부산대,2025,42
M2,한양대,2016,21
M2,한양대,2017,30
M2,한양대,2018,22
M2,한양대,2019,20
M2,한양대,2020,33
M2,한양대,2021,34
M2,한양대,2022,34
M2,한양대,2023,39
M2,한양대,2024,27
M2,한양대,2025,33
M2,순천향대,2016,20
M2,순천향대,2017,31
M2,순천향대,2018,33
M2,순천향대,2019,32
M2,순천향대,2020,22
M2,순천향대,2021,31
M2,순천향대,2022,31
M2,순천향대,2023,21
M2,순천향대,2024,32
M2,순천향대,2025,27
M2,아주대,2016,19
M2,아주대,2017,19
M2,아주대,2018,22
M2,아주대,2019,32
M2,아주대,2020,23
M2,아주대,2021,30
M2,아주대,2022,32
M2,아주대,2023,19
M2,아주대,2024,20
M2,아주대,2025,28
M2,이화여대,2016,17
M2,이화여대,2017,24
M2,이화여대,2018,16
M2,이화여대,2019,17
M2,이화여대,2020,19
M2,이화여대,2021,29
M2,이화여대,2022,26
M2,이화여대,2023,22
M2,이화여대,2024,26
M2,이화여대,2025,21
M2,중앙대,2016,20
M2,중앙대,2017,13
M2,중앙대,2018,16
M2,중앙대,2019,19
M2,중앙대,2020,16
M2,중앙대,2021,27
M2,중앙대,2022,30
M2,중앙대,2023,23
M2,중앙대,2024,25
M2,중앙대,2025,23
M2,충남대,2016,13
M2,충남대,2017,22
M2,충남대,2018,23
M2,충남대,2019,25
M2,충남대,2020,17
M2,충남대,2021,19
M2,충남대,2022,24
M2,충남대,2023,30
M2,충남대,2024,38
M2,충남대,2025,39
M2,가천대,2016,24
M2,가천대,2017,27
M2,가천대,2018,32
M2,가천대,2019,28
M2,가천대,2020,19
M2,가천대,2021,25
M2,가천대,2022,17
M2,가천대,2023,23
M2,가천대,2024,22
M2,가천대,2025,31
M2,한림대,2016,21
M2,한림대,2017,30
M2,한림대,2018,31
M2,한림대,2019,24
M2,한림대,2020,29
M2,한림대,2021,37
M2,한림대,2022,34
M2,한림대,2023,34
M2,한림대,2024,20
M2,한림대,2025,25
M2,건국대,2016,17
M2,건국대,2017,19
M2,건국대,2018,24
M2,건국대,2019,26
M2,건국대,2020,19
M2,건국대,2021,20
M2,건국대,2022,19
M2,건국대,2023,21
M2,건국대,2024,19
M2,건국대,2025,14
M2,인하대,2016,15
M2,인하대,2017,21
M2,인하대,2018,19
M2,인하대,2019,16
M2,인하대,2020,16
M2,인하대,2021,28
M2,인하대,2022,21
M2,인하대,2023,16
M2,인하대,2024,25
M2,인하대,2025,17
M2,전북대,2016,9
M2,전북대,2017,8
M2,전북대,2018,10
M2,전북대,2019,10
M2,전북대,2020,16
M2,전북대,2021,14
M2,전북대,2022,11
M2,전북대,2023,14
M2,전북대,2024,11
M2,전북대,2025,12
M2,KR,2016,692
M2,KR,2017,774
M2,KR,2018,780
M2,KR,2019,863
M2,KR,2020,937
M2,KR,2021,1010
M2,KR,2022,982
M2,KR,2023,865
M2,KR,2024,890
M2,KR,2025,981
M2,WORLD,2016,14786
M2,WORLD,2017,15748
M2,WORLD,2018,16765
M2,WORLD,2019,18300
M2,WORLD,2020,21126
M2,WORLD,2021,23092
M2,WORLD,2022,22719
M2,WORLD,2023,21438
M2,WORLD,2024,22571
M2,WORLD,2025,25232
M3,서울대,2016,25
M3,서울대,2017,35
M3,서울대,2018,52
M3,서울대,2019,43
M3,서울대,2020,53
M3,서울대,2021,68
M3,서울대,2022,49
M3,서울대,2023,53
M3,서울대,2024,60
M3,서울대,2025,79
M3,연세대,2016,33
M3,연세대,2017,20
M3,연세대,2018,43
M3,연세대,2019,32
M3,연세대,2020,42
M3,연세대,2021,44
M3,연세대,2022,44
M3,연세대,2023,57
M3,연세대,2024,53
M3,연세대,2025,62
M3,성균관대,2016,28
M3,성균관대,2017,40
M3,성균관대,2018,45
M3,성균관대,2019,42
M3,성균관대,2020,36
M3,성균관대,2021,48
M3,성균관대,2022,35
M3,성균관대,2023,57
M3,성균관대,2024,57
M3,성균관대,2025,48
M3,가톨릭대,2016,17
M3,가톨릭대,2017,12
M3,가톨릭대,2018,16
M3,가톨릭대,2019,20
M3,가톨릭대,2020,25
M3,가톨릭대,2021,39
M3,가톨릭대,2022,21
M3,가톨릭대,2023,24
M3,가톨릭대,2024,22
M3,가톨릭대,2025,28
M3,울산대,2016,20
M3,울산대,2017,21
M3,울산대,2018,28
M3,울산대,2019,21
M3,울산대,2020,25
M3,울산대,2021,29
M3,울산대,2022,20
M3,울산대,2023,27
M3,울산대,2024,31
M3,울산대,2025,38
M3,고려대,2016,17
M3,고려대,2017,16
M3,고려대,2018,18
M3,고려대,2019,15
M3,고려대,2020,16
M3,고려대,2021,24
M3,고려대,2022,21
M3,고려대,2023,16
M3,고려대,2024,18
M3,고려대,2025,28
M3,경희대,2016,5
M3,경희대,2017,14
M3,경희대,2018,19
M3,경희대,2019,7
M3,경희대,2020,10
M3,경희대,2021,14
M3,경희대,2022,6
M3,경희대,2023,6
M3,경희대,2024,10
M3,경희대,2025,13
M3,전남대,2016,5
M3,전남대,2017,4
M3,전남대,2018,8
M3,전남대,2019,11
M3,전남대,2020,8
M3,전남대,2021,4
M3,전남대,2022,5
M3,전남대,2023,5
M3,전남대,2024,7
M3,전남대,2025,12
M3,인제대,2016,9
M3,인제대,2017,4
M3,인제대,2018,10
M3,인제대,2019,11
M3,인제대,2020,4
M3,인제대,2021,3
M3,인제대,2022,2
M3,인제대,2023,6
M3,인제대,2024,6
M3,인제대,2025,10
M3,경북대,2016,6
M3,경북대,2017,4
M3,경북대,2018,8
M3,경북대,2019,5
M3,경북대,2020,6
M3,경북대,2021,10
M3,경북대,2022,9
M3,경북대,2023,11
M3,경북대,2024,18
M3,경북대,2025,11
M3,부산대,2016,10
M3,부산대,2017,10
M3,부산대,2018,18
M3,부산대,2019,16
M3,부산대,2020,6
M3,부산대,2021,8
M3,부산대,2022,11
M3,부산대,2023,7
M3,부산대,2024,10
M3,부산대,2025,14
M3,한양대,2016,12
M3,한양대,2017,10
M3,한양대,2018,11
M3,한양대,2019,8
M3,한양대,2020,11
M3,한양대,2021,12
M3,한양대,2022,11
M3,한양대,2023,15
M3,한양대,2024,21
M3,한양대,2025,14
M3,순천향대,2016,12
M3,순천향대,2017,8
M3,순천향대,2018,11
M3,순천향대,2019,11
M3,순천향대,2020,6
M3,순천향대,2021,6
M3,순천향대,2022,6
M3,순천향대,2023,11
M3,순천향대,2024,16
M3,순천향대,2025,7
M3,아주대,2016,3
M3,아주대,2017,2
M3,아주대,2018,1
M3,아주대,2019,3
M3,아주대,2020,6
M3,아주대,2021,12
M3,아주대,2022,6
M3,아주대,2023,8
M3,아주대,2024,6
M3,아주대,2025,11
M3,이화여대,2016,8
M3,이화여대,2017,4
M3,이화여대,2018,8
M3,이화여대,2019,10
M3,이화여대,2020,12
M3,이화여대,2021,12
M3,이화여대,2022,6
M3,이화여대,2023,9
M3,이화여대,2024,7
M3,이화여대,2025,10
M3,중앙대,2016,6
M3,중앙대,2017,7
M3,중앙대,2018,7
M3,중앙대,2019,11
M3,중앙대,2020,6
M3,중앙대,2021,5
M3,중앙대,2022,9
M3,중앙대,2023,10
M3,중앙대,2024,11
M3,중앙대,2025,16
M3,충남대,2016,1
M3,충남대,2017,3
M3,충남대,2018,7
M3,충남대,2019,0
M3,충남대,2020,4
M3,충남대,2021,8
M3,충남대,2022,6
M3,충남대,2023,6
M3,충남대,2024,4
M3,충남대,2025,3
M3,가천대,2016,6
M3,가천대,2017,3
M3,가천대,2018,7
M3,가천대,2019,8
M3,가천대,2020,2
M3,가천대,2021,4
M3,가천대,2022,5
M3,가천대,2023,1
M3,가천대,2024,7
M3,가천대,2025,10
M3,한림대,2016,6
M3,한림대,2017,2
M3,한림대,2018,8
M3,한림대,2019,6
M3,한림대,2020,7
M3,한림대,2021,8
M3,한림대,2022,3
M3,한림대,2023,10
M3,한림대,2024,7
M3,한림대,2025,15
M3,건국대,2016,3
M3,건국대,2017,4
M3,건국대,2018,7
M3,건국대,2019,8
M3,건국대,2020,6
M3,건국대,2021,10
M3,건국대,2022,7
M3,건국대,2023,5
M3,건국대,2024,13
M3,건국대,2025,5
M3,인하대,2016,2
M3,인하대,2017,2
M3,인하대,2018,6
M3,인하대,2019,6
M3,인하대,2020,2
M3,인하대,2021,2
M3,인하대,2022,4
M3,인하대,2023,1
M3,인하대,2024,2
M3,인하대,2025,7
M3,전북대,2016,1
M3,전북대,2017,0
M3,전북대,2018,3
M3,전북대,2019,5
M3,전북대,2020,3
M3,전북대,2021,2
M3,전북대,2022,1
M3,전북대,2023,4
M3,전북대,2024,4
M3,전북대,2025,8
M3,KR,2016,160
M3,KR,2017,168
M3,KR,2018,235
M3,KR,2019,197
M3,KR,2020,221
M3,KR,2021,263
M3,KR,2022,222
M3,KR,2023,236
M3,KR,2024,267
M3,KR,2025,325
M3,WORLD,2016,4578
M3,WORLD,2017,4942
M3,WORLD,2018,5720
M3,WORLD,2019,6242
M3,WORLD,2020,7077
M3,WORLD,2021,7694
M3,WORLD,2022,7642
M3,WORLD,2023,7507
M3,WORLD,2024,8309
M3,WORLD,2025,10213
M4,서울대,2016,8
M4,서울대,2017,10
M4,서울대,2018,9
M4,서울대,2019,11
M4,서울대,2020,5
M4,서울대,2021,5
M4,서울대,2022,9
M4,서울대,2023,8
M4,서울대,2024,5
M4,서울대,2025,6
M4,연세대,2016,3
M4,연세대,2017,5
M4,연세대,2018,6
M4,연세대,2019,6
M4,연세대,2020,9
M4,연세대,2021,4
M4,연세대,2022,6
M4,연세대,2023,4
M4,연세대,2024,6
M4,연세대,2025,3
M4,성균관대,2016,6
M4,성균관대,2017,3
M4,성균관대,2018,2
M4,성균관대,2019,0
M4,성균관대,2020,3
M4,성균관대,2021,3
M4,성균관대,2022,4
M4,성균관대,2023,3
M4,성균관대,2024,3
M4,성균관대,2025,4
M4,가톨릭대,2016,1
M4,가톨릭대,2017,2
M4,가톨릭대,2018,4
M4,가톨릭대,2019,1
M4,가톨릭대,2020,0
M4,가톨릭대,2021,1
M4,가톨릭대,2022,2
M4,가톨릭대,2023,2
M4,가톨릭대,2024,3
M4,가톨릭대,2025,1
M4,울산대,2016,4
M4,울산대,2017,6
M4,울산대,2018,4
M4,울산대,2019,1
M4,울산대,2020,2
M4,울산대,2021,3
M4,울산대,2022,2
M4,울산대,2023,1
M4,울산대,2024,3
M4,울산대,2025,4
M4,고려대,2016,7
M4,고려대,2017,6
M4,고려대,2018,2
M4,고려대,2019,8
M4,고려대,2020,4
M4,고려대,2021,10
M4,고려대,2022,12
M4,고려대,2023,8
M4,고려대,2024,9
M4,고려대,2025,9
M4,경희대,2016,3
M4,경희대,2017,5
M4,경희대,2018,5
M4,경희대,2019,2
M4,경희대,2020,3
M4,경희대,2021,1
M4,경희대,2022,2
M4,경희대,2023,3
M4,경희대,2024,1
M4,경희대,2025,6
M4,전남대,2016,1
M4,전남대,2017,0
M4,전남대,2018,0
M4,전남대,2019,1
M4,전남대,2020,0
M4,전남대,2021,1
M4,전남대,2022,0
M4,전남대,2023,2
M4,전남대,2024,0
M4,전남대,2025,2
M4,인제대,2016,2
M4,인제대,2017,1
M4,인제대,2018,0
M4,인제대,2019,1
M4,인제대,2020,0
M4,인제대,2021,2
M4,인제대,2022,1
M4,인제대,2023,3
M4,인제대,2024,5
M4,인제대,2025,5
M4,경북대,2016,1
M4,경북대,2017,1
M4,경북대,2018,4
M4,경북대,2019,3
M4,경북대,2020,9
M4,경북대,2021,4
M4,경북대,2022,4
M4,경북대,2023,1
M4,경북대,2024,2
M4,경북대,2025,1
M4,부산대,2016,3
M4,부산대,2017,0
M4,부산대,2018,5
M4,부산대,2019,0
M4,부산대,2020,1
M4,부산대,2021,2
M4,부산대,2022,1
M4,부산대,2023,1
M4,부산대,2024,0
M4,부산대,2025,1
M4,한양대,2016,3
M4,한양대,2017,4
M4,한양대,2018,2
M4,한양대,2019,1
M4,한양대,2020,3
M4,한양대,2021,0
M4,한양대,2022,0
M4,한양대,2023,0
M4,한양대,2024,1
M4,한양대,2025,2
M4,순천향대,2016,0
M4,순천향대,2017,1
M4,순천향대,2018,0
M4,순천향대,2019,0
M4,순천향대,2020,1
M4,순천향대,2021,1
M4,순천향대,2022,0
M4,순천향대,2023,1
M4,순천향대,2024,4
M4,순천향대,2025,1
M4,아주대,2016,2
M4,아주대,2017,1
M4,아주대,2018,1
M4,아주대,2019,0
M4,아주대,2020,4
M4,아주대,2021,1
M4,아주대,2022,2
M4,아주대,2023,2
M4,아주대,2024,2
M4,아주대,2025,4
M4,이화여대,2016,1
M4,이화여대,2017,0
M4,이화여대,2018,0
M4,이화여대,2019,0
M4,이화여대,2020,1
M4,이화여대,2021,1
M4,이화여대,2022,0
M4,이화여대,2023,1
M4,이화여대,2024,1
M4,이화여대,2025,0
M4,중앙대,2016,0
M4,중앙대,2017,2
M4,중앙대,2018,2
M4,중앙대,2019,0
M4,중앙대,2020,1
M4,중앙대,2021,0
M4,중앙대,2022,1
M4,중앙대,2023,1
M4,중앙대,2024,4
M4,중앙대,2025,4
M4,충남대,2016,2
M4,충남대,2017,0
M4,충남대,2018,0
M4,충남대,2019,0
M4,충남대,2020,3
M4,충남대,2021,0
M4,충남대,2022,0
M4,충남대,2023,1
M4,충남대,2024,0
M4,충남대,2025,0
M4,가천대,2016,0
M4,가천대,2017,0
M4,가천대,2018,0
M4,가천대,2019,0
M4,가천대,2020,3
M4,가천대,2021,2
M4,가천대,2022,2
M4,가천대,2023,2
M4,가천대,2024,0
M4,가천대,2025,0
M4,한림대,2016,0
M4,한림대,2017,1
M4,한림대,2018,1
M4,한림대,2019,4
M4,한림대,2020,2
M4,한림대,2021,0
M4,한림대,2022,1
M4,한림대,2023,2
M4,한림대,2024,2
M4,한림대,2025,2
M4,건국대,2016,1
M4,건국대,2017,0
M4,건국대,2018,1
M4,건국대,2019,3
M4,건국대,2020,2
M4,건국대,2021,2
M4,건국대,2022,1
M4,건국대,2023,1
M4,건국대,2024,1
M4,건국대,2025,2
M4,인하대,2016,0
M4,인하대,2017,1
M4,인하대,2018,2
M4,인하대,2019,0
M4,인하대,2020,1
M4,인하대,2021,0
M4,인하대,2022,0
M4,인하대,2023,0
M4,인하대,2024,2
M4,인하대,2025,1
M4,전북대,2016,1
M4,전북대,2017,0
M4,전북대,2018,2
M4,전북대,2019,1
M4,전북대,2020,0
M4,전북대,2021,0
M4,전북대,2022,0
M4,전북대,2023,0
M4,전북대,2024,0
M4,전북대,2025,0
M4,KR,2016,49
M4,KR,2017,43
M4,KR,2018,50
M4,KR,2019,41
M4,KR,2020,52
M4,KR,2021,46
M4,KR,2022,48
M4,KR,2023,45
M4,KR,2024,48
M4,KR,2025,54
M4,WORLD,2016,1640
M4,WORLD,2017,1656
M4,WORLD,2018,1741
M4,WORLD,2019,1694
M4,WORLD,2020,1857
M4,WORLD,2021,2020
M4,WORLD,2022,2048
M4,WORLD,2023,2024
M4,WORLD,2024,2116
M4,WORLD,2025,2515
M5,서울대,2016,17
M5,서울대,2017,16
M5,서울대,2018,16
M5,서울대,2019,13
M5,서울대,2020,23
M5,서울대,2021,26
M5,서울대,2022,18
M5,서울대,2023,14
M5,서울대,2024,25
M5,서울대,2025,30
M5,연세대,2016,7
M5,연세대,2017,5
M5,연세대,2018,3
M5,연세대,2019,7
M5,연세대,2020,4
M5,연세대,2021,8
M5,연세대,2022,9
M5,연세대,2023,7
M5,연세대,2024,13
M5,연세대,2025,6
M5,성균관대,2016,6
M5,성균관대,2017,8
M5,성균관대,2018,8
M5,성균관대,2019,9
M5,성균관대,2020,6
M5,성균관대,2021,8
M5,성균관대,2022,13
M5,성균관대,2023,11
M5,성균관대,2024,15
M5,성균관대,2025,17
M5,가톨릭대,2016,3
M5,가톨릭대,2017,10
M5,가톨릭대,2018,9
M5,가톨릭대,2019,6
M5,가톨릭대,2020,3
M5,가톨릭대,2021,6
M5,가톨릭대,2022,5
M5,가톨릭대,2023,2
M5,가톨릭대,2024,1
M5,가톨릭대,2025,4
M5,울산대,2016,4
M5,울산대,2017,3
M5,울산대,2018,6
M5,울산대,2019,1
M5,울산대,2020,5
M5,울산대,2021,2
M5,울산대,2022,2
M5,울산대,2023,4
M5,울산대,2024,3
M5,울산대,2025,5
M5,고려대,2016,23
M5,고려대,2017,25
M5,고려대,2018,24
M5,고려대,2019,24
M5,고려대,2020,20
M5,고려대,2021,24
M5,고려대,2022,20
M5,고려대,2023,18
M5,고려대,2024,22
M5,고려대,2025,12
M5,경희대,2016,3
M5,경희대,2017,2
M5,경희대,2018,3
M5,경희대,2019,4
M5,경희대,2020,4
M5,경희대,2021,3
M5,경희대,2022,4
M5,경희대,2023,17
M5,경희대,2024,20
M5,경희대,2025,18
M5,전남대,2016,5
M5,전남대,2017,3
M5,전남대,2018,2
M5,전남대,2019,4
M5,전남대,2020,1
M5,전남대,2021,4
M5,전남대,2022,5
M5,전남대,2023,6
M5,전남대,2024,4
M5,전남대,2025,10
M5,인제대,2016,4
M5,인제대,2017,3
M5,인제대,2018,4
M5,인제대,2019,5
M5,인제대,2020,8
M5,인제대,2021,10
M5,인제대,2022,10
M5,인제대,2023,4
M5,인제대,2024,8
M5,인제대,2025,7
M5,경북대,2016,0
M5,경북대,2017,2
M5,경북대,2018,0
M5,경북대,2019,1
M5,경북대,2020,2
M5,경북대,2021,1
M5,경북대,2022,2
M5,경북대,2023,1
M5,경북대,2024,5
M5,경북대,2025,7
M5,부산대,2016,3
M5,부산대,2017,2
M5,부산대,2018,2
M5,부산대,2019,2
M5,부산대,2020,5
M5,부산대,2021,7
M5,부산대,2022,4
M5,부산대,2023,3
M5,부산대,2024,4
M5,부산대,2025,2
M5,한양대,2016,2
M5,한양대,2017,0
M5,한양대,2018,1
M5,한양대,2019,3
M5,한양대,2020,4
M5,한양대,2021,8
M5,한양대,2022,13
M5,한양대,2023,5
M5,한양대,2024,12
M5,한양대,2025,14
M5,순천향대,2016,4
M5,순천향대,2017,4
M5,순천향대,2018,7
M5,순천향대,2019,3
M5,순천향대,2020,0
M5,순천향대,2021,7
M5,순천향대,2022,5
M5,순천향대,2023,4
M5,순천향대,2024,7
M5,순천향대,2025,3
M5,아주대,2016,0
M5,아주대,2017,0
M5,아주대,2018,0
M5,아주대,2019,0
M5,아주대,2020,1
M5,아주대,2021,2
M5,아주대,2022,1
M5,아주대,2023,1
M5,아주대,2024,3
M5,아주대,2025,2
M5,이화여대,2016,1
M5,이화여대,2017,0
M5,이화여대,2018,1
M5,이화여대,2019,1
M5,이화여대,2020,3
M5,이화여대,2021,3
M5,이화여대,2022,1
M5,이화여대,2023,1
M5,이화여대,2024,1
M5,이화여대,2025,2
M5,중앙대,2016,3
M5,중앙대,2017,4
M5,중앙대,2018,4
M5,중앙대,2019,1
M5,중앙대,2020,0
M5,중앙대,2021,1
M5,중앙대,2022,3
M5,중앙대,2023,1
M5,중앙대,2024,0
M5,중앙대,2025,4
M5,충남대,2016,0
M5,충남대,2017,1
M5,충남대,2018,0
M5,충남대,2019,2
M5,충남대,2020,0
M5,충남대,2021,1
M5,충남대,2022,3
M5,충남대,2023,3
M5,충남대,2024,3
M5,충남대,2025,2
M5,가천대,2016,2
M5,가천대,2017,6
M5,가천대,2018,5
M5,가천대,2019,1
M5,가천대,2020,7
M5,가천대,2021,8
M5,가천대,2022,4
M5,가천대,2023,4
M5,가천대,2024,5
M5,가천대,2025,6
M5,한림대,2016,2
M5,한림대,2017,2
M5,한림대,2018,1
M5,한림대,2019,0
M5,한림대,2020,2
M5,한림대,2021,2
M5,한림대,2022,3
M5,한림대,2023,6
M5,한림대,2024,2
M5,한림대,2025,3
M5,건국대,2016,4
M5,건국대,2017,2
M5,건국대,2018,3
M5,건국대,2019,0
M5,건국대,2020,1
M5,건국대,2021,1
M5,건국대,2022,3
M5,건국대,2023,3
M5,건국대,2024,1
M5,건국대,2025,0
M5,인하대,2016,1
M5,인하대,2017,1
M5,인하대,2018,0
M5,인하대,2019,0
M5,인하대,2020,1
M5,인하대,2021,2
M5,인하대,2022,0
M5,인하대,2023,2
M5,인하대,2024,2
M5,인하대,2025,1
M5,전북대,2016,1
M5,전북대,2017,1
M5,전북대,2018,5
M5,전북대,2019,2
M5,전북대,2020,2
M5,전북대,2021,2
M5,전북대,2022,4
M5,전북대,2023,6
M5,전북대,2024,4
M5,전북대,2025,6
M5,KR,2016,58
M5,KR,2017,73
M5,KR,2018,77
M5,KR,2019,75
M5,KR,2020,82
M5,KR,2021,109
M5,KR,2022,92
M5,KR,2023,93
M5,KR,2024,109
M5,KR,2025,124
M5,WORLD,2016,3062
M5,WORLD,2017,2967
M5,WORLD,2018,3285
M5,WORLD,2019,3393
M5,WORLD,2020,3769
M5,WORLD,2021,4107
M5,WORLD,2022,4117
M5,WORLD,2023,4190
M5,WORLD,2024,4466
M5,WORLD,2025,5542
M6,서울대,2016,1
M6,서울대,2017,1
M6,서울대,2018,0
M6,서울대,2019,4
M6,서울대,2020,2
M6,서울대,2021,12
M6,서울대,2022,27
M6,서울대,2023,20
M6,서울대,2024,27
M6,서울대,2025,32
M6,연세대,2016,1
M6,연세대,2017,4
M6,연세대,2018,3
M6,연세대,2019,5
M6,연세대,2020,3
M6,연세대,2021,10
M6,연세대,2022,18
M6,연세대,2023,14
M6,연세대,2024,19
M6,연세대,2025,17
M6,성균관대,2016,0
M6,성균관대,2017,0
M6,성균관대,2018,0
M6,성균관대,2019,0
M6,성균관대,2020,2
M6,성균관대,2021,11
M6,성균관대,2022,16
M6,성균관대,2023,16
M6,성균관대,2024,22
M6,성균관대,2025,18
M6,가톨릭대,2016,1
M6,가톨릭대,2017,1
M6,가톨릭대,2018,0
M6,가톨릭대,2019,0
M6,가톨릭대,2020,2
M6,가톨릭대,2021,2
M6,가톨릭대,2022,12
M6,가톨릭대,2023,12
M6,가톨릭대,2024,13
M6,가톨릭대,2025,24
M6,울산대,2016,0
M6,울산대,2017,0
M6,울산대,2018,0
M6,울산대,2019,0
M6,울산대,2020,0
M6,울산대,2021,2
M6,울산대,2022,11
M6,울산대,2023,10
M6,울산대,2024,7
M6,울산대,2025,4
M6,고려대,2016,1
M6,고려대,2017,3
M6,고려대,2018,1
M6,고려대,2019,1
M6,고려대,2020,0
M6,고려대,2021,8
M6,고려대,2022,32
M6,고려대,2023,29
M6,고려대,2024,30
M6,고려대,2025,31
M6,경희대,2016,0
M6,경희대,2017,0
M6,경희대,2018,1
M6,경희대,2019,2
M6,경희대,2020,1
M6,경희대,2021,1
M6,경희대,2022,9
M6,경희대,2023,5
M6,경희대,2024,15
M6,경희대,2025,14
M6,전남대,2016,1
M6,전남대,2017,0
M6,전남대,2018,1
M6,전남대,2019,2
M6,전남대,2020,1
M6,전남대,2021,2
M6,전남대,2022,7
M6,전남대,2023,1
M6,전남대,2024,8
M6,전남대,2025,4
M6,인제대,2016,0
M6,인제대,2017,1
M6,인제대,2018,0
M6,인제대,2019,0
M6,인제대,2020,0
M6,인제대,2021,0
M6,인제대,2022,3
M6,인제대,2023,2
M6,인제대,2024,4
M6,인제대,2025,2
M6,경북대,2016,0
M6,경북대,2017,0
M6,경북대,2018,0
M6,경북대,2019,0
M6,경북대,2020,0
M6,경북대,2021,0
M6,경북대,2022,8
M6,경북대,2023,2
M6,경북대,2024,4
M6,경북대,2025,3
M6,부산대,2016,2
M6,부산대,2017,2
M6,부산대,2018,0
M6,부산대,2019,0
M6,부산대,2020,1
M6,부산대,2021,0
M6,부산대,2022,2
M6,부산대,2023,2
M6,부산대,2024,3
M6,부산대,2025,4
M6,한양대,2016,0
M6,한양대,2017,1
M6,한양대,2018,0
M6,한양대,2019,0
M6,한양대,2020,0
M6,한양대,2021,0
M6,한양대,2022,9
M6,한양대,2023,3
M6,한양대,2024,4
M6,한양대,2025,4
M6,순천향대,2016,0
M6,순천향대,2017,1
M6,순천향대,2018,0
M6,순천향대,2019,0
M6,순천향대,2020,0
M6,순천향대,2021,0
M6,순천향대,2022,2
M6,순천향대,2023,7
M6,순천향대,2024,3
M6,순천향대,2025,1
M6,아주대,2016,0
M6,아주대,2017,0
M6,아주대,2018,0
M6,아주대,2019,0
M6,아주대,2020,0
M6,아주대,2021,1
M6,아주대,2022,3
M6,아주대,2023,7
M6,아주대,2024,2
M6,아주대,2025,1
M6,이화여대,2016,3
M6,이화여대,2017,1
M6,이화여대,2018,1
M6,이화여대,2019,4
M6,이화여대,2020,1
M6,이화여대,2021,3
M6,이화여대,2022,6
M6,이화여대,2023,6
M6,이화여대,2024,8
M6,이화여대,2025,8
M6,중앙대,2016,0
M6,중앙대,2017,0
M6,중앙대,2018,0
M6,중앙대,2019,0
M6,중앙대,2020,0
M6,중앙대,2021,2
M6,중앙대,2022,4
M6,중앙대,2023,6
M6,중앙대,2024,8
M6,중앙대,2025,4
M6,충남대,2016,2
M6,충남대,2017,2
M6,충남대,2018,1
M6,충남대,2019,1
M6,충남대,2020,1
M6,충남대,2021,5
M6,충남대,2022,5
M6,충남대,2023,5
M6,충남대,2024,8
M6,충남대,2025,11
M6,가천대,2016,0
M6,가천대,2017,0
M6,가천대,2018,0
M6,가천대,2019,0
M6,가천대,2020,0
M6,가천대,2021,1
M6,가천대,2022,3
M6,가천대,2023,11
M6,가천대,2024,8
M6,가천대,2025,13
M6,한림대,2016,0
M6,한림대,2017,0
M6,한림대,2018,0
M6,한림대,2019,0
M6,한림대,2020,0
M6,한림대,2021,7
M6,한림대,2022,7
M6,한림대,2023,5
M6,한림대,2024,7
M6,한림대,2025,6
M6,건국대,2016,1
M6,건국대,2017,0
M6,건국대,2018,0
M6,건국대,2019,1
M6,건국대,2020,0
M6,건국대,2021,3
M6,건국대,2022,1
M6,건국대,2023,4
M6,건국대,2024,3
M6,건국대,2025,5
M6,인하대,2016,1
M6,인하대,2017,1
M6,인하대,2018,0
M6,인하대,2019,0
M6,인하대,2020,0
M6,인하대,2021,2
M6,인하대,2022,4
M6,인하대,2023,4
M6,인하대,2024,6
M6,인하대,2025,2
M6,전북대,2016,1
M6,전북대,2017,2
M6,전북대,2018,1
M6,전북대,2019,0
M6,전북대,2020,0
M6,전북대,2021,3
M6,전북대,2022,6
M6,전북대,2023,9
M6,전북대,2024,4
M6,전북대,2025,8
M6,KR,2016,14
M6,KR,2017,21
M6,KR,2018,11
M6,KR,2019,20
M6,KR,2020,19
M6,KR,2021,85
M6,KR,2022,175
M6,KR,2023,126
M6,KR,2024,139
M6,KR,2025,165
M6,WORLD,2016,547
M6,WORLD,2017,682
M6,WORLD,2018,672
M6,WORLD,2019,693
M6,WORLD,2020,1123
M6,WORLD,2021,3236
M6,WORLD,2022,5252
M6,WORLD,2023,4105
M6,WORLD,2024,3320
M6,WORLD,2025,3735
M7,서울대,2016,27
M7,서울대,2017,33
M7,서울대,2018,38
M7,서울대,2019,43
M7,서울대,2020,32
M7,서울대,2021,38
M7,서울대,2022,35
M7,서울대,2023,32
M7,서울대,2024,32
M7,서울대,2025,39
M7,연세대,2016,29
M7,연세대,2017,22
M7,연세대,2018,33
M7,연세대,2019,37
M7,연세대,2020,23
M7,연세대,2021,34
M7,연세대,2022,24
M7,연세대,2023,25
M7,연세대,2024,29
M7,연세대,2025,31
M7,성균관대,2016,29
M7,성균관대,2017,28
M7,성균관대,2018,38
M7,성균관대,2019,34
M7,성균관대,2020,20
M7,성균관대,2021,20
M7,성균관대,2022,15
M7,성균관대,2023,34
M7,성균관대,2024,30
M7,성균관대,2025,36
M7,가톨릭대,2016,14
M7,가톨릭대,2017,10
M7,가톨릭대,2018,18
M7,가톨릭대,2019,11
M7,가톨릭대,2020,7
M7,가톨릭대,2021,15
M7,가톨릭대,2022,9
M7,가톨릭대,2023,4
M7,가톨릭대,2024,19
M7,가톨릭대,2025,17
M7,울산대,2016,12
M7,울산대,2017,9
M7,울산대,2018,6
M7,울산대,2019,17
M7,울산대,2020,15
M7,울산대,2021,11
M7,울산대,2022,9
M7,울산대,2023,11
M7,울산대,2024,14
M7,울산대,2025,14
M7,고려대,2016,12
M7,고려대,2017,19
M7,고려대,2018,12
M7,고려대,2019,21
M7,고려대,2020,22
M7,고려대,2021,29
M7,고려대,2022,18
M7,고려대,2023,24
M7,고려대,2024,20
M7,고려대,2025,38
M7,경희대,2016,8
M7,경희대,2017,11
M7,경희대,2018,9
M7,경희대,2019,13
M7,경희대,2020,8
M7,경희대,2021,9
M7,경희대,2022,7
M7,경희대,2023,9
M7,경희대,2024,13
M7,경희대,2025,12
M7,전남대,2016,13
M7,전남대,2017,11
M7,전남대,2018,22
M7,전남대,2019,15
M7,전남대,2020,11
M7,전남대,2021,13
M7,전남대,2022,14
M7,전남대,2023,11
M7,전남대,2024,16
M7,전남대,2025,17
M7,인제대,2016,7
M7,인제대,2017,9
M7,인제대,2018,12
M7,인제대,2019,20
M7,인제대,2020,9
M7,인제대,2021,13
M7,인제대,2022,12
M7,인제대,2023,12
M7,인제대,2024,17
M7,인제대,2025,20
M7,경북대,2016,9
M7,경북대,2017,10
M7,경북대,2018,11
M7,경북대,2019,25
M7,경북대,2020,25
M7,경북대,2021,28
M7,경북대,2022,21
M7,경북대,2023,19
M7,경북대,2024,20
M7,경북대,2025,31
M7,부산대,2016,6
M7,부산대,2017,5
M7,부산대,2018,16
M7,부산대,2019,15
M7,부산대,2020,6
M7,부산대,2021,13
M7,부산대,2022,12
M7,부산대,2023,12
M7,부산대,2024,11
M7,부산대,2025,14
M7,한양대,2016,4
M7,한양대,2017,7
M7,한양대,2018,8
M7,한양대,2019,14
M7,한양대,2020,9
M7,한양대,2021,12
M7,한양대,2022,20
M7,한양대,2023,21
M7,한양대,2024,10
M7,한양대,2025,9
M7,순천향대,2016,5
M7,순천향대,2017,9
M7,순천향대,2018,8
M7,순천향대,2019,10
M7,순천향대,2020,6
M7,순천향대,2021,9
M7,순천향대,2022,10
M7,순천향대,2023,5
M7,순천향대,2024,9
M7,순천향대,2025,9
M7,아주대,2016,4
M7,아주대,2017,5
M7,아주대,2018,3
M7,아주대,2019,7
M7,아주대,2020,4
M7,아주대,2021,2
M7,아주대,2022,2
M7,아주대,2023,6
M7,아주대,2024,8
M7,아주대,2025,8
M7,이화여대,2016,7
M7,이화여대,2017,4
M7,이화여대,2018,8
M7,이화여대,2019,6
M7,이화여대,2020,7
M7,이화여대,2021,7
M7,이화여대,2022,12
M7,이화여대,2023,6
M7,이화여대,2024,7
M7,이화여대,2025,8
M7,중앙대,2016,7
M7,중앙대,2017,5
M7,중앙대,2018,10
M7,중앙대,2019,14
M7,중앙대,2020,13
M7,중앙대,2021,20
M7,중앙대,2022,16
M7,중앙대,2023,15
M7,중앙대,2024,15
M7,중앙대,2025,23
M7,충남대,2016,5
M7,충남대,2017,5
M7,충남대,2018,7
M7,충남대,2019,8
M7,충남대,2020,15
M7,충남대,2021,10
M7,충남대,2022,9
M7,충남대,2023,13
M7,충남대,2024,15
M7,충남대,2025,18
M7,가천대,2016,3
M7,가천대,2017,1
M7,가천대,2018,4
M7,가천대,2019,8
M7,가천대,2020,3
M7,가천대,2021,7
M7,가천대,2022,6
M7,가천대,2023,2
M7,가천대,2024,6
M7,가천대,2025,14
M7,한림대,2016,9
M7,한림대,2017,4
M7,한림대,2018,7
M7,한림대,2019,10
M7,한림대,2020,11
M7,한림대,2021,10
M7,한림대,2022,17
M7,한림대,2023,14
M7,한림대,2024,16
M7,한림대,2025,13
M7,건국대,2016,8
M7,건국대,2017,7
M7,건국대,2018,12
M7,건국대,2019,10
M7,건국대,2020,10
M7,건국대,2021,12
M7,건국대,2022,8
M7,건국대,2023,10
M7,건국대,2024,10
M7,건국대,2025,11
M7,인하대,2016,6
M7,인하대,2017,3
M7,인하대,2018,2
M7,인하대,2019,2
M7,인하대,2020,4
M7,인하대,2021,3
M7,인하대,2022,2
M7,인하대,2023,3
M7,인하대,2024,1
M7,인하대,2025,3
M7,전북대,2016,10
M7,전북대,2017,10
M7,전북대,2018,19
M7,전북대,2019,10
M7,전북대,2020,8
M7,전북대,2021,8
M7,전북대,2022,10
M7,전북대,2023,15
M7,전북대,2024,9
M7,전북대,2025,10
M7,KR,2016,201
M7,KR,2017,225
M7,KR,2018,237
M7,KR,2019,276
M7,KR,2020,275
M7,KR,2021,304
M7,KR,2022,282
M7,KR,2023,257
M7,KR,2024,320
M7,KR,2025,385
M7,WORLD,2016,6189
M7,WORLD,2017,6760
M7,WORLD,2018,7597
M7,WORLD,2019,8358
M7,WORLD,2020,9217
M7,WORLD,2021,9716
M7,WORLD,2022,10194
M7,WORLD,2023,9801
M7,WORLD,2024,11988
M7,WORLD,2025,14421
M8,서울대,2016,85
M8,서울대,2017,75
M8,서울대,2018,83
M8,서울대,2019,64
M8,서울대,2020,86
M8,서울대,2021,83
M8,서울대,2022,88
M8,서울대,2023,59
M8,서울대,2024,65
M8,서울대,2025,91
M8,연세대,2016,58
M8,연세대,2017,58
M8,연세대,2018,80
M8,연세대,2019,77
M8,연세대,2020,75
M8,연세대,2021,72
M8,연세대,2022,81
M8,연세대,2023,58
M8,연세대,2024,51
M8,연세대,2025,80
M8,성균관대,2016,45
M8,성균관대,2017,37
M8,성균관대,2018,41
M8,성균관대,2019,34
M8,성균관대,2020,34
M8,성균관대,2021,26
M8,성균관대,2022,35
M8,성균관대,2023,32
M8,성균관대,2024,46
M8,성균관대,2025,62
M8,가톨릭대,2016,25
M8,가톨릭대,2017,27
M8,가톨릭대,2018,20
M8,가톨릭대,2019,27
M8,가톨릭대,2020,10
M8,가톨릭대,2021,12
M8,가톨릭대,2022,18
M8,가톨릭대,2023,21
M8,가톨릭대,2024,19
M8,가톨릭대,2025,36
M8,울산대,2016,23
M8,울산대,2017,19
M8,울산대,2018,16
M8,울산대,2019,26
M8,울산대,2020,15
M8,울산대,2021,24
M8,울산대,2022,17
M8,울산대,2023,27
M8,울산대,2024,20
M8,울산대,2025,19
M8,고려대,2016,24
M8,고려대,2017,35
M8,고려대,2018,36
M8,고려대,2019,43
M8,고려대,2020,39
M8,고려대,2021,34
M8,고려대,2022,36
M8,고려대,2023,39
M8,고려대,2024,44
M8,고려대,2025,61
M8,경희대,2016,26
M8,경희대,2017,12
M8,경희대,2018,28
M8,경희대,2019,22
M8,경희대,2020,17
M8,경희대,2021,25
M8,경희대,2022,20
M8,경희대,2023,16
M8,경희대,2024,24
M8,경희대,2025,32
M8,전남대,2016,18
M8,전남대,2017,17
M8,전남대,2018,14
M8,전남대,2019,11
M8,전남대,2020,13
M8,전남대,2021,25
M8,전남대,2022,11
M8,전남대,2023,10
M8,전남대,2024,12
M8,전남대,2025,19
M8,인제대,2016,12
M8,인제대,2017,16
M8,인제대,2018,5
M8,인제대,2019,6
M8,인제대,2020,3
M8,인제대,2021,6
M8,인제대,2022,6
M8,인제대,2023,4
M8,인제대,2024,6
M8,인제대,2025,4
M8,경북대,2016,17
M8,경북대,2017,12
M8,경북대,2018,17
M8,경북대,2019,20
M8,경북대,2020,26
M8,경북대,2021,25
M8,경북대,2022,12
M8,경북대,2023,8
M8,경북대,2024,16
M8,경북대,2025,22
M8,부산대,2016,13
M8,부산대,2017,17
M8,부산대,2018,20
M8,부산대,2019,15
M8,부산대,2020,11
M8,부산대,2021,15
M8,부산대,2022,19
M8,부산대,2023,13
M8,부산대,2024,19
M8,부산대,2025,17
M8,한양대,2016,31
M8,한양대,2017,37
M8,한양대,2018,31
M8,한양대,2019,31
M8,한양대,2020,32
M8,한양대,2021,33
M8,한양대,2022,38
M8,한양대,2023,20
M8,한양대,2024,26
M8,한양대,2025,40
M8,순천향대,2016,8
M8,순천향대,2017,7
M8,순천향대,2018,12
M8,순천향대,2019,9
M8,순천향대,2020,7
M8,순천향대,2021,3
M8,순천향대,2022,6
M8,순천향대,2023,9
M8,순천향대,2024,4
M8,순천향대,2025,15
M8,아주대,2016,13
M8,아주대,2017,8
M8,아주대,2018,12
M8,아주대,2019,11
M8,아주대,2020,4
M8,아주대,2021,11
M8,아주대,2022,13
M8,아주대,2023,6
M8,아주대,2024,14
M8,아주대,2025,16
M8,이화여대,2016,24
M8,이화여대,2017,13
M8,이화여대,2018,19
M8,이화여대,2019,12
M8,이화여대,2020,14
M8,이화여대,2021,22
M8,이화여대,2022,13
M8,이화여대,2023,16
M8,이화여대,2024,14
M8,이화여대,2025,15
M8,중앙대,2016,10
M8,중앙대,2017,21
M8,중앙대,2018,11
M8,중앙대,2019,16
M8,중앙대,2020,20
M8,중앙대,2021,18
M8,중앙대,2022,13
M8,중앙대,2023,18
M8,중앙대,2024,32
M8,중앙대,2025,26
M8,충남대,2016,16
M8,충남대,2017,16
M8,충남대,2018,13
M8,충남대,2019,13
M8,충남대,2020,19
M8,충남대,2021,24
M8,충남대,2022,16
M8,충남대,2023,13
M8,충남대,2024,20
M8,충남대,2025,24
M8,가천대,2016,14
M8,가천대,2017,13
M8,가천대,2018,14
M8,가천대,2019,7
M8,가천대,2020,18
M8,가천대,2021,13
M8,가천대,2022,27
M8,가천대,2023,10
M8,가천대,2024,10
M8,가천대,2025,27
M8,한림대,2016,7
M8,한림대,2017,8
M8,한림대,2018,7
M8,한림대,2019,11
M8,한림대,2020,10
M8,한림대,2021,10
M8,한림대,2022,10
M8,한림대,2023,10
M8,한림대,2024,3
M8,한림대,2025,8
M8,건국대,2016,28
M8,건국대,2017,11
M8,건국대,2018,22
M8,건국대,2019,13
M8,건국대,2020,15
M8,건국대,2021,9
M8,건국대,2022,13
M8,건국대,2023,7
M8,건국대,2024,12
M8,건국대,2025,17
M8,인하대,2016,5
M8,인하대,2017,4
M8,인하대,2018,5
M8,인하대,2019,6
M8,인하대,2020,8
M8,인하대,2021,8
M8,인하대,2022,6
M8,인하대,2023,7
M8,인하대,2024,11
M8,인하대,2025,6
M8,전북대,2016,18
M8,전북대,2017,9
M8,전북대,2018,11
M8,전북대,2019,9
M8,전북대,2020,9
M8,전북대,2021,8
M8,전북대,2022,6
M8,전북대,2023,13
M8,전북대,2024,6
M8,전북대,2025,17
M8,KR,2016,498
M8,KR,2017,458
M8,KR,2018,478
M8,KR,2019,456
M8,KR,2020,442
M8,KR,2021,470
M8,KR,2022,480
M8,KR,2023,437
M8,KR,2024,477
M8,KR,2025,606
M8,WORLD,2016,10100
M8,WORLD,2017,10384
M8,WORLD,2018,11343
M8,WORLD,2019,11604
M8,WORLD,2020,12166
M8,WORLD,2021,12969
M8,WORLD,2022,12379
M8,WORLD,2023,12500
M8,WORLD,2024,13892
M8,WORLD,2025,17726
M9,서울대,2016,9
M9,서울대,2017,8
M9,서울대,2018,7
M9,서울대,2019,7
M9,서울대,2020,17
M9,서울대,2021,14
M9,서울대,2022,14
M9,서울대,2023,14
M9,서울대,2024,33
M9,서울대,2025,27
M9,연세대,2016,2
M9,연세대,2017,8
M9,연세대,2018,7
M9,연세대,2019,8
M9,연세대,2020,9
M9,연세대,2021,18
M9,연세대,2022,17
M9,연세대,2023,11
M9,연세대,2024,13
M9,연세대,2025,19
M9,성균관대,2016,2
M9,성균관대,2017,4
M9,성균관대,2018,2
M9,성균관대,2019,5
M9,성균관대,2020,4
M9,성균관대,2021,7
M9,성균관대,2022,8
M9,성균관대,2023,10
M9,성균관대,2024,21
M9,성균관대,2025,19
M9,가톨릭대,2016,1
M9,가톨릭대,2017,6
M9,가톨릭대,2018,7
M9,가톨릭대,2019,6
M9,가톨릭대,2020,8
M9,가톨릭대,2021,17
M9,가톨릭대,2022,10
M9,가톨릭대,2023,12
M9,가톨릭대,2024,15
M9,가톨릭대,2025,17
M9,울산대,2016,4
M9,울산대,2017,3
M9,울산대,2018,4
M9,울산대,2019,8
M9,울산대,2020,8
M9,울산대,2021,8
M9,울산대,2022,5
M9,울산대,2023,9
M9,울산대,2024,10
M9,울산대,2025,8
M9,고려대,2016,3
M9,고려대,2017,6
M9,고려대,2018,6
M9,고려대,2019,8
M9,고려대,2020,14
M9,고려대,2021,14
M9,고려대,2022,11
M9,고려대,2023,14
M9,고려대,2024,10
M9,고려대,2025,15
M9,경희대,2016,1
M9,경희대,2017,0
M9,경희대,2018,0
M9,경희대,2019,0
M9,경희대,2020,1
M9,경희대,2021,2
M9,경희대,2022,3
M9,경희대,2023,2
M9,경희대,2024,2
M9,경희대,2025,10
M9,전남대,2016,0
M9,전남대,2017,1
M9,전남대,2018,1
M9,전남대,2019,0
M9,전남대,2020,1
M9,전남대,2021,3
M9,전남대,2022,0
M9,전남대,2023,3
M9,전남대,2024,4
M9,전남대,2025,3
M9,인제대,2016,1
M9,인제대,2017,0
M9,인제대,2018,0
M9,인제대,2019,1
M9,인제대,2020,0
M9,인제대,2021,0
M9,인제대,2022,1
M9,인제대,2023,1
M9,인제대,2024,2
M9,인제대,2025,1
M9,경북대,2016,2
M9,경북대,2017,2
M9,경북대,2018,1
M9,경북대,2019,1
M9,경북대,2020,0
M9,경북대,2021,4
M9,경북대,2022,5
M9,경북대,2023,1
M9,경북대,2024,4
M9,경북대,2025,6
M9,부산대,2016,0
M9,부산대,2017,2
M9,부산대,2018,4
M9,부산대,2019,1
M9,부산대,2020,2
M9,부산대,2021,1
M9,부산대,2022,3
M9,부산대,2023,1
M9,부산대,2024,4
M9,부산대,2025,5
M9,한양대,2016,1
M9,한양대,2017,3
M9,한양대,2018,3
M9,한양대,2019,7
M9,한양대,2020,4
M9,한양대,2021,6
M9,한양대,2022,6
M9,한양대,2023,10
M9,한양대,2024,3
M9,한양대,2025,11
M9,순천향대,2016,2
M9,순천향대,2017,1
M9,순천향대,2018,2
M9,순천향대,2019,4
M9,순천향대,2020,0
M9,순천향대,2021,0
M9,순천향대,2022,1
M9,순천향대,2023,1
M9,순천향대,2024,5
M9,순천향대,2025,4
M9,아주대,2016,1
M9,아주대,2017,0
M9,아주대,2018,1
M9,아주대,2019,1
M9,아주대,2020,0
M9,아주대,2021,2
M9,아주대,2022,3
M9,아주대,2023,4
M9,아주대,2024,3
M9,아주대,2025,7
M9,이화여대,2016,1
M9,이화여대,2017,0
M9,이화여대,2018,0
M9,이화여대,2019,1
M9,이화여대,2020,0
M9,이화여대,2021,0
M9,이화여대,2022,1
M9,이화여대,2023,0
M9,이화여대,2024,2
M9,이화여대,2025,4
M9,중앙대,2016,1
M9,중앙대,2017,1
M9,중앙대,2018,1
M9,중앙대,2019,3
M9,중앙대,2020,3
M9,중앙대,2021,1
M9,중앙대,2022,2
M9,중앙대,2023,7
M9,중앙대,2024,5
M9,중앙대,2025,3
M9,충남대,2016,0
M9,충남대,2017,0
M9,충남대,2018,0
M9,충남대,2019,2
M9,충남대,2020,1
M9,충남대,2021,3
M9,충남대,2022,3
M9,충남대,2023,3
M9,충남대,2024,1
M9,충남대,2025,1
M9,가천대,2016,0
M9,가천대,2017,1
M9,가천대,2018,0
M9,가천대,2019,0
M9,가천대,2020,0
M9,가천대,2021,1
M9,가천대,2022,1
M9,가천대,2023,0
M9,가천대,2024,2
M9,가천대,2025,6
M9,한림대,2016,1
M9,한림대,2017,0
M9,한림대,2018,1
M9,한림대,2019,0
M9,한림대,2020,3
M9,한림대,2021,1
M9,한림대,2022,1
M9,한림대,2023,0
M9,한림대,2024,4
M9,한림대,2025,4
M9,건국대,2016,7
M9,건국대,2017,3
M9,건국대,2018,6
M9,건국대,2019,8
M9,건국대,2020,14
M9,건국대,2021,6
M9,건국대,2022,6
M9,건국대,2023,5
M9,건국대,2024,2
M9,건국대,2025,5
M9,인하대,2016,0
M9,인하대,2017,0
M9,인하대,2018,0
M9,인하대,2019,1
M9,인하대,2020,1
M9,인하대,2021,0
M9,인하대,2022,2
M9,인하대,2023,3
M9,인하대,2024,0
M9,인하대,2025,0
M9,전북대,2016,0
M9,전북대,2017,0
M9,전북대,2018,0
M9,전북대,2019,0
M9,전북대,2020,2
M9,전북대,2021,0
M9,전북대,2022,0
M9,전북대,2023,2
M9,전북대,2024,0
M9,전북대,2025,3
M9,KR,2016,49
M9,KR,2017,49
M9,KR,2018,51
M9,KR,2019,70
M9,KR,2020,89
M9,KR,2021,100
M9,KR,2022,90
M9,KR,2023,98
M9,KR,2024,106
M9,KR,2025,163
M9,WORLD,2016,1574
M9,WORLD,2017,1644
M9,WORLD,2018,1800
M9,WORLD,2019,2109
M9,WORLD,2020,2475
M9,WORLD,2021,2960
M9,WORLD,2022,2806
M9,WORLD,2023,2878
M9,WORLD,2024,3294
M9,WORLD,2025,4300
M10,서울대,2016,48
M10,서울대,2017,43
M10,서울대,2018,43
M10,서울대,2019,44
M10,서울대,2020,48
M10,서울대,2021,48
M10,서울대,2022,21
M10,서울대,2023,26
M10,서울대,2024,30
M10,서울대,2025,46
M10,연세대,2016,19
M10,연세대,2017,16
M10,연세대,2018,20
M10,연세대,2019,20
M10,연세대,2020,20
M10,연세대,2021,34
M10,연세대,2022,21
M10,연세대,2023,20
M10,연세대,2024,26
M10,연세대,2025,27
M10,성균관대,2016,16
M10,성균관대,2017,14
M10,성균관대,2018,14
M10,성균관대,2019,9
M10,성균관대,2020,20
M10,성균관대,2021,23
M10,성균관대,2022,21
M10,성균관대,2023,19
M10,성균관대,2024,22
M10,성균관대,2025,25
M10,가톨릭대,2016,6
M10,가톨릭대,2017,8
M10,가톨릭대,2018,10
M10,가톨릭대,2019,14
M10,가톨릭대,2020,9
M10,가톨릭대,2021,18
M10,가톨릭대,2022,4
M10,가톨릭대,2023,9
M10,가톨릭대,2024,9
M10,가톨릭대,2025,10
M10,울산대,2016,11
M10,울산대,2017,8
M10,울산대,2018,13
M10,울산대,2019,10
M10,울산대,2020,7
M10,울산대,2021,7
M10,울산대,2022,10
M10,울산대,2023,7
M10,울산대,2024,10
M10,울산대,2025,9
M10,고려대,2016,19
M10,고려대,2017,18
M10,고려대,2018,14
M10,고려대,2019,15
M10,고려대,2020,17
M10,고려대,2021,17
M10,고려대,2022,18
M10,고려대,2023,13
M10,고려대,2024,24
M10,고려대,2025,25
M10,경희대,2016,7
M10,경희대,2017,4
M10,경희대,2018,9
M10,경희대,2019,9
M10,경희대,2020,7
M10,경희대,2021,6
M10,경희대,2022,4
M10,경희대,2023,6
M10,경희대,2024,3
M10,경희대,2025,9
M10,전남대,2016,5
M10,전남대,2017,4
M10,전남대,2018,6
M10,전남대,2019,4
M10,전남대,2020,6
M10,전남대,2021,8
M10,전남대,2022,7
M10,전남대,2023,3
M10,전남대,2024,6
M10,전남대,2025,5
M10,인제대,2016,2
M10,인제대,2017,1
M10,인제대,2018,6
M10,인제대,2019,4
M10,인제대,2020,6
M10,인제대,2021,4
M10,인제대,2022,2
M10,인제대,2023,3
M10,인제대,2024,4
M10,인제대,2025,1
M10,경북대,2016,6
M10,경북대,2017,3
M10,경북대,2018,11
M10,경북대,2019,11
M10,경북대,2020,4
M10,경북대,2021,7
M10,경북대,2022,5
M10,경북대,2023,5
M10,경북대,2024,5
M10,경북대,2025,8
M10,부산대,2016,3
M10,부산대,2017,8
M10,부산대,2018,8
M10,부산대,2019,8
M10,부산대,2020,10
M10,부산대,2021,18
M10,부산대,2022,6
M10,부산대,2023,9
M10,부산대,2024,7
M10,부산대,2025,9
M10,한양대,2016,9
M10,한양대,2017,7
M10,한양대,2018,8
M10,한양대,2019,11
M10,한양대,2020,12
M10,한양대,2021,12
M10,한양대,2022,6
M10,한양대,2023,3
M10,한양대,2024,10
M10,한양대,2025,11
M10,순천향대,2016,4
M10,순천향대,2017,7
M10,순천향대,2018,5
M10,순천향대,2019,7
M10,순천향대,2020,6
M10,순천향대,2021,6
M10,순천향대,2022,7
M10,순천향대,2023,3
M10,순천향대,2024,5
M10,순천향대,2025,7
M10,아주대,2016,7
M10,아주대,2017,10
M10,아주대,2018,7
M10,아주대,2019,9
M10,아주대,2020,9
M10,아주대,2021,2
M10,아주대,2022,0
M10,아주대,2023,3
M10,아주대,2024,2
M10,아주대,2025,2
M10,이화여대,2016,7
M10,이화여대,2017,1
M10,이화여대,2018,2
M10,이화여대,2019,4
M10,이화여대,2020,3
M10,이화여대,2021,2
M10,이화여대,2022,2
M10,이화여대,2023,6
M10,이화여대,2024,5
M10,이화여대,2025,4
M10,중앙대,2016,4
M10,중앙대,2017,7
M10,중앙대,2018,5
M10,중앙대,2019,8
M10,중앙대,2020,5
M10,중앙대,2021,6
M10,중앙대,2022,2
M10,중앙대,2023,2
M10,중앙대,2024,5
M10,중앙대,2025,7
M10,충남대,2016,3
M10,충남대,2017,6
M10,충남대,2018,2
M10,충남대,2019,3
M10,충남대,2020,2
M10,충남대,2021,6
M10,충남대,2022,6
M10,충남대,2023,4
M10,충남대,2024,6
M10,충남대,2025,6
M10,가천대,2016,4
M10,가천대,2017,2
M10,가천대,2018,4
M10,가천대,2019,5
M10,가천대,2020,4
M10,가천대,2021,2
M10,가천대,2022,2
M10,가천대,2023,5
M10,가천대,2024,5
M10,가천대,2025,11
M10,한림대,2016,8
M10,한림대,2017,10
M10,한림대,2018,15
M10,한림대,2019,10
M10,한림대,2020,10
M10,한림대,2021,9
M10,한림대,2022,8
M10,한림대,2023,7
M10,한림대,2024,7
M10,한림대,2025,10
M10,건국대,2016,24
M10,건국대,2017,11
M10,건국대,2018,8
M10,건국대,2019,9
M10,건국대,2020,5
M10,건국대,2021,5
M10,건국대,2022,3
M10,건국대,2023,6
M10,건국대,2024,4
M10,건국대,2025,8
M10,인하대,2016,4
M10,인하대,2017,2
M10,인하대,2018,4
M10,인하대,2019,1
M10,인하대,2020,6
M10,인하대,2021,1
M10,인하대,2022,4
M10,인하대,2023,4
M10,인하대,2024,0
M10,인하대,2025,0
M10,전북대,2016,11
M10,전북대,2017,14
M10,전북대,2018,13
M10,전북대,2019,5
M10,전북대,2020,11
M10,전북대,2021,9
M10,전북대,2022,4
M10,전북대,2023,6
M10,전북대,2024,3
M10,전북대,2025,2
M10,KR,2016,204
M10,KR,2017,184
M10,KR,2018,197
M10,KR,2019,190
M10,KR,2020,197
M10,KR,2021,200
M10,KR,2022,152
M10,KR,2023,162
M10,KR,2024,168
M10,KR,2025,202
M10,WORLD,2016,5249
M10,WORLD,2017,5531
M10,WORLD,2018,5736
M10,WORLD,2019,5680
M10,WORLD,2020,5933
M10,WORLD,2021,6118
M10,WORLD,2022,5400
M10,WORLD,2023,4888
M10,WORLD,2024,5270
M10,WORLD,2025,5639
M11,서울대,2016,34
M11,서울대,2017,29
M11,서울대,2018,22
M11,서울대,2019,38
M11,서울대,2020,35
M11,서울대,2021,45
M11,서울대,2022,54
M11,서울대,2023,40
M11,서울대,2024,44
M11,서울대,2025,79
M11,연세대,2016,12
M11,연세대,2017,10
M11,연세대,2018,19
M11,연세대,2019,21
M11,연세대,2020,29
M11,연세대,2021,47
M11,연세대,2022,38
M11,연세대,2023,43
M11,연세대,2024,45
M11,연세대,2025,67
M11,성균관대,2016,7
M11,성균관대,2017,13
M11,성균관대,2018,7
M11,성균관대,2019,14
M11,성균관대,2020,20
M11,성균관대,2021,23
M11,성균관대,2022,19
M11,성균관대,2023,15
M11,성균관대,2024,24
M11,성균관대,2025,40
M11,가톨릭대,2016,3
M11,가톨릭대,2017,8
M11,가톨릭대,2018,9
M11,가톨릭대,2019,11
M11,가톨릭대,2020,12
M11,가톨릭대,2021,14
M11,가톨릭대,2022,18
M11,가톨릭대,2023,10
M11,가톨릭대,2024,20
M11,가톨릭대,2025,21
M11,울산대,2016,12
M11,울산대,2017,4
M11,울산대,2018,12
M11,울산대,2019,16
M11,울산대,2020,20
M11,울산대,2021,29
M11,울산대,2022,12
M11,울산대,2023,21
M11,울산대,2024,18
M11,울산대,2025,31
M11,고려대,2016,17
M11,고려대,2017,16
M11,고려대,2018,13
M11,고려대,2019,18
M11,고려대,2020,29
M11,고려대,2021,29
M11,고려대,2022,29
M11,고려대,2023,22
M11,고려대,2024,32
M11,고려대,2025,56
M11,경희대,2016,8
M11,경희대,2017,16
M11,경희대,2018,13
M11,경희대,2019,8
M11,경희대,2020,18
M11,경희대,2021,30
M11,경희대,2022,30
M11,경희대,2023,34
M11,경희대,2024,31
M11,경희대,2025,49
M11,전남대,2016,2
M11,전남대,2017,6
M11,전남대,2018,5
M11,전남대,2019,11
M11,전남대,2020,11
M11,전남대,2021,10
M11,전남대,2022,11
M11,전남대,2023,10
M11,전남대,2024,13
M11,전남대,2025,17
M11,인제대,2016,1
M11,인제대,2017,6
M11,인제대,2018,11
M11,인제대,2019,6
M11,인제대,2020,7
M11,인제대,2021,10
M11,인제대,2022,5
M11,인제대,2023,6
M11,인제대,2024,11
M11,인제대,2025,8
M11,경북대,2016,4
M11,경북대,2017,7
M11,경북대,2018,5
M11,경북대,2019,7
M11,경북대,2020,7
M11,경북대,2021,10
M11,경북대,2022,10
M11,경북대,2023,5
M11,경북대,2024,15
M11,경북대,2025,20
M11,부산대,2016,12
M11,부산대,2017,5
M11,부산대,2018,12
M11,부산대,2019,10
M11,부산대,2020,22
M11,부산대,2021,15
M11,부산대,2022,12
M11,부산대,2023,17
M11,부산대,2024,24
M11,부산대,2025,35
M11,한양대,2016,4
M11,한양대,2017,3
M11,한양대,2018,6
M11,한양대,2019,3
M11,한양대,2020,6
M11,한양대,2021,8
M11,한양대,2022,6
M11,한양대,2023,6
M11,한양대,2024,9
M11,한양대,2025,23
M11,순천향대,2016,0
M11,순천향대,2017,4
M11,순천향대,2018,7
M11,순천향대,2019,8
M11,순천향대,2020,10
M11,순천향대,2021,8
M11,순천향대,2022,6
M11,순천향대,2023,7
M11,순천향대,2024,7
M11,순천향대,2025,10
M11,아주대,2016,4
M11,아주대,2017,2
M11,아주대,2018,3
M11,아주대,2019,5
M11,아주대,2020,8
M11,아주대,2021,5
M11,아주대,2022,17
M11,아주대,2023,12
M11,아주대,2024,16
M11,아주대,2025,15
M11,이화여대,2016,2
M11,이화여대,2017,6
M11,이화여대,2018,1
M11,이화여대,2019,4
M11,이화여대,2020,8
M11,이화여대,2021,11
M11,이화여대,2022,4
M11,이화여대,2023,7
M11,이화여대,2024,9
M11,이화여대,2025,16
M11,중앙대,2016,5
M11,중앙대,2017,1
M11,중앙대,2018,9
M11,중앙대,2019,4
M11,중앙대,2020,11
M11,중앙대,2021,12
M11,중앙대,2022,10
M11,중앙대,2023,21
M11,중앙대,2024,21
M11,중앙대,2025,23
M11,충남대,2016,3
M11,충남대,2017,7
M11,충남대,2018,4
M11,충남대,2019,5
M11,충남대,2020,15
M11,충남대,2021,10
M11,충남대,2022,8
M11,충남대,2023,14
M11,충남대,2024,23
M11,충남대,2025,24
M11,가천대,2016,7
M11,가천대,2017,8
M11,가천대,2018,6
M11,가천대,2019,10
M11,가천대,2020,9
M11,가천대,2021,9
M11,가천대,2022,15
M11,가천대,2023,13
M11,가천대,2024,16
M11,가천대,2025,26
M11,한림대,2016,4
M11,한림대,2017,4
M11,한림대,2018,5
M11,한림대,2019,7
M11,한림대,2020,13
M11,한림대,2021,10
M11,한림대,2022,14
M11,한림대,2023,9
M11,한림대,2024,12
M11,한림대,2025,19
M11,건국대,2016,10
M11,건국대,2017,10
M11,건국대,2018,6
M11,건국대,2019,8
M11,건국대,2020,9
M11,건국대,2021,14
M11,건국대,2022,15
M11,건국대,2023,11
M11,건국대,2024,11
M11,건국대,2025,10
M11,인하대,2016,3
M11,인하대,2017,2
M11,인하대,2018,4
M11,인하대,2019,10
M11,인하대,2020,12
M11,인하대,2021,5
M11,인하대,2022,5
M11,인하대,2023,10
M11,인하대,2024,13
M11,인하대,2025,14
M11,전북대,2016,5
M11,전북대,2017,2
M11,전북대,2018,4
M11,전북대,2019,6
M11,전북대,2020,5
M11,전북대,2021,3
M11,전북대,2022,6
M11,전북대,2023,6
M11,전북대,2024,7
M11,전북대,2025,8
M11,KR,2016,147
M11,KR,2017,175
M11,KR,2018,182
M11,KR,2019,218
M11,KR,2020,276
M11,KR,2021,324
M11,KR,2022,309
M11,KR,2023,322
M11,KR,2024,387
M11,KR,2025,576
M11,WORLD,2016,3220
M11,WORLD,2017,3594
M11,WORLD,2018,4156
M11,WORLD,2019,4865
M11,WORLD,2020,5741
M11,WORLD,2021,6749
M11,WORLD,2022,7006
M11,WORLD,2023,7400
M11,WORLD,2024,9245
M11,WORLD,2025,12314
R1,서울대,2016,38
R1,서울대,2017,33
R1,서울대,2018,34
R1,서울대,2019,45
R1,서울대,2020,47
R1,서울대,2021,43
R1,서울대,2022,50
R1,서울대,2023,33
R1,서울대,2024,43
R1,서울대,2025,39
R1,연세대,2016,22
R1,연세대,2017,20
R1,연세대,2018,23
R1,연세대,2019,27
R1,연세대,2020,27
R1,연세대,2021,24
R1,연세대,2022,29
R1,연세대,2023,27
R1,연세대,2024,19
R1,연세대,2025,37
R1,성균관대,2016,20
R1,성균관대,2017,14
R1,성균관대,2018,15
R1,성균관대,2019,23
R1,성균관대,2020,22
R1,성균관대,2021,20
R1,성균관대,2022,24
R1,성균관대,2023,23
R1,성균관대,2024,26
R1,성균관대,2025,32
R1,가톨릭대,2016,15
R1,가톨릭대,2017,10
R1,가톨릭대,2018,7
R1,가톨릭대,2019,21
R1,가톨릭대,2020,13
R1,가톨릭대,2021,18
R1,가톨릭대,2022,17
R1,가톨릭대,2023,17
R1,가톨릭대,2024,11
R1,가톨릭대,2025,14
R1,울산대,2016,20
R1,울산대,2017,26
R1,울산대,2018,21
R1,울산대,2019,29
R1,울산대,2020,38
R1,울산대,2021,32
R1,울산대,2022,28
R1,울산대,2023,22
R1,울산대,2024,20
R1,울산대,2025,21
R1,고려대,2016,12
R1,고려대,2017,19
R1,고려대,2018,10
R1,고려대,2019,17
R1,고려대,2020,15
R1,고려대,2021,13
R1,고려대,2022,11
R1,고려대,2023,17
R1,고려대,2024,11
R1,고려대,2025,16
R1,경희대,2016,4
R1,경희대,2017,6
R1,경희대,2018,4
R1,경희대,2019,11
R1,경희대,2020,16
R1,경희대,2021,6
R1,경희대,2022,7
R1,경희대,2023,9
R1,경희대,2024,5
R1,경희대,2025,10
R1,전남대,2016,9
R1,전남대,2017,10
R1,전남대,2018,5
R1,전남대,2019,9
R1,전남대,2020,9
R1,전남대,2021,9
R1,전남대,2022,13
R1,전남대,2023,7
R1,전남대,2024,7
R1,전남대,2025,9
R1,인제대,2016,10
R1,인제대,2017,10
R1,인제대,2018,3
R1,인제대,2019,15
R1,인제대,2020,8
R1,인제대,2021,11
R1,인제대,2022,10
R1,인제대,2023,11
R1,인제대,2024,12
R1,인제대,2025,4
R1,경북대,2016,3
R1,경북대,2017,2
R1,경북대,2018,7
R1,경북대,2019,17
R1,경북대,2020,13
R1,경북대,2021,6
R1,경북대,2022,8
R1,경북대,2023,7
R1,경북대,2024,7
R1,경북대,2025,10
R1,부산대,2016,16
R1,부산대,2017,13
R1,부산대,2018,10
R1,부산대,2019,13
R1,부산대,2020,12
R1,부산대,2021,14
R1,부산대,2022,15
R1,부산대,2023,17
R1,부산대,2024,12
R1,부산대,2025,13
R1,한양대,2016,6
R1,한양대,2017,5
R1,한양대,2018,8
R1,한양대,2019,6
R1,한양대,2020,5
R1,한양대,2021,3
R1,한양대,2022,7
R1,한양대,2023,14
R1,한양대,2024,8
R1,한양대,2025,11
R1,순천향대,2016,4
R1,순천향대,2017,4
R1,순천향대,2018,4
R1,순천향대,2019,5
R1,순천향대,2020,6
R1,순천향대,2021,8
R1,순천향대,2022,9
R1,순천향대,2023,13
R1,순천향대,2024,12
R1,순천향대,2025,6
R1,아주대,2016,6
R1,아주대,2017,6
R1,아주대,2018,6
R1,아주대,2019,3
R1,아주대,2020,12
R1,아주대,2021,6
R1,아주대,2022,9
R1,아주대,2023,7
R1,아주대,2024,6
R1,아주대,2025,9
R1,이화여대,2016,4
R1,이화여대,2017,7
R1,이화여대,2018,4
R1,이화여대,2019,4
R1,이화여대,2020,7
R1,이화여대,2021,5
R1,이화여대,2022,2
R1,이화여대,2023,7
R1,이화여대,2024,5
R1,이화여대,2025,10
R1,중앙대,2016,4
R1,중앙대,2017,7
R1,중앙대,2018,5
R1,중앙대,2019,5
R1,중앙대,2020,6
R1,중앙대,2021,5
R1,중앙대,2022,2
R1,중앙대,2023,8
R1,중앙대,2024,10
R1,중앙대,2025,10
R1,충남대,2016,3
R1,충남대,2017,7
R1,충남대,2018,8
R1,충남대,2019,4
R1,충남대,2020,8
R1,충남대,2021,10
R1,충남대,2022,8
R1,충남대,2023,6
R1,충남대,2024,6
R1,충남대,2025,8
R1,가천대,2016,8
R1,가천대,2017,2
R1,가천대,2018,4
R1,가천대,2019,7
R1,가천대,2020,5
R1,가천대,2021,10
R1,가천대,2022,5
R1,가천대,2023,6
R1,가천대,2024,3
R1,가천대,2025,8
R1,한림대,2016,5
R1,한림대,2017,3
R1,한림대,2018,4
R1,한림대,2019,2
R1,한림대,2020,9
R1,한림대,2021,5
R1,한림대,2022,5
R1,한림대,2023,13
R1,한림대,2024,8
R1,한림대,2025,6
R1,건국대,2016,7
R1,건국대,2017,7
R1,건국대,2018,7
R1,건국대,2019,6
R1,건국대,2020,4
R1,건국대,2021,3
R1,건국대,2022,2
R1,건국대,2023,1
R1,건국대,2024,4
R1,건국대,2025,3
R1,인하대,2016,6
R1,인하대,2017,1
R1,인하대,2018,3
R1,인하대,2019,5
R1,인하대,2020,6
R1,인하대,2021,4
R1,인하대,2022,7
R1,인하대,2023,3
R1,인하대,2024,4
R1,인하대,2025,5
R1,전북대,2016,4
R1,전북대,2017,7
R1,전북대,2018,4
R1,전북대,2019,10
R1,전북대,2020,8
R1,전북대,2021,3
R1,전북대,2022,8
R1,전북대,2023,5
R1,전북대,2024,6
R1,전북대,2025,11
R1,KR,2016,198
R1,KR,2017,186
R1,KR,2018,171
R1,KR,2019,205
R1,KR,2020,231
R1,KR,2021,216
R1,KR,2022,208
R1,KR,2023,218
R1,KR,2024,181
R1,KR,2025,198
R1,WORLD,2016,8440
R1,WORLD,2017,8550
R1,WORLD,2018,8802
R1,WORLD,2019,9494
R1,WORLD,2020,10206
R1,WORLD,2021,10865
R1,WORLD,2022,10884
R1,WORLD,2023,10529
R1,WORLD,2024,10930
R1,WORLD,2025,11014
RG1,서울대,2016,16
RG1,서울대,2017,14
RG1,서울대,2018,11
RG1,서울대,2019,25
RG1,서울대,2020,20
RG1,서울대,2021,14
RG1,서울대,2022,15
RG1,서울대,2023,21
RG1,서울대,2024,16
RG1,서울대,2025,20
RG1,연세대,2016,8
RG1,연세대,2017,3
RG1,연세대,2018,7
RG1,연세대,2019,9
RG1,연세대,2020,8
RG1,연세대,2021,15
RG1,연세대,2022,10
RG1,연세대,2023,7
RG1,연세대,2024,10
RG1,연세대,2025,13
RG1,성균관대,2016,11
RG1,성균관대,2017,8
RG1,성균관대,2018,10
RG1,성균관대,2019,7
RG1,성균관대,2020,11
RG1,성균관대,2021,12
RG1,성균관대,2022,7
RG1,성균관대,2023,10
RG1,성균관대,2024,13
RG1,성균관대,2025,17
RG1,가톨릭대,2016,4
RG1,가톨릭대,2017,6
RG1,가톨릭대,2018,5
RG1,가톨릭대,2019,4
RG1,가톨릭대,2020,9
RG1,가톨릭대,2021,3
RG1,가톨릭대,2022,4
RG1,가톨릭대,2023,4
RG1,가톨릭대,2024,6
RG1,가톨릭대,2025,5
RG1,울산대,2016,7
RG1,울산대,2017,6
RG1,울산대,2018,5
RG1,울산대,2019,6
RG1,울산대,2020,9
RG1,울산대,2021,4
RG1,울산대,2022,10
RG1,울산대,2023,4
RG1,울산대,2024,8
RG1,울산대,2025,7
RG1,고려대,2016,9
RG1,고려대,2017,7
RG1,고려대,2018,4
RG1,고려대,2019,7
RG1,고려대,2020,7
RG1,고려대,2021,6
RG1,고려대,2022,10
RG1,고려대,2023,7
RG1,고려대,2024,7
RG1,고려대,2025,10
RG1,경희대,2016,8
RG1,경희대,2017,5
RG1,경희대,2018,5
RG1,경희대,2019,7
RG1,경희대,2020,7
RG1,경희대,2021,5
RG1,경희대,2022,4
RG1,경희대,2023,6
RG1,경희대,2024,4
RG1,경희대,2025,4
RG1,전남대,2016,4
RG1,전남대,2017,3
RG1,전남대,2018,1
RG1,전남대,2019,2
RG1,전남대,2020,7
RG1,전남대,2021,4
RG1,전남대,2022,5
RG1,전남대,2023,2
RG1,전남대,2024,7
RG1,전남대,2025,1
RG1,인제대,2016,3
RG1,인제대,2017,2
RG1,인제대,2018,0
RG1,인제대,2019,3
RG1,인제대,2020,2
RG1,인제대,2021,2
RG1,인제대,2022,2
RG1,인제대,2023,3
RG1,인제대,2024,5
RG1,인제대,2025,1
RG1,경북대,2016,1
RG1,경북대,2017,2
RG1,경북대,2018,2
RG1,경북대,2019,7
RG1,경북대,2020,3
RG1,경북대,2021,4
RG1,경북대,2022,3
RG1,경북대,2023,4
RG1,경북대,2024,5
RG1,경북대,2025,4
RG1,부산대,2016,4
RG1,부산대,2017,3
RG1,부산대,2018,4
RG1,부산대,2019,2
RG1,부산대,2020,2
RG1,부산대,2021,5
RG1,부산대,2022,2
RG1,부산대,2023,2
RG1,부산대,2024,6
RG1,부산대,2025,9
RG1,한양대,2016,6
RG1,한양대,2017,8
RG1,한양대,2018,4
RG1,한양대,2019,4
RG1,한양대,2020,2
RG1,한양대,2021,4
RG1,한양대,2022,3
RG1,한양대,2023,5
RG1,한양대,2024,3
RG1,한양대,2025,1
RG1,순천향대,2016,5
RG1,순천향대,2017,2
RG1,순천향대,2018,2
RG1,순천향대,2019,4
RG1,순천향대,2020,3
RG1,순천향대,2021,1
RG1,순천향대,2022,2
RG1,순천향대,2023,3
RG1,순천향대,2024,7
RG1,순천향대,2025,3
RG1,아주대,2016,0
RG1,아주대,2017,1
RG1,아주대,2018,0
RG1,아주대,2019,2
RG1,아주대,2020,1
RG1,아주대,2021,1
RG1,아주대,2022,0
RG1,아주대,2023,0
RG1,아주대,2024,1
RG1,아주대,2025,2
RG1,이화여대,2016,6
RG1,이화여대,2017,1
RG1,이화여대,2018,0
RG1,이화여대,2019,0
RG1,이화여대,2020,0
RG1,이화여대,2021,2
RG1,이화여대,2022,3
RG1,이화여대,2023,2
RG1,이화여대,2024,0
RG1,이화여대,2025,4
RG1,중앙대,2016,1
RG1,중앙대,2017,1
RG1,중앙대,2018,0
RG1,중앙대,2019,6
RG1,중앙대,2020,0
RG1,중앙대,2021,0
RG1,중앙대,2022,0
RG1,중앙대,2023,3
RG1,중앙대,2024,2
RG1,중앙대,2025,2
RG1,충남대,2016,0
RG1,충남대,2017,0
RG1,충남대,2018,1
RG1,충남대,2019,3
RG1,충남대,2020,1
RG1,충남대,2021,7
RG1,충남대,2022,2
RG1,충남대,2023,2
RG1,충남대,2024,5
RG1,충남대,2025,3
RG1,가천대,2016,2
RG1,가천대,2017,3
RG1,가천대,2018,1
RG1,가천대,2019,1
RG1,가천대,2020,1
RG1,가천대,2021,2
RG1,가천대,2022,1
RG1,가천대,2023,1
RG1,가천대,2024,2
RG1,가천대,2025,3
RG1,한림대,2016,5
RG1,한림대,2017,3
RG1,한림대,2018,2
RG1,한림대,2019,6
RG1,한림대,2020,3
RG1,한림대,2021,3
RG1,한림대,2022,3
RG1,한림대,2023,3
RG1,한림대,2024,4
RG1,한림대,2025,4
RG1,건국대,2016,4
RG1,건국대,2017,3
RG1,건국대,2018,1
RG1,건국대,2019,4
RG1,건국대,2020,1
RG1,건국대,2021,7
RG1,건국대,2022,2
RG1,건국대,2023,2
RG1,건국대,2024,4
RG1,건국대,2025,2
RG1,인하대,2016,2
RG1,인하대,2017,0
RG1,인하대,2018,0
RG1,인하대,2019,3
RG1,인하대,2020,0
RG1,인하대,2021,1
RG1,인하대,2022,1
RG1,인하대,2023,2
RG1,인하대,2024,2
RG1,인하대,2025,2
RG1,전북대,2016,1
RG1,전북대,2017,2
RG1,전북대,2018,1
RG1,전북대,2019,2
RG1,전북대,2020,0
RG1,전북대,2021,0
RG1,전북대,2022,3
RG1,전북대,2023,2
RG1,전북대,2024,0
RG1,전북대,2025,2
RG1,KR,2016,76
RG1,KR,2017,75
RG1,KR,2018,48
RG1,KR,2019,72
RG1,KR,2020,86
RG1,KR,2021,82
RG1,KR,2022,73
RG1,KR,2023,66
RG1,KR,2024,66
RG1,KR,2025,81
RG1,WORLD,2016,3051
RG1,WORLD,2017,3015
RG1,WORLD,2018,3050
RG1,WORLD,2019,3128
RG1,WORLD,2020,3381
RG1,WORLD,2021,3521
RG1,WORLD,2022,3172
RG1,WORLD,2023,2929
RG1,WORLD,2024,3096
RG1,WORLD,2025,3126
RG2,서울대,2016,4
RG2,서울대,2017,3
RG2,서울대,2018,2
RG2,서울대,2019,7
RG2,서울대,2020,1
RG2,서울대,2021,5
RG2,서울대,2022,2
RG2,서울대,2023,1
RG2,서울대,2024,3
RG2,서울대,2025,3
RG2,연세대,2016,0
RG2,연세대,2017,6
RG2,연세대,2018,7
RG2,연세대,2019,3
RG2,연세대,2020,8
RG2,연세대,2021,5
RG2,연세대,2022,5
RG2,연세대,2023,6
RG2,연세대,2024,7
RG2,연세대,2025,6
RG2,성균관대,2016,1
RG2,성균관대,2017,1
RG2,성균관대,2018,0
RG2,성균관대,2019,1
RG2,성균관대,2020,3
RG2,성균관대,2021,1
RG2,성균관대,2022,2
RG2,성균관대,2023,0
RG2,성균관대,2024,1
RG2,성균관대,2025,2
RG2,가톨릭대,2016,1
RG2,가톨릭대,2017,2
RG2,가톨릭대,2018,0
RG2,가톨릭대,2019,0
RG2,가톨릭대,2020,1
RG2,가톨릭대,2021,2
RG2,가톨릭대,2022,1
RG2,가톨릭대,2023,0
RG2,가톨릭대,2024,2
RG2,가톨릭대,2025,3
RG2,울산대,2016,1
RG2,울산대,2017,4
RG2,울산대,2018,1
RG2,울산대,2019,2
RG2,울산대,2020,1
RG2,울산대,2021,3
RG2,울산대,2022,1
RG2,울산대,2023,0
RG2,울산대,2024,3
RG2,울산대,2025,3
RG2,고려대,2016,1
RG2,고려대,2017,5
RG2,고려대,2018,3
RG2,고려대,2019,2
RG2,고려대,2020,1
RG2,고려대,2021,3
RG2,고려대,2022,2
RG2,고려대,2023,2
RG2,고려대,2024,3
RG2,고려대,2025,4
RG2,경희대,2016,2
RG2,경희대,2017,1
RG2,경희대,2018,0
RG2,경희대,2019,1
RG2,경희대,2020,5
RG2,경희대,2021,3
RG2,경희대,2022,1
RG2,경희대,2023,2
RG2,경희대,2024,1
RG2,경희대,2025,3
RG2,전남대,2016,1
RG2,전남대,2017,3
RG2,전남대,2018,1
RG2,전남대,2019,0
RG2,전남대,2020,0
RG2,전남대,2021,0
RG2,전남대,2022,1
RG2,전남대,2023,0
RG2,전남대,2024,1
RG2,전남대,2025,0
RG2,인제대,2016,0
RG2,인제대,2017,1
RG2,인제대,2018,0
RG2,인제대,2019,1
RG2,인제대,2020,2
RG2,인제대,2021,0
RG2,인제대,2022,0
RG2,인제대,2023,2
RG2,인제대,2024,1
RG2,인제대,2025,0
RG2,경북대,2016,1
RG2,경북대,2017,0
RG2,경북대,2018,1
RG2,경북대,2019,2
RG2,경북대,2020,0
RG2,경북대,2021,0
RG2,경북대,2022,0
RG2,경북대,2023,0
RG2,경북대,2024,1
RG2,경북대,2025,0
RG2,부산대,2016,1
RG2,부산대,2017,2
RG2,부산대,2018,3
RG2,부산대,2019,3
RG2,부산대,2020,2
RG2,부산대,2021,1
RG2,부산대,2022,0
RG2,부산대,2023,0
RG2,부산대,2024,0
RG2,부산대,2025,0
RG2,한양대,2016,0
RG2,한양대,2017,0
RG2,한양대,2018,1
RG2,한양대,2019,0
RG2,한양대,2020,0
RG2,한양대,2021,0
RG2,한양대,2022,0
RG2,한양대,2023,1
RG2,한양대,2024,0
RG2,한양대,2025,1
RG2,순천향대,2016,0
RG2,순천향대,2017,1
RG2,순천향대,2018,0
RG2,순천향대,2019,0
RG2,순천향대,2020,1
RG2,순천향대,2021,1
RG2,순천향대,2022,1
RG2,순천향대,2023,0
RG2,순천향대,2024,0
RG2,순천향대,2025,3
RG2,아주대,2016,0
RG2,아주대,2017,1
RG2,아주대,2018,1
RG2,아주대,2019,0
RG2,아주대,2020,0
RG2,아주대,2021,1
RG2,아주대,2022,0
RG2,아주대,2023,0
RG2,아주대,2024,1
RG2,아주대,2025,0
RG2,이화여대,2016,1
RG2,이화여대,2017,1
RG2,이화여대,2018,0
RG2,이화여대,2019,0
RG2,이화여대,2020,0
RG2,이화여대,2021,1
RG2,이화여대,2022,0
RG2,이화여대,2023,0
RG2,이화여대,2024,0
RG2,이화여대,2025,1
RG2,중앙대,2016,1
RG2,중앙대,2017,0
RG2,중앙대,2018,0
RG2,중앙대,2019,0
RG2,중앙대,2020,0
RG2,중앙대,2021,0
RG2,중앙대,2022,0
RG2,중앙대,2023,1
RG2,중앙대,2024,0
RG2,중앙대,2025,1
RG2,충남대,2016,1
RG2,충남대,2017,1
RG2,충남대,2018,0
RG2,충남대,2019,0
RG2,충남대,2020,0
RG2,충남대,2021,0
RG2,충남대,2022,1
RG2,충남대,2023,0
RG2,충남대,2024,1
RG2,충남대,2025,1
RG2,가천대,2016,2
RG2,가천대,2017,1
RG2,가천대,2018,0
RG2,가천대,2019,1
RG2,가천대,2020,2
RG2,가천대,2021,3
RG2,가천대,2022,1
RG2,가천대,2023,0
RG2,가천대,2024,0
RG2,가천대,2025,0
RG2,한림대,2016,0
RG2,한림대,2017,0
RG2,한림대,2018,0
RG2,한림대,2019,1
RG2,한림대,2020,0
RG2,한림대,2021,0
RG2,한림대,2022,0
RG2,한림대,2023,0
RG2,한림대,2024,0
RG2,한림대,2025,0
RG2,건국대,2016,0
RG2,건국대,2017,0
RG2,건국대,2018,0
RG2,건국대,2019,0
RG2,건국대,2020,0
RG2,건국대,2021,0
RG2,건국대,2022,0
RG2,건국대,2023,0
RG2,건국대,2024,1
RG2,건국대,2025,3
RG2,인하대,2016,1
RG2,인하대,2017,0
RG2,인하대,2018,0
RG2,인하대,2019,1
RG2,인하대,2020,0
RG2,인하대,2021,0
RG2,인하대,2022,0
RG2,인하대,2023,0
RG2,인하대,2024,0
RG2,인하대,2025,0
RG2,전북대,2016,0
RG2,전북대,2017,0
RG2,전북대,2018,0
RG2,전북대,2019,0
RG2,전북대,2020,0
RG2,전북대,2021,0
RG2,전북대,2022,0
RG2,전북대,2023,0
RG2,전북대,2024,1
RG2,전북대,2025,0
RG2,KR,2016,13
RG2,KR,2017,21
RG2,KR,2018,15
RG2,KR,2019,21
RG2,KR,2020,21
RG2,KR,2021,20
RG2,KR,2022,14
RG2,KR,2023,16
RG2,KR,2024,27
RG2,KR,2025,26
RG2,WORLD,2016,894
RG2,WORLD,2017,876
RG2,WORLD,2018,903
RG2,WORLD,2019,950
RG2,WORLD,2020,1076
RG2,WORLD,2021,1232
RG2,WORLD,2022,1184
RG2,WORLD,2023,1166
RG2,WORLD,2024,1311
RG2,WORLD,2025,1361
RG3,서울대,2016,8
RG3,서울대,2017,7
RG3,서울대,2018,14
RG3,서울대,2019,8
RG3,서울대,2020,5
RG3,서울대,2021,15
RG3,서울대,2022,17
RG3,서울대,2023,8
RG3,서울대,2024,6
RG3,서울대,2025,7
RG3,연세대,2016,12
RG3,연세대,2017,13
RG3,연세대,2018,10
RG3,연세대,2019,9
RG3,연세대,2020,9
RG3,연세대,2021,10
RG3,연세대,2022,11
RG3,연세대,2023,14
RG3,연세대,2024,7
RG3,연세대,2025,11
RG3,성균관대,2016,3
RG3,성균관대,2017,6
RG3,성균관대,2018,6
RG3,성균관대,2019,2
RG3,성균관대,2020,6
RG3,성균관대,2021,7
RG3,성균관대,2022,8
RG3,성균관대,2023,3
RG3,성균관대,2024,6
RG3,성균관대,2025,5
RG3,가톨릭대,2016,2
RG3,가톨릭대,2017,2
RG3,가톨릭대,2018,3
RG3,가톨릭대,2019,4
RG3,가톨릭대,2020,8
RG3,가톨릭대,2021,6
RG3,가톨릭대,2022,9
RG3,가톨릭대,2023,5
RG3,가톨릭대,2024,2
RG3,가톨릭대,2025,1
RG3,울산대,2016,3
RG3,울산대,2017,4
RG3,울산대,2018,8
RG3,울산대,2019,4
RG3,울산대,2020,3
RG3,울산대,2021,4
RG3,울산대,2022,3
RG3,울산대,2023,7
RG3,울산대,2024,5
RG3,울산대,2025,1
RG3,고려대,2016,2
RG3,고려대,2017,5
RG3,고려대,2018,3
RG3,고려대,2019,4
RG3,고려대,2020,2
RG3,고려대,2021,2
RG3,고려대,2022,3
RG3,고려대,2023,3
RG3,고려대,2024,6
RG3,고려대,2025,0
RG3,경희대,2016,2
RG3,경희대,2017,1
RG3,경희대,2018,3
RG3,경희대,2019,1
RG3,경희대,2020,2
RG3,경희대,2021,3
RG3,경희대,2022,1
RG3,경희대,2023,2
RG3,경희대,2024,2
RG3,경희대,2025,0
RG3,전남대,2016,0
RG3,전남대,2017,2
RG3,전남대,2018,1
RG3,전남대,2019,2
RG3,전남대,2020,0
RG3,전남대,2021,0
RG3,전남대,2022,3
RG3,전남대,2023,3
RG3,전남대,2024,0
RG3,전남대,2025,1
RG3,인제대,2016,0
RG3,인제대,2017,0
RG3,인제대,2018,1
RG3,인제대,2019,2
RG3,인제대,2020,2
RG3,인제대,2021,0
RG3,인제대,2022,3
RG3,인제대,2023,2
RG3,인제대,2024,0
RG3,인제대,2025,0
RG3,경북대,2016,1
RG3,경북대,2017,2
RG3,경북대,2018,8
RG3,경북대,2019,5
RG3,경북대,2020,4
RG3,경북대,2021,4
RG3,경북대,2022,3
RG3,경북대,2023,9
RG3,경북대,2024,6
RG3,경북대,2025,4
RG3,부산대,2016,2
RG3,부산대,2017,5
RG3,부산대,2018,6
RG3,부산대,2019,4
RG3,부산대,2020,4
RG3,부산대,2021,3
RG3,부산대,2022,13
RG3,부산대,2023,9
RG3,부산대,2024,5
RG3,부산대,2025,4
RG3,한양대,2016,2
RG3,한양대,2017,0
RG3,한양대,2018,0
RG3,한양대,2019,0
RG3,한양대,2020,2
RG3,한양대,2021,2
RG3,한양대,2022,4
RG3,한양대,2023,1
RG3,한양대,2024,1
RG3,한양대,2025,1
RG3,순천향대,2016,1
RG3,순천향대,2017,5
RG3,순천향대,2018,2
RG3,순천향대,2019,0
RG3,순천향대,2020,1
RG3,순천향대,2021,3
RG3,순천향대,2022,1
RG3,순천향대,2023,0
RG3,순천향대,2024,2
RG3,순천향대,2025,2
RG3,아주대,2016,0
RG3,아주대,2017,1
RG3,아주대,2018,1
RG3,아주대,2019,0
RG3,아주대,2020,1
RG3,아주대,2021,0
RG3,아주대,2022,4
RG3,아주대,2023,2
RG3,아주대,2024,0
RG3,아주대,2025,0
RG3,이화여대,2016,6
RG3,이화여대,2017,5
RG3,이화여대,2018,6
RG3,이화여대,2019,4
RG3,이화여대,2020,1
RG3,이화여대,2021,0
RG3,이화여대,2022,5
RG3,이화여대,2023,2
RG3,이화여대,2024,2
RG3,이화여대,2025,1
RG3,중앙대,2016,1
RG3,중앙대,2017,3
RG3,중앙대,2018,2
RG3,중앙대,2019,1
RG3,중앙대,2020,1
RG3,중앙대,2021,0
RG3,중앙대,2022,3
RG3,중앙대,2023,3
RG3,중앙대,2024,1
RG3,중앙대,2025,1
RG3,충남대,2016,1
RG3,충남대,2017,1
RG3,충남대,2018,2
RG3,충남대,2019,1
RG3,충남대,2020,0
RG3,충남대,2021,2
RG3,충남대,2022,3
RG3,충남대,2023,2
RG3,충남대,2024,2
RG3,충남대,2025,0
RG3,가천대,2016,0
RG3,가천대,2017,1
RG3,가천대,2018,1
RG3,가천대,2019,2
RG3,가천대,2020,0
RG3,가천대,2021,0
RG3,가천대,2022,0
RG3,가천대,2023,1
RG3,가천대,2024,0
RG3,가천대,2025,1
RG3,한림대,2016,1
RG3,한림대,2017,3
RG3,한림대,2018,3
RG3,한림대,2019,2
RG3,한림대,2020,2
RG3,한림대,2021,2
RG3,한림대,2022,2
RG3,한림대,2023,2
RG3,한림대,2024,0
RG3,한림대,2025,0
RG3,건국대,2016,1
RG3,건국대,2017,3
RG3,건국대,2018,1
RG3,건국대,2019,1
RG3,건국대,2020,0
RG3,건국대,2021,1
RG3,건국대,2022,5
RG3,건국대,2023,4
RG3,건국대,2024,0
RG3,건국대,2025,1
RG3,인하대,2016,0
RG3,인하대,2017,1
RG3,인하대,2018,2
RG3,인하대,2019,3
RG3,인하대,2020,0
RG3,인하대,2021,2
RG3,인하대,2022,1
RG3,인하대,2023,0
RG3,인하대,2024,1
RG3,인하대,2025,0
RG3,전북대,2016,0
RG3,전북대,2017,2
RG3,전북대,2018,1
RG3,전북대,2019,0
RG3,전북대,2020,1
RG3,전북대,2021,2
RG3,전북대,2022,4
RG3,전북대,2023,5
RG3,전북대,2024,3
RG3,전북대,2025,7
RG3,KR,2016,41
RG3,KR,2017,40
RG3,KR,2018,54
RG3,KR,2019,38
RG3,KR,2020,42
RG3,KR,2021,50
RG3,KR,2022,70
RG3,KR,2023,55
RG3,KR,2024,46
RG3,KR,2025,44
RG3,WORLD,2016,2138
RG3,WORLD,2017,2241
RG3,WORLD,2018,2342
RG3,WORLD,2019,2380
RG3,WORLD,2020,2787
RG3,WORLD,2021,2945
RG3,WORLD,2022,2823
RG3,WORLD,2023,2796
RG3,WORLD,2024,2948
RG3,WORLD,2025,3322
RG4,서울대,2016,15
RG4,서울대,2017,14
RG4,서울대,2018,14
RG4,서울대,2019,25
RG4,서울대,2020,26
RG4,서울대,2021,28
RG4,서울대,2022,28
RG4,서울대,2023,14
RG4,서울대,2024,17
RG4,서울대,2025,15
RG4,연세대,2016,10
RG4,연세대,2017,16
RG4,연세대,2018,8
RG4,연세대,2019,11
RG4,연세대,2020,10
RG4,연세대,2021,15
RG4,연세대,2022,12
RG4,연세대,2023,13
RG4,연세대,2024,14
RG4,연세대,2025,23
RG4,성균관대,2016,10
RG4,성균관대,2017,6
RG4,성균관대,2018,11
RG4,성균관대,2019,8
RG4,성균관대,2020,5
RG4,성균관대,2021,6
RG4,성균관대,2022,12
RG4,성균관대,2023,11
RG4,성균관대,2024,13
RG4,성균관대,2025,13
RG4,가톨릭대,2016,8
RG4,가톨릭대,2017,3
RG4,가톨릭대,2018,5
RG4,가톨릭대,2019,9
RG4,가톨릭대,2020,3
RG4,가톨릭대,2021,8
RG4,가톨릭대,2022,5
RG4,가톨릭대,2023,10
RG4,가톨릭대,2024,5
RG4,가톨릭대,2025,9
RG4,울산대,2016,9
RG4,울산대,2017,14
RG4,울산대,2018,11
RG4,울산대,2019,14
RG4,울산대,2020,20
RG4,울산대,2021,17
RG4,울산대,2022,13
RG4,울산대,2023,8
RG4,울산대,2024,7
RG4,울산대,2025,8
RG4,고려대,2016,5
RG4,고려대,2017,12
RG4,고려대,2018,7
RG4,고려대,2019,11
RG4,고려대,2020,7
RG4,고려대,2021,5
RG4,고려대,2022,4
RG4,고려대,2023,9
RG4,고려대,2024,5
RG4,고려대,2025,8
RG4,경희대,2016,2
RG4,경희대,2017,4
RG4,경희대,2018,2
RG4,경희대,2019,5
RG4,경희대,2020,6
RG4,경희대,2021,6
RG4,경희대,2022,4
RG4,경희대,2023,5
RG4,경희대,2024,1
RG4,경희대,2025,7
RG4,전남대,2016,2
RG4,전남대,2017,3
RG4,전남대,2018,4
RG4,전남대,2019,4
RG4,전남대,2020,6
RG4,전남대,2021,4
RG4,전남대,2022,2
RG4,전남대,2023,4
RG4,전남대,2024,3
RG4,전남대,2025,5
RG4,인제대,2016,3
RG4,인제대,2017,6
RG4,인제대,2018,2
RG4,인제대,2019,4
RG4,인제대,2020,2
RG4,인제대,2021,3
RG4,인제대,2022,3
RG4,인제대,2023,3
RG4,인제대,2024,5
RG4,인제대,2025,1
RG4,경북대,2016,1
RG4,경북대,2017,2
RG4,경북대,2018,3
RG4,경북대,2019,8
RG4,경북대,2020,4
RG4,경북대,2021,2
RG4,경북대,2022,4
RG4,경북대,2023,2
RG4,경북대,2024,2
RG4,경북대,2025,6
RG4,부산대,2016,10
RG4,부산대,2017,5
RG4,부산대,2018,6
RG4,부산대,2019,6
RG4,부산대,2020,5
RG4,부산대,2021,8
RG4,부산대,2022,8
RG4,부산대,2023,5
RG4,부산대,2024,5
RG4,부산대,2025,11
RG4,한양대,2016,4
RG4,한양대,2017,4
RG4,한양대,2018,4
RG4,한양대,2019,5
RG4,한양대,2020,5
RG4,한양대,2021,3
RG4,한양대,2022,6
RG4,한양대,2023,8
RG4,한양대,2024,3
RG4,한양대,2025,6
RG4,순천향대,2016,2
RG4,순천향대,2017,3
RG4,순천향대,2018,2
RG4,순천향대,2019,3
RG4,순천향대,2020,2
RG4,순천향대,2021,2
RG4,순천향대,2022,5
RG4,순천향대,2023,8
RG4,순천향대,2024,5
RG4,순천향대,2025,6
RG4,아주대,2016,2
RG4,아주대,2017,5
RG4,아주대,2018,3
RG4,아주대,2019,3
RG4,아주대,2020,5
RG4,아주대,2021,2
RG4,아주대,2022,8
RG4,아주대,2023,6
RG4,아주대,2024,5
RG4,아주대,2025,8
RG4,이화여대,2016,2
RG4,이화여대,2017,4
RG4,이화여대,2018,2
RG4,이화여대,2019,1
RG4,이화여대,2020,3
RG4,이화여대,2021,3
RG4,이화여대,2022,1
RG4,이화여대,2023,6
RG4,이화여대,2024,2
RG4,이화여대,2025,5
RG4,중앙대,2016,1
RG4,중앙대,2017,4
RG4,중앙대,2018,3
RG4,중앙대,2019,6
RG4,중앙대,2020,3
RG4,중앙대,2021,3
RG4,중앙대,2022,1
RG4,중앙대,2023,4
RG4,중앙대,2024,3
RG4,중앙대,2025,7
RG4,충남대,2016,2
RG4,충남대,2017,5
RG4,충남대,2018,5
RG4,충남대,2019,1
RG4,충남대,2020,5
RG4,충남대,2021,7
RG4,충남대,2022,5
RG4,충남대,2023,1
RG4,충남대,2024,0
RG4,충남대,2025,2
RG4,가천대,2016,3
RG4,가천대,2017,1
RG4,가천대,2018,3
RG4,가천대,2019,3
RG4,가천대,2020,3
RG4,가천대,2021,6
RG4,가천대,2022,3
RG4,가천대,2023,5
RG4,가천대,2024,2
RG4,가천대,2025,5
RG4,한림대,2016,1
RG4,한림대,2017,1
RG4,한림대,2018,3
RG4,한림대,2019,0
RG4,한림대,2020,7
RG4,한림대,2021,3
RG4,한림대,2022,3
RG4,한림대,2023,7
RG4,한림대,2024,3
RG4,한림대,2025,5
RG4,건국대,2016,1
RG4,건국대,2017,3
RG4,건국대,2018,3
RG4,건국대,2019,4
RG4,건국대,2020,3
RG4,건국대,2021,2
RG4,건국대,2022,2
RG4,건국대,2023,1
RG4,건국대,2024,0
RG4,건국대,2025,2
RG4,인하대,2016,1
RG4,인하대,2017,2
RG4,인하대,2018,3
RG4,인하대,2019,4
RG4,인하대,2020,2
RG4,인하대,2021,3
RG4,인하대,2022,2
RG4,인하대,2023,0
RG4,인하대,2024,3
RG4,인하대,2025,2
RG4,전북대,2016,4
RG4,전북대,2017,1
RG4,전북대,2018,1
RG4,전북대,2019,2
RG4,전북대,2020,2
RG4,전북대,2021,2
RG4,전북대,2022,3
RG4,전북대,2023,1
RG4,전북대,2024,0
RG4,전북대,2025,4
RG4,KR,2016,74
RG4,KR,2017,87
RG4,KR,2018,81
RG4,KR,2019,98
RG4,KR,2020,99
RG4,KR,2021,112
RG4,KR,2022,92
RG4,KR,2023,96
RG4,KR,2024,78
RG4,KR,2025,101
RG4,WORLD,2016,4664
RG4,WORLD,2017,4649
RG4,WORLD,2018,4770
RG4,WORLD,2019,5088
RG4,WORLD,2020,5404
RG4,WORLD,2021,5327
RG4,WORLD,2022,5120
RG4,WORLD,2023,4785
RG4,WORLD,2024,4963
RG4,WORLD,2025,5040
RG5,서울대,2016,6
RG5,서울대,2017,6
RG5,서울대,2018,2
RG5,서울대,2019,2
RG5,서울대,2020,2
RG5,서울대,2021,5
RG5,서울대,2022,3
RG5,서울대,2023,4
RG5,서울대,2024,11
RG5,서울대,2025,5
RG5,연세대,2016,3
RG5,연세대,2017,10
RG5,연세대,2018,5
RG5,연세대,2019,5
RG5,연세대,2020,7
RG5,연세대,2021,6
RG5,연세대,2022,4
RG5,연세대,2023,6
RG5,연세대,2024,7
RG5,연세대,2025,3
RG5,성균관대,2016,3
RG5,성균관대,2017,2
RG5,성균관대,2018,0
RG5,성균관대,2019,0
RG5,성균관대,2020,1
RG5,성균관대,2021,1
RG5,성균관대,2022,1
RG5,성균관대,2023,1
RG5,성균관대,2024,4
RG5,성균관대,2025,3
RG5,가톨릭대,2016,1
RG5,가톨릭대,2017,0
RG5,가톨릭대,2018,0
RG5,가톨릭대,2019,0
RG5,가톨릭대,2020,1
RG5,가톨릭대,2021,0
RG5,가톨릭대,2022,1
RG5,가톨릭대,2023,0
RG5,가톨릭대,2024,0
RG5,가톨릭대,2025,0
RG5,울산대,2016,1
RG5,울산대,2017,0
RG5,울산대,2018,2
RG5,울산대,2019,1
RG5,울산대,2020,2
RG5,울산대,2021,3
RG5,울산대,2022,4
RG5,울산대,2023,1
RG5,울산대,2024,2
RG5,울산대,2025,1
RG5,고려대,2016,1
RG5,고려대,2017,2
RG5,고려대,2018,0
RG5,고려대,2019,0
RG5,고려대,2020,0
RG5,고려대,2021,1
RG5,고려대,2022,0
RG5,고려대,2023,2
RG5,고려대,2024,5
RG5,고려대,2025,2
RG5,경희대,2016,1
RG5,경희대,2017,0
RG5,경희대,2018,0
RG5,경희대,2019,0
RG5,경희대,2020,1
RG5,경희대,2021,0
RG5,경희대,2022,0
RG5,경희대,2023,0
RG5,경희대,2024,1
RG5,경희대,2025,3
RG5,전남대,2016,0
RG5,전남대,2017,1
RG5,전남대,2018,0
RG5,전남대,2019,0
RG5,전남대,2020,1
RG5,전남대,2021,1
RG5,전남대,2022,0
RG5,전남대,2023,0
RG5,전남대,2024,2
RG5,전남대,2025,0
RG5,인제대,2016,1
RG5,인제대,2017,3
RG5,인제대,2018,1
RG5,인제대,2019,1
RG5,인제대,2020,0
RG5,인제대,2021,0
RG5,인제대,2022,0
RG5,인제대,2023,0
RG5,인제대,2024,2
RG5,인제대,2025,0
RG5,경북대,2016,1
RG5,경북대,2017,2
RG5,경북대,2018,1
RG5,경북대,2019,1
RG5,경북대,2020,0
RG5,경북대,2021,1
RG5,경북대,2022,1
RG5,경북대,2023,1
RG5,경북대,2024,2
RG5,경북대,2025,0
RG5,부산대,2016,0
RG5,부산대,2017,1
RG5,부산대,2018,1
RG5,부산대,2019,2
RG5,부산대,2020,1
RG5,부산대,2021,1
RG5,부산대,2022,0
RG5,부산대,2023,1
RG5,부산대,2024,1
RG5,부산대,2025,1
RG5,한양대,2016,0
RG5,한양대,2017,0
RG5,한양대,2018,0
RG5,한양대,2019,0
RG5,한양대,2020,0
RG5,한양대,2021,0
RG5,한양대,2022,1
RG5,한양대,2023,1
RG5,한양대,2024,1
RG5,한양대,2025,0
RG5,순천향대,2016,0
RG5,순천향대,2017,0
RG5,순천향대,2018,0
RG5,순천향대,2019,1
RG5,순천향대,2020,2
RG5,순천향대,2021,2
RG5,순천향대,2022,0
RG5,순천향대,2023,0
RG5,순천향대,2024,0
RG5,순천향대,2025,0
RG5,아주대,2016,0
RG5,아주대,2017,0
RG5,아주대,2018,0
RG5,아주대,2019,0
RG5,아주대,2020,0
RG5,아주대,2021,1
RG5,아주대,2022,0
RG5,아주대,2023,0
RG5,아주대,2024,0
RG5,아주대,2025,1
RG5,이화여대,2016,1
RG5,이화여대,2017,0
RG5,이화여대,2018,1
RG5,이화여대,2019,0
RG5,이화여대,2020,1
RG5,이화여대,2021,0
RG5,이화여대,2022,0
RG5,이화여대,2023,0
RG5,이화여대,2024,0
RG5,이화여대,2025,0
RG5,중앙대,2016,0
RG5,중앙대,2017,2
RG5,중앙대,2018,1
RG5,중앙대,2019,0
RG5,중앙대,2020,0
RG5,중앙대,2021,0
RG5,중앙대,2022,0
RG5,중앙대,2023,0
RG5,중앙대,2024,1
RG5,중앙대,2025,1
RG5,충남대,2016,0
RG5,충남대,2017,0
RG5,충남대,2018,2
RG5,충남대,2019,0
RG5,충남대,2020,1
RG5,충남대,2021,2
RG5,충남대,2022,2
RG5,충남대,2023,1
RG5,충남대,2024,2
RG5,충남대,2025,1
RG5,가천대,2016,1
RG5,가천대,2017,0
RG5,가천대,2018,2
RG5,가천대,2019,0
RG5,가천대,2020,1
RG5,가천대,2021,1
RG5,가천대,2022,0
RG5,가천대,2023,0
RG5,가천대,2024,0
RG5,가천대,2025,1
RG5,한림대,2016,0
RG5,한림대,2017,0
RG5,한림대,2018,0
RG5,한림대,2019,0
RG5,한림대,2020,0
RG5,한림대,2021,0
RG5,한림대,2022,1
RG5,한림대,2023,0
RG5,한림대,2024,0
RG5,한림대,2025,0
RG5,건국대,2016,0
RG5,건국대,2017,0
RG5,건국대,2018,0
RG5,건국대,2019,0
RG5,건국대,2020,0
RG5,건국대,2021,2
RG5,건국대,2022,1
RG5,건국대,2023,1
RG5,건국대,2024,1
RG5,건국대,2025,1
RG5,인하대,2016,0
RG5,인하대,2017,0
RG5,인하대,2018,0
RG5,인하대,2019,0
RG5,인하대,2020,0
RG5,인하대,2021,0
RG5,인하대,2022,0
RG5,인하대,2023,0
RG5,인하대,2024,0
RG5,인하대,2025,0
RG5,전북대,2016,0
RG5,전북대,2017,0
RG5,전북대,2018,1
RG5,전북대,2019,2
RG5,전북대,2020,0
RG5,전북대,2021,0
RG5,전북대,2022,0
RG5,전북대,2023,0
RG5,전북대,2024,0
RG5,전북대,2025,0
RG5,KR,2016,16
RG5,KR,2017,23
RG5,KR,2018,16
RG5,KR,2019,15
RG5,KR,2020,20
RG5,KR,2021,27
RG5,KR,2022,17
RG5,KR,2023,19
RG5,KR,2024,33
RG5,KR,2025,19
RG5,WORLD,2016,902
RG5,WORLD,2017,895
RG5,WORLD,2018,927
RG5,WORLD,2019,950
RG5,WORLD,2020,1048
RG5,WORLD,2021,1044
RG5,WORLD,2022,946
RG5,WORLD,2023,972
RG5,WORLD,2024,1187
RG5,WORLD,2025,980
RG6,서울대,2016,7
RG6,서울대,2017,7
RG6,서울대,2018,3
RG6,서울대,2019,7
RG6,서울대,2020,3
RG6,서울대,2021,7
RG6,서울대,2022,8
RG6,서울대,2023,3
RG6,서울대,2024,4
RG6,서울대,2025,6
RG6,연세대,2016,6
RG6,연세대,2017,2
RG6,연세대,2018,0
RG6,연세대,2019,2
RG6,연세대,2020,4
RG6,연세대,2021,6
RG6,연세대,2022,5
RG6,연세대,2023,2
RG6,연세대,2024,7
RG6,연세대,2025,5
RG6,성균관대,2016,4
RG6,성균관대,2017,4
RG6,성균관대,2018,2
RG6,성균관대,2019,6
RG6,성균관대,2020,3
RG6,성균관대,2021,2
RG6,성균관대,2022,2
RG6,성균관대,2023,0
RG6,성균관대,2024,5
RG6,성균관대,2025,7
RG6,가톨릭대,2016,11
RG6,가톨릭대,2017,6
RG6,가톨릭대,2018,5
RG6,가톨릭대,2019,4
RG6,가톨릭대,2020,6
RG6,가톨릭대,2021,5
RG6,가톨릭대,2022,3
RG6,가톨릭대,2023,4
RG6,가톨릭대,2024,6
RG6,가톨릭대,2025,4
RG6,울산대,2016,4
RG6,울산대,2017,6
RG6,울산대,2018,1
RG6,울산대,2019,6
RG6,울산대,2020,2
RG6,울산대,2021,5
RG6,울산대,2022,1
RG6,울산대,2023,0
RG6,울산대,2024,0
RG6,울산대,2025,1
RG6,고려대,2016,1
RG6,고려대,2017,1
RG6,고려대,2018,0
RG6,고려대,2019,3
RG6,고려대,2020,3
RG6,고려대,2021,1
RG6,고려대,2022,2
RG6,고려대,2023,0
RG6,고려대,2024,1
RG6,고려대,2025,4
RG6,경희대,2016,3
RG6,경희대,2017,3
RG6,경희대,2018,3
RG6,경희대,2019,1
RG6,경희대,2020,7
RG6,경희대,2021,3
RG6,경희대,2022,3
RG6,경희대,2023,0
RG6,경희대,2024,5
RG6,경희대,2025,7
RG6,전남대,2016,5
RG6,전남대,2017,2
RG6,전남대,2018,0
RG6,전남대,2019,5
RG6,전남대,2020,3
RG6,전남대,2021,2
RG6,전남대,2022,2
RG6,전남대,2023,0
RG6,전남대,2024,3
RG6,전남대,2025,2
RG6,인제대,2016,1
RG6,인제대,2017,0
RG6,인제대,2018,0
RG6,인제대,2019,1
RG6,인제대,2020,2
RG6,인제대,2021,1
RG6,인제대,2022,1
RG6,인제대,2023,0
RG6,인제대,2024,1
RG6,인제대,2025,1
RG6,경북대,2016,1
RG6,경북대,2017,1
RG6,경북대,2018,1
RG6,경북대,2019,1
RG6,경북대,2020,4
RG6,경북대,2021,2
RG6,경북대,2022,0
RG6,경북대,2023,2
RG6,경북대,2024,2
RG6,경북대,2025,3
RG6,부산대,2016,2
RG6,부산대,2017,2
RG6,부산대,2018,0
RG6,부산대,2019,5
RG6,부산대,2020,3
RG6,부산대,2021,2
RG6,부산대,2022,0
RG6,부산대,2023,0
RG6,부산대,2024,0
RG6,부산대,2025,2
RG6,한양대,2016,2
RG6,한양대,2017,1
RG6,한양대,2018,0
RG6,한양대,2019,1
RG6,한양대,2020,2
RG6,한양대,2021,0
RG6,한양대,2022,0
RG6,한양대,2023,0
RG6,한양대,2024,2
RG6,한양대,2025,4
RG6,순천향대,2016,1
RG6,순천향대,2017,1
RG6,순천향대,2018,0
RG6,순천향대,2019,2
RG6,순천향대,2020,1
RG6,순천향대,2021,1
RG6,순천향대,2022,1
RG6,순천향대,2023,0
RG6,순천향대,2024,0
RG6,순천향대,2025,0
RG6,아주대,2016,1
RG6,아주대,2017,0
RG6,아주대,2018,1
RG6,아주대,2019,1
RG6,아주대,2020,1
RG6,아주대,2021,0
RG6,아주대,2022,1
RG6,아주대,2023,1
RG6,아주대,2024,2
RG6,아주대,2025,1
RG6,이화여대,2016,1
RG6,이화여대,2017,2
RG6,이화여대,2018,1
RG6,이화여대,2019,0
RG6,이화여대,2020,1
RG6,이화여대,2021,0
RG6,이화여대,2022,2
RG6,이화여대,2023,2
RG6,이화여대,2024,0
RG6,이화여대,2025,3
RG6,중앙대,2016,2
RG6,중앙대,2017,4
RG6,중앙대,2018,1
RG6,중앙대,2019,1
RG6,중앙대,2020,0
RG6,중앙대,2021,0
RG6,중앙대,2022,1
RG6,중앙대,2023,0
RG6,중앙대,2024,1
RG6,중앙대,2025,1
RG6,충남대,2016,2
RG6,충남대,2017,2
RG6,충남대,2018,1
RG6,충남대,2019,1
RG6,충남대,2020,0
RG6,충남대,2021,0
RG6,충남대,2022,1
RG6,충남대,2023,1
RG6,충남대,2024,0
RG6,충남대,2025,0
RG6,가천대,2016,1
RG6,가천대,2017,2
RG6,가천대,2018,0
RG6,가천대,2019,2
RG6,가천대,2020,1
RG6,가천대,2021,0
RG6,가천대,2022,2
RG6,가천대,2023,2
RG6,가천대,2024,0
RG6,가천대,2025,3
RG6,한림대,2016,0
RG6,한림대,2017,1
RG6,한림대,2018,1
RG6,한림대,2019,1
RG6,한림대,2020,1
RG6,한림대,2021,1
RG6,한림대,2022,1
RG6,한림대,2023,0
RG6,한림대,2024,2
RG6,한림대,2025,0
RG6,건국대,2016,0
RG6,건국대,2017,0
RG6,건국대,2018,0
RG6,건국대,2019,0
RG6,건국대,2020,0
RG6,건국대,2021,0
RG6,건국대,2022,0
RG6,건국대,2023,0
RG6,건국대,2024,0
RG6,건국대,2025,0
RG6,인하대,2016,0
RG6,인하대,2017,0
RG6,인하대,2018,1
RG6,인하대,2019,0
RG6,인하대,2020,2
RG6,인하대,2021,2
RG6,인하대,2022,0
RG6,인하대,2023,0
RG6,인하대,2024,3
RG6,인하대,2025,1
RG6,전북대,2016,1
RG6,전북대,2017,2
RG6,전북대,2018,0
RG6,전북대,2019,2
RG6,전북대,2020,2
RG6,전북대,2021,1
RG6,전북대,2022,0
RG6,전북대,2023,1
RG6,전북대,2024,0
RG6,전북대,2025,1
RG6,KR,2016,43
RG6,KR,2017,35
RG6,KR,2018,19
RG6,KR,2019,30
RG6,KR,2020,34
RG6,KR,2021,26
RG6,KR,2022,27
RG6,KR,2023,20
RG6,KR,2024,35
RG6,KR,2025,40
RG6,WORLD,2016,3006
RG6,WORLD,2017,2949
RG6,WORLD,2018,3070
RG6,WORLD,2019,3111
RG6,WORLD,2020,3622
RG6,WORLD,2021,3809
RG6,WORLD,2022,3767
RG6,WORLD,2023,3745
RG6,WORLD,2024,3785
RG6,WORLD,2025,4046
RG7,서울대,2016,23
RG7,서울대,2017,20
RG7,서울대,2018,21
RG7,서울대,2019,15
RG7,서울대,2020,13
RG7,서울대,2021,20
RG7,서울대,2022,18
RG7,서울대,2023,20
RG7,서울대,2024,20
RG7,서울대,2025,20
RG7,연세대,2016,32
RG7,연세대,2017,30
RG7,연세대,2018,28
RG7,연세대,2019,36
RG7,연세대,2020,34
RG7,연세대,2021,29
RG7,연세대,2022,35
RG7,연세대,2023,37
RG7,연세대,2024,37
RG7,연세대,2025,27
RG7,성균관대,2016,7
RG7,성균관대,2017,8
RG7,성균관대,2018,12
RG7,성균관대,2019,7
RG7,성균관대,2020,12
RG7,성균관대,2021,13
RG7,성균관대,2022,8
RG7,성균관대,2023,7
RG7,성균관대,2024,12
RG7,성균관대,2025,12
RG7,가톨릭대,2016,3
RG7,가톨릭대,2017,9
RG7,가톨릭대,2018,9
RG7,가톨릭대,2019,9
RG7,가톨릭대,2020,7
RG7,가톨릭대,2021,12
RG7,가톨릭대,2022,11
RG7,가톨릭대,2023,12
RG7,가톨릭대,2024,9
RG7,가톨릭대,2025,9
RG7,울산대,2016,8
RG7,울산대,2017,9
RG7,울산대,2018,6
RG7,울산대,2019,7
RG7,울산대,2020,5
RG7,울산대,2021,10
RG7,울산대,2022,3
RG7,울산대,2023,7
RG7,울산대,2024,5
RG7,울산대,2025,5
RG7,고려대,2016,7
RG7,고려대,2017,7
RG7,고려대,2018,13
RG7,고려대,2019,9
RG7,고려대,2020,9
RG7,고려대,2021,11
RG7,고려대,2022,8
RG7,고려대,2023,12
RG7,고려대,2024,12
RG7,고려대,2025,7
RG7,경희대,2016,5
RG7,경희대,2017,6
RG7,경희대,2018,5
RG7,경희대,2019,2
RG7,경희대,2020,6
RG7,경희대,2021,4
RG7,경희대,2022,0
RG7,경희대,2023,4
RG7,경희대,2024,3
RG7,경희대,2025,2
RG7,전남대,2016,2
RG7,전남대,2017,1
RG7,전남대,2018,4
RG7,전남대,2019,2
RG7,전남대,2020,3
RG7,전남대,2021,5
RG7,전남대,2022,2
RG7,전남대,2023,6
RG7,전남대,2024,6
RG7,전남대,2025,2
RG7,인제대,2016,0
RG7,인제대,2017,1
RG7,인제대,2018,4
RG7,인제대,2019,3
RG7,인제대,2020,3
RG7,인제대,2021,4
RG7,인제대,2022,4
RG7,인제대,2023,3
RG7,인제대,2024,3
RG7,인제대,2025,2
RG7,경북대,2016,2
RG7,경북대,2017,4
RG7,경북대,2018,6
RG7,경북대,2019,5
RG7,경북대,2020,6
RG7,경북대,2021,3
RG7,경북대,2022,5
RG7,경북대,2023,3
RG7,경북대,2024,5
RG7,경북대,2025,1
RG7,부산대,2016,7
RG7,부산대,2017,6
RG7,부산대,2018,3
RG7,부산대,2019,7
RG7,부산대,2020,8
RG7,부산대,2021,7
RG7,부산대,2022,4
RG7,부산대,2023,5
RG7,부산대,2024,6
RG7,부산대,2025,6
RG7,한양대,2016,3
RG7,한양대,2017,2
RG7,한양대,2018,6
RG7,한양대,2019,2
RG7,한양대,2020,5
RG7,한양대,2021,5
RG7,한양대,2022,7
RG7,한양대,2023,5
RG7,한양대,2024,6
RG7,한양대,2025,3
RG7,순천향대,2016,1
RG7,순천향대,2017,2
RG7,순천향대,2018,2
RG7,순천향대,2019,7
RG7,순천향대,2020,5
RG7,순천향대,2021,2
RG7,순천향대,2022,3
RG7,순천향대,2023,0
RG7,순천향대,2024,2
RG7,순천향대,2025,6
RG7,아주대,2016,5
RG7,아주대,2017,6
RG7,아주대,2018,8
RG7,아주대,2019,7
RG7,아주대,2020,3
RG7,아주대,2021,5
RG7,아주대,2022,5
RG7,아주대,2023,7
RG7,아주대,2024,4
RG7,아주대,2025,2
RG7,이화여대,2016,3
RG7,이화여대,2017,3
RG7,이화여대,2018,0
RG7,이화여대,2019,2
RG7,이화여대,2020,3
RG7,이화여대,2021,4
RG7,이화여대,2022,4
RG7,이화여대,2023,3
RG7,이화여대,2024,5
RG7,이화여대,2025,6
RG7,중앙대,2016,0
RG7,중앙대,2017,3
RG7,중앙대,2018,2
RG7,중앙대,2019,1
RG7,중앙대,2020,3
RG7,중앙대,2021,2
RG7,중앙대,2022,1
RG7,중앙대,2023,3
RG7,중앙대,2024,3
RG7,중앙대,2025,5
RG7,충남대,2016,3
RG7,충남대,2017,2
RG7,충남대,2018,3
RG7,충남대,2019,2
RG7,충남대,2020,3
RG7,충남대,2021,3
RG7,충남대,2022,1
RG7,충남대,2023,2
RG7,충남대,2024,3
RG7,충남대,2025,6
RG7,가천대,2016,2
RG7,가천대,2017,3
RG7,가천대,2018,3
RG7,가천대,2019,1
RG7,가천대,2020,2
RG7,가천대,2021,1
RG7,가천대,2022,1
RG7,가천대,2023,1
RG7,가천대,2024,2
RG7,가천대,2025,3
RG7,한림대,2016,3
RG7,한림대,2017,6
RG7,한림대,2018,4
RG7,한림대,2019,3
RG7,한림대,2020,2
RG7,한림대,2021,3
RG7,한림대,2022,0
RG7,한림대,2023,3
RG7,한림대,2024,1
RG7,한림대,2025,1
RG7,건국대,2016,5
RG7,건국대,2017,1
RG7,건국대,2018,3
RG7,건국대,2019,2
RG7,건국대,2020,0
RG7,건국대,2021,5
RG7,건국대,2022,2
RG7,건국대,2023,1
RG7,건국대,2024,0
RG7,건국대,2025,0
RG7,인하대,2016,2
RG7,인하대,2017,2
RG7,인하대,2018,7
RG7,인하대,2019,4
RG7,인하대,2020,5
RG7,인하대,2021,1
RG7,인하대,2022,1
RG7,인하대,2023,2
RG7,인하대,2024,1
RG7,인하대,2025,2
RG7,전북대,2016,4
RG7,전북대,2017,2
RG7,전북대,2018,2
RG7,전북대,2019,4
RG7,전북대,2020,5
RG7,전북대,2021,3
RG7,전북대,2022,2
RG7,전북대,2023,0
RG7,전북대,2024,1
RG7,전북대,2025,2
RG7,KR,2016,133
RG7,KR,2017,118
RG7,KR,2018,125
RG7,KR,2019,109
RG7,KR,2020,113
RG7,KR,2021,123
RG7,KR,2022,111
RG7,KR,2023,96
RG7,KR,2024,99
RG7,KR,2025,115
RG7,WORLD,2016,12809
RG7,WORLD,2017,12353
RG7,WORLD,2018,12126
RG7,WORLD,2019,12584
RG7,WORLD,2020,13231
RG7,WORLD,2021,13684
RG7,WORLD,2022,13181
RG7,WORLD,2023,11812
RG7,WORLD,2024,10868
RG7,WORLD,2025,11080
RG8,서울대,2016,2
RG8,서울대,2017,4
RG8,서울대,2018,3
RG8,서울대,2019,4
RG8,서울대,2020,5
RG8,서울대,2021,5
RG8,서울대,2022,7
RG8,서울대,2023,16
RG8,서울대,2024,12
RG8,서울대,2025,16
RG8,연세대,2016,0
RG8,연세대,2017,2
RG8,연세대,2018,1
RG8,연세대,2019,2
RG8,연세대,2020,3
RG8,연세대,2021,6
RG8,연세대,2022,6
RG8,연세대,2023,6
RG8,연세대,2024,3
RG8,연세대,2025,3
RG8,성균관대,2016,0
RG8,성균관대,2017,1
RG8,성균관대,2018,0
RG8,성균관대,2019,0
RG8,성균관대,2020,1
RG8,성균관대,2021,1
RG8,성균관대,2022,1
RG8,성균관대,2023,3
RG8,성균관대,2024,7
RG8,성균관대,2025,7
RG8,가톨릭대,2016,1
RG8,가톨릭대,2017,0
RG8,가톨릭대,2018,1
RG8,가톨릭대,2019,1
RG8,가톨릭대,2020,1
RG8,가톨릭대,2021,2
RG8,가톨릭대,2022,0
RG8,가톨릭대,2023,0
RG8,가톨릭대,2024,1
RG8,가톨릭대,2025,2
RG8,울산대,2016,1
RG8,울산대,2017,1
RG8,울산대,2018,0
RG8,울산대,2019,2
RG8,울산대,2020,9
RG8,울산대,2021,5
RG8,울산대,2022,3
RG8,울산대,2023,4
RG8,울산대,2024,2
RG8,울산대,2025,3
RG8,고려대,2016,1
RG8,고려대,2017,1
RG8,고려대,2018,0
RG8,고려대,2019,0
RG8,고려대,2020,0
RG8,고려대,2021,0
RG8,고려대,2022,2
RG8,고려대,2023,5
RG8,고려대,2024,2
RG8,고려대,2025,5
RG8,경희대,2016,0
RG8,경희대,2017,1
RG8,경희대,2018,0
RG8,경희대,2019,0
RG8,경희대,2020,0
RG8,경희대,2021,0
RG8,경희대,2022,1
RG8,경희대,2023,1
RG8,경희대,2024,0
RG8,경희대,2025,2
RG8,전남대,2016,0
RG8,전남대,2017,0
RG8,전남대,2018,0
RG8,전남대,2019,0
RG8,전남대,2020,0
RG8,전남대,2021,0
RG8,전남대,2022,0
RG8,전남대,2023,0
RG8,전남대,2024,0
RG8,전남대,2025,0
RG8,인제대,2016,0
RG8,인제대,2017,1
RG8,인제대,2018,1
RG8,인제대,2019,0
RG8,인제대,2020,1
RG8,인제대,2021,1
RG8,인제대,2022,0
RG8,인제대,2023,1
RG8,인제대,2024,0
RG8,인제대,2025,0
RG8,경북대,2016,0
RG8,경북대,2017,1
RG8,경북대,2018,0
RG8,경북대,2019,1
RG8,경북대,2020,0
RG8,경북대,2021,0
RG8,경북대,2022,1
RG8,경북대,2023,1
RG8,경북대,2024,0
RG8,경북대,2025,1
RG8,부산대,2016,0
RG8,부산대,2017,0
RG8,부산대,2018,0
RG8,부산대,2019,0
RG8,부산대,2020,0
RG8,부산대,2021,0
RG8,부산대,2022,0
RG8,부산대,2023,0
RG8,부산대,2024,1
RG8,부산대,2025,1
RG8,한양대,2016,0
RG8,한양대,2017,0
RG8,한양대,2018,0
RG8,한양대,2019,1
RG8,한양대,2020,0
RG8,한양대,2021,0
RG8,한양대,2022,4
RG8,한양대,2023,3
RG8,한양대,2024,1
RG8,한양대,2025,3
RG8,순천향대,2016,0
RG8,순천향대,2017,1
RG8,순천향대,2018,0
RG8,순천향대,2019,0
RG8,순천향대,2020,1
RG8,순천향대,2021,1
RG8,순천향대,2022,1
RG8,순천향대,2023,1
RG8,순천향대,2024,0
RG8,순천향대,2025,3
RG8,아주대,2016,0
RG8,아주대,2017,0
RG8,아주대,2018,0
RG8,아주대,2019,1
RG8,아주대,2020,0
RG8,아주대,2021,1
RG8,아주대,2022,0
RG8,아주대,2023,0
RG8,아주대,2024,2
RG8,아주대,2025,0
RG8,이화여대,2016,3
RG8,이화여대,2017,1
RG8,이화여대,2018,0
RG8,이화여대,2019,0
RG8,이화여대,2020,0
RG8,이화여대,2021,0
RG8,이화여대,2022,0
RG8,이화여대,2023,0
RG8,이화여대,2024,0
RG8,이화여대,2025,0
RG8,중앙대,2016,0
RG8,중앙대,2017,0
RG8,중앙대,2018,0
RG8,중앙대,2019,0
RG8,중앙대,2020,0
RG8,중앙대,2021,0
RG8,중앙대,2022,2
RG8,중앙대,2023,1
RG8,중앙대,2024,1
RG8,중앙대,2025,3
RG8,충남대,2016,0
RG8,충남대,2017,0
RG8,충남대,2018,0
RG8,충남대,2019,0
RG8,충남대,2020,0
RG8,충남대,2021,0
RG8,충남대,2022,1
RG8,충남대,2023,1
RG8,충남대,2024,0
RG8,충남대,2025,1
RG8,가천대,2016,0
RG8,가천대,2017,0
RG8,가천대,2018,0
RG8,가천대,2019,0
RG8,가천대,2020,0
RG8,가천대,2021,0
RG8,가천대,2022,0
RG8,가천대,2023,0
RG8,가천대,2024,0
RG8,가천대,2025,0
RG8,한림대,2016,0
RG8,한림대,2017,0
RG8,한림대,2018,0
RG8,한림대,2019,0
RG8,한림대,2020,0
RG8,한림대,2021,1
RG8,한림대,2022,1
RG8,한림대,2023,0
RG8,한림대,2024,0
RG8,한림대,2025,0
RG8,건국대,2016,0
RG8,건국대,2017,0
RG8,건국대,2018,0
RG8,건국대,2019,0
RG8,건국대,2020,0
RG8,건국대,2021,0
RG8,건국대,2022,0
RG8,건국대,2023,0
RG8,건국대,2024,0
RG8,건국대,2025,2
RG8,인하대,2016,0
RG8,인하대,2017,0
RG8,인하대,2018,0
RG8,인하대,2019,0
RG8,인하대,2020,0
RG8,인하대,2021,0
RG8,인하대,2022,0
RG8,인하대,2023,0
RG8,인하대,2024,0
RG8,인하대,2025,0
RG8,전북대,2016,0
RG8,전북대,2017,1
RG8,전북대,2018,0
RG8,전북대,2019,0
RG8,전북대,2020,0
RG8,전북대,2021,0
RG8,전북대,2022,0
RG8,전북대,2023,0
RG8,전북대,2024,1
RG8,전북대,2025,0
RG8,KR,2016,8
RG8,KR,2017,13
RG8,KR,2018,7
RG8,KR,2019,10
RG8,KR,2020,20
RG8,KR,2021,22
RG8,KR,2022,24
RG8,KR,2023,26
RG8,KR,2024,25
RG8,KR,2025,37
RG8,WORLD,2016,715
RG8,WORLD,2017,692
RG8,WORLD,2018,762
RG8,WORLD,2019,809
RG8,WORLD,2020,898
RG8,WORLD,2021,960
RG8,WORLD,2022,965
RG8,WORLD,2023,1031
RG8,WORLD,2024,958
RG8,WORLD,2025,1157
RG9,서울대,2016,3
RG9,서울대,2017,5
RG9,서울대,2018,3
RG9,서울대,2019,3
RG9,서울대,2020,2
RG9,서울대,2021,3
RG9,서울대,2022,7
RG9,서울대,2023,3
RG9,서울대,2024,5
RG9,서울대,2025,2
RG9,연세대,2016,3
RG9,연세대,2017,1
RG9,연세대,2018,3
RG9,연세대,2019,1
RG9,연세대,2020,3
RG9,연세대,2021,4
RG9,연세대,2022,3
RG9,연세대,2023,3
RG9,연세대,2024,5
RG9,연세대,2025,0
RG9,성균관대,2016,5
RG9,성균관대,2017,2
RG9,성균관대,2018,2
RG9,성균관대,2019,1
RG9,성균관대,2020,0
RG9,성균관대,2021,2
RG9,성균관대,2022,0
RG9,성균관대,2023,3
RG9,성균관대,2024,3
RG9,성균관대,2025,2
RG9,가톨릭대,2016,0
RG9,가톨릭대,2017,0
RG9,가톨릭대,2018,0
RG9,가톨릭대,2019,1
RG9,가톨릭대,2020,0
RG9,가톨릭대,2021,2
RG9,가톨릭대,2022,1
RG9,가톨릭대,2023,2
RG9,가톨릭대,2024,1
RG9,가톨릭대,2025,1
RG9,울산대,2016,2
RG9,울산대,2017,0
RG9,울산대,2018,4
RG9,울산대,2019,1
RG9,울산대,2020,2
RG9,울산대,2021,4
RG9,울산대,2022,3
RG9,울산대,2023,2
RG9,울산대,2024,1
RG9,울산대,2025,0
RG9,고려대,2016,0
RG9,고려대,2017,2
RG9,고려대,2018,1
RG9,고려대,2019,0
RG9,고려대,2020,0
RG9,고려대,2021,1
RG9,고려대,2022,0
RG9,고려대,2023,1
RG9,고려대,2024,1
RG9,고려대,2025,0
RG9,경희대,2016,0
RG9,경희대,2017,1
RG9,경희대,2018,0
RG9,경희대,2019,0
RG9,경희대,2020,0
RG9,경희대,2021,0
RG9,경희대,2022,0
RG9,경희대,2023,0
RG9,경희대,2024,0
RG9,경희대,2025,1
RG9,전남대,2016,0
RG9,전남대,2017,0
RG9,전남대,2018,1
RG9,전남대,2019,1
RG9,전남대,2020,0
RG9,전남대,2021,0
RG9,전남대,2022,0
RG9,전남대,2023,0
RG9,전남대,2024,0
RG9,전남대,2025,0
RG9,인제대,2016,1
RG9,인제대,2017,0
RG9,인제대,2018,1
RG9,인제대,2019,0
RG9,인제대,2020,0
RG9,인제대,2021,0
RG9,인제대,2022,0
RG9,인제대,2023,1
RG9,인제대,2024,1
RG9,인제대,2025,0
RG9,경북대,2016,0
RG9,경북대,2017,0
RG9,경북대,2018,0
RG9,경북대,2019,0
RG9,경북대,2020,0
RG9,경북대,2021,0
RG9,경북대,2022,1
RG9,경북대,2023,1
RG9,경북대,2024,0
RG9,경북대,2025,0
RG9,부산대,2016,1
RG9,부산대,2017,0
RG9,부산대,2018,3
RG9,부산대,2019,1
RG9,부산대,2020,0
RG9,부산대,2021,0
RG9,부산대,2022,1
RG9,부산대,2023,0
RG9,부산대,2024,1
RG9,부산대,2025,0
RG9,한양대,2016,0
RG9,한양대,2017,0
RG9,한양대,2018,1
RG9,한양대,2019,0
RG9,한양대,2020,0
RG9,한양대,2021,0
RG9,한양대,2022,1
RG9,한양대,2023,0
RG9,한양대,2024,0
RG9,한양대,2025,0
RG9,순천향대,2016,0
RG9,순천향대,2017,0
RG9,순천향대,2018,0
RG9,순천향대,2019,0
RG9,순천향대,2020,1
RG9,순천향대,2021,0
RG9,순천향대,2022,0
RG9,순천향대,2023,0
RG9,순천향대,2024,1
RG9,순천향대,2025,0
RG9,아주대,2016,1
RG9,아주대,2017,0
RG9,아주대,2018,0
RG9,아주대,2019,0
RG9,아주대,2020,1
RG9,아주대,2021,0
RG9,아주대,2022,1
RG9,아주대,2023,0
RG9,아주대,2024,1
RG9,아주대,2025,1
RG9,이화여대,2016,0
RG9,이화여대,2017,1
RG9,이화여대,2018,0
RG9,이화여대,2019,0
RG9,이화여대,2020,0
RG9,이화여대,2021,0
RG9,이화여대,2022,0
RG9,이화여대,2023,1
RG9,이화여대,2024,0
RG9,이화여대,2025,0
RG9,중앙대,2016,1
RG9,중앙대,2017,0
RG9,중앙대,2018,0
RG9,중앙대,2019,0
RG9,중앙대,2020,1
RG9,중앙대,2021,1
RG9,중앙대,2022,0
RG9,중앙대,2023,0
RG9,중앙대,2024,0
RG9,중앙대,2025,0
RG9,충남대,2016,0
RG9,충남대,2017,0
RG9,충남대,2018,0
RG9,충남대,2019,0
RG9,충남대,2020,0
RG9,충남대,2021,0
RG9,충남대,2022,1
RG9,충남대,2023,0
RG9,충남대,2024,0
RG9,충남대,2025,0
RG9,가천대,2016,0
RG9,가천대,2017,1
RG9,가천대,2018,0
RG9,가천대,2019,0
RG9,가천대,2020,0
RG9,가천대,2021,0
RG9,가천대,2022,0
RG9,가천대,2023,0
RG9,가천대,2024,0
RG9,가천대,2025,0
RG9,한림대,2016,0
RG9,한림대,2017,0
RG9,한림대,2018,0
RG9,한림대,2019,0
RG9,한림대,2020,0
RG9,한림대,2021,0
RG9,한림대,2022,0
RG9,한림대,2023,2
RG9,한림대,2024,0
RG9,한림대,2025,0
RG9,건국대,2016,0
RG9,건국대,2017,0
RG9,건국대,2018,0
RG9,건국대,2019,0
RG9,건국대,2020,0
RG9,건국대,2021,0
RG9,건국대,2022,0
RG9,건국대,2023,0
RG9,건국대,2024,0
RG9,건국대,2025,0
RG9,인하대,2016,0
RG9,인하대,2017,0
RG9,인하대,2018,0
RG9,인하대,2019,0
RG9,인하대,2020,0
RG9,인하대,2021,1
RG9,인하대,2022,1
RG9,인하대,2023,0
RG9,인하대,2024,0
RG9,인하대,2025,0
RG9,전북대,2016,1
RG9,전북대,2017,0
RG9,전북대,2018,0
RG9,전북대,2019,0
RG9,전북대,2020,0
RG9,전북대,2021,3
RG9,전북대,2022,2
RG9,전북대,2023,0
RG9,전북대,2024,0
RG9,전북대,2025,0
RG9,KR,2016,17
RG9,KR,2017,12
RG9,KR,2018,17
RG9,KR,2019,12
RG9,KR,2020,12
RG9,KR,2021,19
RG9,KR,2022,18
RG9,KR,2023,16
RG9,KR,2024,16
RG9,KR,2025,7
RG9,WORLD,2016,885
RG9,WORLD,2017,921
RG9,WORLD,2018,924
RG9,WORLD,2019,985
RG9,WORLD,2020,1055
RG9,WORLD,2021,1270
RG9,WORLD,2022,1185
RG9,WORLD,2023,1155
RG9,WORLD,2024,1214
RG9,WORLD,2025,1286
RG10,서울대,2016,10
RG10,서울대,2017,14
RG10,서울대,2018,10
RG10,서울대,2019,11
RG10,서울대,2020,14
RG10,서울대,2021,9
RG10,서울대,2022,11
RG10,서울대,2023,16
RG10,서울대,2024,21
RG10,서울대,2025,14
RG10,연세대,2016,3
RG10,연세대,2017,9
RG10,연세대,2018,4
RG10,연세대,2019,7
RG10,연세대,2020,9
RG10,연세대,2021,2
RG10,연세대,2022,2
RG10,연세대,2023,3
RG10,연세대,2024,6
RG10,연세대,2025,4
RG10,성균관대,2016,4
RG10,성균관대,2017,3
RG10,성균관대,2018,2
RG10,성균관대,2019,5
RG10,성균관대,2020,5
RG10,성균관대,2021,2
RG10,성균관대,2022,2
RG10,성균관대,2023,5
RG10,성균관대,2024,3
RG10,성균관대,2025,2
RG10,가톨릭대,2016,2
RG10,가톨릭대,2017,2
RG10,가톨릭대,2018,1
RG10,가톨릭대,2019,2
RG10,가톨릭대,2020,2
RG10,가톨릭대,2021,1
RG10,가톨릭대,2022,0
RG10,가톨릭대,2023,2
RG10,가톨릭대,2024,1
RG10,가톨릭대,2025,2
RG10,울산대,2016,5
RG10,울산대,2017,4
RG10,울산대,2018,1
RG10,울산대,2019,1
RG10,울산대,2020,4
RG10,울산대,2021,2
RG10,울산대,2022,1
RG10,울산대,2023,3
RG10,울산대,2024,1
RG10,울산대,2025,0
RG10,고려대,2016,1
RG10,고려대,2017,0
RG10,고려대,2018,0
RG10,고려대,2019,0
RG10,고려대,2020,2
RG10,고려대,2021,1
RG10,고려대,2022,0
RG10,고려대,2023,2
RG10,고려대,2024,1
RG10,고려대,2025,0
RG10,경희대,2016,2
RG10,경희대,2017,0
RG10,경희대,2018,0
RG10,경희대,2019,0
RG10,경희대,2020,0
RG10,경희대,2021,0
RG10,경희대,2022,1
RG10,경희대,2023,0
RG10,경희대,2024,0
RG10,경희대,2025,1
RG10,전남대,2016,3
RG10,전남대,2017,5
RG10,전남대,2018,1
RG10,전남대,2019,3
RG10,전남대,2020,6
RG10,전남대,2021,4
RG10,전남대,2022,0
RG10,전남대,2023,7
RG10,전남대,2024,1
RG10,전남대,2025,3
RG10,인제대,2016,0
RG10,인제대,2017,3
RG10,인제대,2018,2
RG10,인제대,2019,2
RG10,인제대,2020,4
RG10,인제대,2021,2
RG10,인제대,2022,1
RG10,인제대,2023,5
RG10,인제대,2024,1
RG10,인제대,2025,1
RG10,경북대,2016,4
RG10,경북대,2017,0
RG10,경북대,2018,1
RG10,경북대,2019,0
RG10,경북대,2020,3
RG10,경북대,2021,2
RG10,경북대,2022,1
RG10,경북대,2023,2
RG10,경북대,2024,2
RG10,경북대,2025,1
RG10,부산대,2016,2
RG10,부산대,2017,1
RG10,부산대,2018,2
RG10,부산대,2019,0
RG10,부산대,2020,4
RG10,부산대,2021,2
RG10,부산대,2022,0
RG10,부산대,2023,1
RG10,부산대,2024,1
RG10,부산대,2025,0
RG10,한양대,2016,0
RG10,한양대,2017,0
RG10,한양대,2018,0
RG10,한양대,2019,0
RG10,한양대,2020,0
RG10,한양대,2021,0
RG10,한양대,2022,1
RG10,한양대,2023,2
RG10,한양대,2024,2
RG10,한양대,2025,0
RG10,순천향대,2016,0
RG10,순천향대,2017,1
RG10,순천향대,2018,0
RG10,순천향대,2019,1
RG10,순천향대,2020,1
RG10,순천향대,2021,0
RG10,순천향대,2022,2
RG10,순천향대,2023,1
RG10,순천향대,2024,1
RG10,순천향대,2025,1
RG10,아주대,2016,0
RG10,아주대,2017,0
RG10,아주대,2018,1
RG10,아주대,2019,0
RG10,아주대,2020,0
RG10,아주대,2021,0
RG10,아주대,2022,0
RG10,아주대,2023,1
RG10,아주대,2024,2
RG10,아주대,2025,2
RG10,이화여대,2016,0
RG10,이화여대,2017,1
RG10,이화여대,2018,2
RG10,이화여대,2019,0
RG10,이화여대,2020,2
RG10,이화여대,2021,2
RG10,이화여대,2022,1
RG10,이화여대,2023,4
RG10,이화여대,2024,1
RG10,이화여대,2025,1
RG10,중앙대,2016,0
RG10,중앙대,2017,0
RG10,중앙대,2018,0
RG10,중앙대,2019,0
RG10,중앙대,2020,0
RG10,중앙대,2021,0
RG10,중앙대,2022,0
RG10,중앙대,2023,1
RG10,중앙대,2024,0
RG10,중앙대,2025,0
RG10,충남대,2016,1
RG10,충남대,2017,0
RG10,충남대,2018,0
RG10,충남대,2019,2
RG10,충남대,2020,4
RG10,충남대,2021,3
RG10,충남대,2022,0
RG10,충남대,2023,3
RG10,충남대,2024,3
RG10,충남대,2025,0
RG10,가천대,2016,0
RG10,가천대,2017,2
RG10,가천대,2018,0
RG10,가천대,2019,0
RG10,가천대,2020,0
RG10,가천대,2021,1
RG10,가천대,2022,1
RG10,가천대,2023,2
RG10,가천대,2024,1
RG10,가천대,2025,0
RG10,한림대,2016,2
RG10,한림대,2017,1
RG10,한림대,2018,2
RG10,한림대,2019,3
RG10,한림대,2020,5
RG10,한림대,2021,2
RG10,한림대,2022,5
RG10,한림대,2023,9
RG10,한림대,2024,2
RG10,한림대,2025,2
RG10,건국대,2016,2
RG10,건국대,2017,1
RG10,건국대,2018,0
RG10,건국대,2019,0
RG10,건국대,2020,0
RG10,건국대,2021,0
RG10,건국대,2022,0
RG10,건국대,2023,1
RG10,건국대,2024,0
RG10,건국대,2025,1
RG10,인하대,2016,0
RG10,인하대,2017,0
RG10,인하대,2018,1
RG10,인하대,2019,3
RG10,인하대,2020,1
RG10,인하대,2021,0
RG10,인하대,2022,1
RG10,인하대,2023,2
RG10,인하대,2024,1
RG10,인하대,2025,0
RG10,전북대,2016,0
RG10,전북대,2017,0
RG10,전북대,2018,0
RG10,전북대,2019,1
RG10,전북대,2020,0
RG10,전북대,2021,2
RG10,전북대,2022,0
RG10,전북대,2023,1
RG10,전북대,2024,0
RG10,전북대,2025,1
RG10,KR,2016,34
RG10,KR,2017,34
RG10,KR,2018,26
RG10,KR,2019,25
RG10,KR,2020,31
RG10,KR,2021,23
RG10,KR,2022,22
RG10,KR,2023,28
RG10,KR,2024,31
RG10,KR,2025,26
RG10,WORLD,2016,853
RG10,WORLD,2017,903
RG10,WORLD,2018,905
RG10,WORLD,2019,984
RG10,WORLD,2020,1017
RG10,WORLD,2021,1104
RG10,WORLD,2022,1091
RG10,WORLD,2023,1051
RG10,WORLD,2024,1013
RG10,WORLD,2025,1162
RG11,서울대,2016,1
RG11,서울대,2017,1
RG11,서울대,2018,1
RG11,서울대,2019,4
RG11,서울대,2020,3
RG11,서울대,2021,4
RG11,서울대,2022,6
RG11,서울대,2023,3
RG11,서울대,2024,2
RG11,서울대,2025,5
RG11,연세대,2016,0
RG11,연세대,2017,2
RG11,연세대,2018,1
RG11,연세대,2019,3
RG11,연세대,2020,1
RG11,연세대,2021,3
RG11,연세대,2022,0
RG11,연세대,2023,2
RG11,연세대,2024,4
RG11,연세대,2025,4
RG11,성균관대,2016,1
RG11,성균관대,2017,1
RG11,성균관대,2018,0
RG11,성균관대,2019,3
RG11,성균관대,2020,1
RG11,성균관대,2021,3
RG11,성균관대,2022,3
RG11,성균관대,2023,2
RG11,성균관대,2024,4
RG11,성균관대,2025,3
RG11,가톨릭대,2016,2
RG11,가톨릭대,2017,0
RG11,가톨릭대,2018,1
RG11,가톨릭대,2019,1
RG11,가톨릭대,2020,2
RG11,가톨릭대,2021,2
RG11,가톨릭대,2022,1
RG11,가톨릭대,2023,1
RG11,가톨릭대,2024,2
RG11,가톨릭대,2025,1
RG11,울산대,2016,3
RG11,울산대,2017,4
RG11,울산대,2018,1
RG11,울산대,2019,2
RG11,울산대,2020,1
RG11,울산대,2021,2
RG11,울산대,2022,0
RG11,울산대,2023,2
RG11,울산대,2024,2
RG11,울산대,2025,2
RG11,고려대,2016,0
RG11,고려대,2017,0
RG11,고려대,2018,1
RG11,고려대,2019,1
RG11,고려대,2020,1
RG11,고려대,2021,2
RG11,고려대,2022,1
RG11,고려대,2023,3
RG11,고려대,2024,1
RG11,고려대,2025,1
RG11,경희대,2016,0
RG11,경희대,2017,0
RG11,경희대,2018,0
RG11,경희대,2019,1
RG11,경희대,2020,0
RG11,경희대,2021,0
RG11,경희대,2022,0
RG11,경희대,2023,0
RG11,경희대,2024,1
RG11,경희대,2025,1
RG11,전남대,2016,1
RG11,전남대,2017,0
RG11,전남대,2018,0
RG11,전남대,2019,0
RG11,전남대,2020,0
RG11,전남대,2021,1
RG11,전남대,2022,1
RG11,전남대,2023,0
RG11,전남대,2024,1
RG11,전남대,2025,0
RG11,인제대,2016,1
RG11,인제대,2017,0
RG11,인제대,2018,0
RG11,인제대,2019,0
RG11,인제대,2020,1
RG11,인제대,2021,3
RG11,인제대,2022,0
RG11,인제대,2023,0
RG11,인제대,2024,1
RG11,인제대,2025,0
RG11,경북대,2016,0
RG11,경북대,2017,0
RG11,경북대,2018,1
RG11,경북대,2019,0
RG11,경북대,2020,0
RG11,경북대,2021,1
RG11,경북대,2022,0
RG11,경북대,2023,0
RG11,경북대,2024,1
RG11,경북대,2025,0
RG11,부산대,2016,1
RG11,부산대,2017,0
RG11,부산대,2018,1
RG11,부산대,2019,0
RG11,부산대,2020,1
RG11,부산대,2021,1
RG11,부산대,2022,2
RG11,부산대,2023,1
RG11,부산대,2024,1
RG11,부산대,2025,2
RG11,한양대,2016,0
RG11,한양대,2017,1
RG11,한양대,2018,0
RG11,한양대,2019,0
RG11,한양대,2020,0
RG11,한양대,2021,1
RG11,한양대,2022,0
RG11,한양대,2023,0
RG11,한양대,2024,1
RG11,한양대,2025,1
RG11,순천향대,2016,1
RG11,순천향대,2017,0
RG11,순천향대,2018,0
RG11,순천향대,2019,0
RG11,순천향대,2020,2
RG11,순천향대,2021,1
RG11,순천향대,2022,0
RG11,순천향대,2023,1
RG11,순천향대,2024,1
RG11,순천향대,2025,1
RG11,아주대,2016,0
RG11,아주대,2017,0
RG11,아주대,2018,0
RG11,아주대,2019,1
RG11,아주대,2020,1
RG11,아주대,2021,1
RG11,아주대,2022,1
RG11,아주대,2023,1
RG11,아주대,2024,1
RG11,아주대,2025,1
RG11,이화여대,2016,0
RG11,이화여대,2017,0
RG11,이화여대,2018,0
RG11,이화여대,2019,0
RG11,이화여대,2020,1
RG11,이화여대,2021,0
RG11,이화여대,2022,1
RG11,이화여대,2023,0
RG11,이화여대,2024,2
RG11,이화여대,2025,0
RG11,중앙대,2016,0
RG11,중앙대,2017,0
RG11,중앙대,2018,0
RG11,중앙대,2019,0
RG11,중앙대,2020,1
RG11,중앙대,2021,0
RG11,중앙대,2022,0
RG11,중앙대,2023,0
RG11,중앙대,2024,0
RG11,중앙대,2025,0
RG11,충남대,2016,0
RG11,충남대,2017,1
RG11,충남대,2018,0
RG11,충남대,2019,0
RG11,충남대,2020,1
RG11,충남대,2021,0
RG11,충남대,2022,0
RG11,충남대,2023,0
RG11,충남대,2024,1
RG11,충남대,2025,0
RG11,가천대,2016,0
RG11,가천대,2017,0
RG11,가천대,2018,0
RG11,가천대,2019,1
RG11,가천대,2020,0
RG11,가천대,2021,0
RG11,가천대,2022,1
RG11,가천대,2023,0
RG11,가천대,2024,1
RG11,가천대,2025,0
RG11,한림대,2016,0
RG11,한림대,2017,1
RG11,한림대,2018,1
RG11,한림대,2019,1
RG11,한림대,2020,1
RG11,한림대,2021,1
RG11,한림대,2022,0
RG11,한림대,2023,0
RG11,한림대,2024,1
RG11,한림대,2025,1
RG11,건국대,2016,0
RG11,건국대,2017,0
RG11,건국대,2018,1
RG11,건국대,2019,1
RG11,건국대,2020,0
RG11,건국대,2021,0
RG11,건국대,2022,0
RG11,건국대,2023,1
RG11,건국대,2024,1
RG11,건국대,2025,1
RG11,인하대,2016,1
RG11,인하대,2017,0
RG11,인하대,2018,0
RG11,인하대,2019,1
RG11,인하대,2020,1
RG11,인하대,2021,2
RG11,인하대,2022,0
RG11,인하대,2023,0
RG11,인하대,2024,2
RG11,인하대,2025,0
RG11,전북대,2016,0
RG11,전북대,2017,0
RG11,전북대,2018,0
RG11,전북대,2019,0
RG11,전북대,2020,0
RG11,전북대,2021,2
RG11,전북대,2022,0
RG11,전북대,2023,0
RG11,전북대,2024,1
RG11,전북대,2025,0
RG11,KR,2016,12
RG11,KR,2017,9
RG11,KR,2018,4
RG11,KR,2019,9
RG11,KR,2020,12
RG11,KR,2021,14
RG11,KR,2022,14
RG11,KR,2023,16
RG11,KR,2024,13
RG11,KR,2025,16
RG11,WORLD,2016,579
RG11,WORLD,2017,577
RG11,WORLD,2018,601
RG11,WORLD,2019,665
RG11,WORLD,2020,686
RG11,WORLD,2021,722
RG11,WORLD,2022,718
RG11,WORLD,2023,708
RG11,WORLD,2024,687
RG11,WORLD,2025,769
RG12,서울대,2016,11
RG12,서울대,2017,8
RG12,서울대,2018,8
RG12,서울대,2019,11
RG12,서울대,2020,6
RG12,서울대,2021,12
RG12,서울대,2022,23
RG12,서울대,2023,17
RG12,서울대,2024,14
RG12,서울대,2025,18
RG12,연세대,2016,8
RG12,연세대,2017,6
RG12,연세대,2018,6
RG12,연세대,2019,7
RG12,연세대,2020,7
RG12,연세대,2021,10
RG12,연세대,2022,16
RG12,연세대,2023,15
RG12,연세대,2024,8
RG12,연세대,2025,18
RG12,성균관대,2016,6
RG12,성균관대,2017,3
RG12,성균관대,2018,7
RG12,성균관대,2019,11
RG12,성균관대,2020,8
RG12,성균관대,2021,7
RG12,성균관대,2022,8
RG12,성균관대,2023,10
RG12,성균관대,2024,7
RG12,성균관대,2025,11
RG12,가톨릭대,2016,4
RG12,가톨릭대,2017,3
RG12,가톨릭대,2018,3
RG12,가톨릭대,2019,4
RG12,가톨릭대,2020,6
RG12,가톨릭대,2021,8
RG12,가톨릭대,2022,8
RG12,가톨릭대,2023,3
RG12,가톨릭대,2024,8
RG12,가톨릭대,2025,9
RG12,울산대,2016,3
RG12,울산대,2017,1
RG12,울산대,2018,4
RG12,울산대,2019,2
RG12,울산대,2020,2
RG12,울산대,2021,5
RG12,울산대,2022,3
RG12,울산대,2023,3
RG12,울산대,2024,3
RG12,울산대,2025,6
RG12,고려대,2016,5
RG12,고려대,2017,6
RG12,고려대,2018,2
RG12,고려대,2019,3
RG12,고려대,2020,1
RG12,고려대,2021,4
RG12,고려대,2022,5
RG12,고려대,2023,5
RG12,고려대,2024,3
RG12,고려대,2025,8
RG12,경희대,2016,0
RG12,경희대,2017,0
RG12,경희대,2018,1
RG12,경희대,2019,2
RG12,경희대,2020,3
RG12,경희대,2021,3
RG12,경희대,2022,3
RG12,경희대,2023,2
RG12,경희대,2024,1
RG12,경희대,2025,5
RG12,전남대,2016,1
RG12,전남대,2017,2
RG12,전남대,2018,1
RG12,전남대,2019,2
RG12,전남대,2020,3
RG12,전남대,2021,1
RG12,전남대,2022,0
RG12,전남대,2023,5
RG12,전남대,2024,5
RG12,전남대,2025,5
RG12,인제대,2016,2
RG12,인제대,2017,2
RG12,인제대,2018,1
RG12,인제대,2019,2
RG12,인제대,2020,1
RG12,인제대,2021,2
RG12,인제대,2022,2
RG12,인제대,2023,4
RG12,인제대,2024,0
RG12,인제대,2025,2
RG12,경북대,2016,3
RG12,경북대,2017,4
RG12,경북대,2018,1
RG12,경북대,2019,2
RG12,경북대,2020,0
RG12,경북대,2021,0
RG12,경북대,2022,1
RG12,경북대,2023,2
RG12,경북대,2024,1
RG12,경북대,2025,3
RG12,부산대,2016,2
RG12,부산대,2017,2
RG12,부산대,2018,4
RG12,부산대,2019,3
RG12,부산대,2020,3
RG12,부산대,2021,0
RG12,부산대,2022,3
RG12,부산대,2023,4
RG12,부산대,2024,1
RG12,부산대,2025,4
RG12,한양대,2016,0
RG12,한양대,2017,1
RG12,한양대,2018,2
RG12,한양대,2019,4
RG12,한양대,2020,3
RG12,한양대,2021,1
RG12,한양대,2022,1
RG12,한양대,2023,2
RG12,한양대,2024,1
RG12,한양대,2025,3
RG12,순천향대,2016,0
RG12,순천향대,2017,1
RG12,순천향대,2018,3
RG12,순천향대,2019,1
RG12,순천향대,2020,1
RG12,순천향대,2021,1
RG12,순천향대,2022,1
RG12,순천향대,2023,3
RG12,순천향대,2024,0
RG12,순천향대,2025,2
RG12,아주대,2016,0
RG12,아주대,2017,1
RG12,아주대,2018,2
RG12,아주대,2019,0
RG12,아주대,2020,1
RG12,아주대,2021,2
RG12,아주대,2022,1
RG12,아주대,2023,3
RG12,아주대,2024,0
RG12,아주대,2025,2
RG12,이화여대,2016,5
RG12,이화여대,2017,2
RG12,이화여대,2018,1
RG12,이화여대,2019,1
RG12,이화여대,2020,0
RG12,이화여대,2021,0
RG12,이화여대,2022,0
RG12,이화여대,2023,0
RG12,이화여대,2024,0
RG12,이화여대,2025,2
RG12,중앙대,2016,1
RG12,중앙대,2017,2
RG12,중앙대,2018,0
RG12,중앙대,2019,2
RG12,중앙대,2020,3
RG12,중앙대,2021,3
RG12,중앙대,2022,2
RG12,중앙대,2023,2
RG12,중앙대,2024,3
RG12,중앙대,2025,8
RG12,충남대,2016,4
RG12,충남대,2017,1
RG12,충남대,2018,4
RG12,충남대,2019,2
RG12,충남대,2020,0
RG12,충남대,2021,1
RG12,충남대,2022,5
RG12,충남대,2023,4
RG12,충남대,2024,0
RG12,충남대,2025,2
RG12,가천대,2016,1
RG12,가천대,2017,1
RG12,가천대,2018,1
RG12,가천대,2019,4
RG12,가천대,2020,3
RG12,가천대,2021,4
RG12,가천대,2022,4
RG12,가천대,2023,6
RG12,가천대,2024,0
RG12,가천대,2025,3
RG12,한림대,2016,0
RG12,한림대,2017,1
RG12,한림대,2018,2
RG12,한림대,2019,1
RG12,한림대,2020,0
RG12,한림대,2021,3
RG12,한림대,2022,0
RG12,한림대,2023,1
RG12,한림대,2024,1
RG12,한림대,2025,0
RG12,건국대,2016,0
RG12,건국대,2017,0
RG12,건국대,2018,0
RG12,건국대,2019,1
RG12,건국대,2020,0
RG12,건국대,2021,0
RG12,건국대,2022,0
RG12,건국대,2023,0
RG12,건국대,2024,0
RG12,건국대,2025,1
RG12,인하대,2016,0
RG12,인하대,2017,1
RG12,인하대,2018,2
RG12,인하대,2019,2
RG12,인하대,2020,1
RG12,인하대,2021,0
RG12,인하대,2022,1
RG12,인하대,2023,0
RG12,인하대,2024,0
RG12,인하대,2025,2
RG12,전북대,2016,0
RG12,전북대,2017,0
RG12,전북대,2018,2
RG12,전북대,2019,1
RG12,전북대,2020,0
RG12,전북대,2021,2
RG12,전북대,2022,0
RG12,전북대,2023,0
RG12,전북대,2024,3
RG12,전북대,2025,7
RG12,KR,2016,47
RG12,KR,2017,29
RG12,KR,2018,34
RG12,KR,2019,40
RG12,KR,2020,32
RG12,KR,2021,48
RG12,KR,2022,54
RG12,KR,2023,55
RG12,KR,2024,44
RG12,KR,2025,68
RG12,WORLD,2016,2205
RG12,WORLD,2017,2284
RG12,WORLD,2018,2338
RG12,WORLD,2019,2272
RG12,WORLD,2020,2760
RG12,WORLD,2021,3024
RG12,WORLD,2022,2905
RG12,WORLD,2023,2717
RG12,WORLD,2024,2935
RG12,WORLD,2025,3302
RG13,서울대,2016,21
RG13,서울대,2017,19
RG13,서울대,2018,19
RG13,서울대,2019,25
RG13,서울대,2020,19
RG13,서울대,2021,19
RG13,서울대,2022,19
RG13,서울대,2023,21
RG13,서울대,2024,18
RG13,서울대,2025,7
RG13,연세대,2016,18
RG13,연세대,2017,17
RG13,연세대,2018,10
RG13,연세대,2019,3
RG13,연세대,2020,8
RG13,연세대,2021,8
RG13,연세대,2022,5
RG13,연세대,2023,5
RG13,연세대,2024,12
RG13,연세대,2025,7
RG13,성균관대,2016,19
RG13,성균관대,2017,22
RG13,성균관대,2018,12
RG13,성균관대,2019,15
RG13,성균관대,2020,9
RG13,성균관대,2021,16
RG13,성균관대,2022,15
RG13,성균관대,2023,5
RG13,성균관대,2024,11
RG13,성균관대,2025,2
RG13,가톨릭대,2016,8
RG13,가톨릭대,2017,7
RG13,가톨릭대,2018,3
RG13,가톨릭대,2019,4
RG13,가톨릭대,2020,3
RG13,가톨릭대,2021,1
RG13,가톨릭대,2022,6
RG13,가톨릭대,2023,3
RG13,가톨릭대,2024,8
RG13,가톨릭대,2025,7
RG13,울산대,2016,5
RG13,울산대,2017,5
RG13,울산대,2018,6
RG13,울산대,2019,8
RG13,울산대,2020,9
RG13,울산대,2021,6
RG13,울산대,2022,5
RG13,울산대,2023,4
RG13,울산대,2024,8
RG13,울산대,2025,0
RG13,고려대,2016,4
RG13,고려대,2017,4
RG13,고려대,2018,5
RG13,고려대,2019,9
RG13,고려대,2020,8
RG13,고려대,2021,5
RG13,고려대,2022,4
RG13,고려대,2023,8
RG13,고려대,2024,7
RG13,고려대,2025,10
RG13,경희대,2016,10
RG13,경희대,2017,6
RG13,경희대,2018,7
RG13,경희대,2019,9
RG13,경희대,2020,6
RG13,경희대,2021,10
RG13,경희대,2022,9
RG13,경희대,2023,2
RG13,경희대,2024,9
RG13,경희대,2025,6
RG13,전남대,2016,8
RG13,전남대,2017,6
RG13,전남대,2018,2
RG13,전남대,2019,4
RG13,전남대,2020,6
RG13,전남대,2021,4
RG13,전남대,2022,4
RG13,전남대,2023,8
RG13,전남대,2024,5
RG13,전남대,2025,8
RG13,인제대,2016,4
RG13,인제대,2017,4
RG13,인제대,2018,0
RG13,인제대,2019,4
RG13,인제대,2020,1
RG13,인제대,2021,4
RG13,인제대,2022,1
RG13,인제대,2023,1
RG13,인제대,2024,3
RG13,인제대,2025,1
RG13,경북대,2016,7
RG13,경북대,2017,3
RG13,경북대,2018,4
RG13,경북대,2019,4
RG13,경북대,2020,2
RG13,경북대,2021,0
RG13,경북대,2022,3
RG13,경북대,2023,2
RG13,경북대,2024,5
RG13,경북대,2025,2
RG13,부산대,2016,6
RG13,부산대,2017,7
RG13,부산대,2018,8
RG13,부산대,2019,5
RG13,부산대,2020,3
RG13,부산대,2021,3
RG13,부산대,2022,8
RG13,부산대,2023,7
RG13,부산대,2024,9
RG13,부산대,2025,5
RG13,한양대,2016,5
RG13,한양대,2017,3
RG13,한양대,2018,5
RG13,한양대,2019,1
RG13,한양대,2020,5
RG13,한양대,2021,1
RG13,한양대,2022,1
RG13,한양대,2023,4
RG13,한양대,2024,2
RG13,한양대,2025,6
RG13,순천향대,2016,4
RG13,순천향대,2017,2
RG13,순천향대,2018,2
RG13,순천향대,2019,2
RG13,순천향대,2020,2
RG13,순천향대,2021,0
RG13,순천향대,2022,1
RG13,순천향대,2023,1
RG13,순천향대,2024,4
RG13,순천향대,2025,1
RG13,아주대,2016,2
RG13,아주대,2017,1
RG13,아주대,2018,0
RG13,아주대,2019,1
RG13,아주대,2020,1
RG13,아주대,2021,0
RG13,아주대,2022,2
RG13,아주대,2023,0
RG13,아주대,2024,1
RG13,아주대,2025,1
RG13,이화여대,2016,4
RG13,이화여대,2017,2
RG13,이화여대,2018,1
RG13,이화여대,2019,1
RG13,이화여대,2020,3
RG13,이화여대,2021,1
RG13,이화여대,2022,2
RG13,이화여대,2023,2
RG13,이화여대,2024,3
RG13,이화여대,2025,0
RG13,중앙대,2016,2
RG13,중앙대,2017,2
RG13,중앙대,2018,3
RG13,중앙대,2019,1
RG13,중앙대,2020,3
RG13,중앙대,2021,3
RG13,중앙대,2022,3
RG13,중앙대,2023,4
RG13,중앙대,2024,3
RG13,중앙대,2025,2
RG13,충남대,2016,3
RG13,충남대,2017,5
RG13,충남대,2018,2
RG13,충남대,2019,4
RG13,충남대,2020,1
RG13,충남대,2021,4
RG13,충남대,2022,4
RG13,충남대,2023,2
RG13,충남대,2024,4
RG13,충남대,2025,2
RG13,가천대,2016,6
RG13,가천대,2017,5
RG13,가천대,2018,6
RG13,가천대,2019,7
RG13,가천대,2020,7
RG13,가천대,2021,8
RG13,가천대,2022,8
RG13,가천대,2023,10
RG13,가천대,2024,4
RG13,가천대,2025,2
RG13,한림대,2016,4
RG13,한림대,2017,2
RG13,한림대,2018,5
RG13,한림대,2019,2
RG13,한림대,2020,3
RG13,한림대,2021,2
RG13,한림대,2022,3
RG13,한림대,2023,4
RG13,한림대,2024,2
RG13,한림대,2025,3
RG13,건국대,2016,3
RG13,건국대,2017,10
RG13,건국대,2018,6
RG13,건국대,2019,6
RG13,건국대,2020,4
RG13,건국대,2021,5
RG13,건국대,2022,5
RG13,건국대,2023,4
RG13,건국대,2024,5
RG13,건국대,2025,4
RG13,인하대,2016,1
RG13,인하대,2017,0
RG13,인하대,2018,1
RG13,인하대,2019,2
RG13,인하대,2020,2
RG13,인하대,2021,1
RG13,인하대,2022,1
RG13,인하대,2023,2
RG13,인하대,2024,1
RG13,인하대,2025,1
RG13,전북대,2016,0
RG13,전북대,2017,3
RG13,전북대,2018,4
RG13,전북대,2019,6
RG13,전북대,2020,3
RG13,전북대,2021,6
RG13,전북대,2022,4
RG13,전북대,2023,1
RG13,전북대,2024,9
RG13,전북대,2025,2
RG13,KR,2016,123
RG13,KR,2017,135
RG13,KR,2018,106
RG13,KR,2019,121
RG13,KR,2020,110
RG13,KR,2021,116
RG13,KR,2022,127
RG13,KR,2023,113
RG13,KR,2024,112
RG13,KR,2025,99
RG13,WORLD,2016,3934
RG13,WORLD,2017,4166
RG13,WORLD,2018,4274
RG13,WORLD,2019,4234
RG13,WORLD,2020,4841
RG13,WORLD,2021,5037
RG13,WORLD,2022,5032
RG13,WORLD,2023,4852
RG13,WORLD,2024,4588
RG13,WORLD,2025,4825
RG14,서울대,2016,3
RG14,서울대,2017,1
RG14,서울대,2018,1
RG14,서울대,2019,2
RG14,서울대,2020,1
RG14,서울대,2021,1
RG14,서울대,2022,1
RG14,서울대,2023,2
RG14,서울대,2024,3
RG14,서울대,2025,2
RG14,연세대,2016,1
RG14,연세대,2017,0
RG14,연세대,2018,0
RG14,연세대,2019,0
RG14,연세대,2020,0
RG14,연세대,2021,0
RG14,연세대,2022,0
RG14,연세대,2023,0
RG14,연세대,2024,3
RG14,연세대,2025,1
RG14,성균관대,2016,0
RG14,성균관대,2017,0
RG14,성균관대,2018,0
RG14,성균관대,2019,0
RG14,성균관대,2020,0
RG14,성균관대,2021,1
RG14,성균관대,2022,0
RG14,성균관대,2023,0
RG14,성균관대,2024,1
RG14,성균관대,2025,2
RG14,가톨릭대,2016,0
RG14,가톨릭대,2017,0
RG14,가톨릭대,2018,0
RG14,가톨릭대,2019,0
RG14,가톨릭대,2020,0
RG14,가톨릭대,2021,0
RG14,가톨릭대,2022,0
RG14,가톨릭대,2023,0
RG14,가톨릭대,2024,0
RG14,가톨릭대,2025,0
RG14,울산대,2016,0
RG14,울산대,2017,0
RG14,울산대,2018,0
RG14,울산대,2019,0
RG14,울산대,2020,0
RG14,울산대,2021,1
RG14,울산대,2022,1
RG14,울산대,2023,0
RG14,울산대,2024,0
RG14,울산대,2025,1
RG14,고려대,2016,0
RG14,고려대,2017,0
RG14,고려대,2018,0
RG14,고려대,2019,0
RG14,고려대,2020,0
RG14,고려대,2021,0
RG14,고려대,2022,1
RG14,고려대,2023,0
RG14,고려대,2024,0
RG14,고려대,2025,1
RG14,경희대,2016,0
RG14,경희대,2017,0
RG14,경희대,2018,0
RG14,경희대,2019,0
RG14,경희대,2020,0
RG14,경희대,2021,0
RG14,경희대,2022,0
RG14,경희대,2023,1
RG14,경희대,2024,0
RG14,경희대,2025,0
RG14,전남대,2016,0
RG14,전남대,2017,0
RG14,전남대,2018,0
RG14,전남대,2019,1
RG14,전남대,2020,0
RG14,전남대,2021,0
RG14,전남대,2022,2
RG14,전남대,2023,0
RG14,전남대,2024,0
RG14,전남대,2025,0
RG14,인제대,2016,0
RG14,인제대,2017,0
RG14,인제대,2018,0
RG14,인제대,2019,1
RG14,인제대,2020,0
RG14,인제대,2021,0
RG14,인제대,2022,0
RG14,인제대,2023,0
RG14,인제대,2024,0
RG14,인제대,2025,0
RG14,경북대,2016,0
RG14,경북대,2017,0
RG14,경북대,2018,0
RG14,경북대,2019,1
RG14,경북대,2020,1
RG14,경북대,2021,0
RG14,경북대,2022,1
RG14,경북대,2023,0
RG14,경북대,2024,0
RG14,경북대,2025,0
RG14,부산대,2016,0
RG14,부산대,2017,0
RG14,부산대,2018,0
RG14,부산대,2019,1
RG14,부산대,2020,0
RG14,부산대,2021,1
RG14,부산대,2022,2
RG14,부산대,2023,2
RG14,부산대,2024,1
RG14,부산대,2025,1
RG14,한양대,2016,0
RG14,한양대,2017,0
RG14,한양대,2018,0
RG14,한양대,2019,0
RG14,한양대,2020,0
RG14,한양대,2021,0
RG14,한양대,2022,0
RG14,한양대,2023,0
RG14,한양대,2024,0
RG14,한양대,2025,0
RG14,순천향대,2016,0
RG14,순천향대,2017,0
RG14,순천향대,2018,0
RG14,순천향대,2019,0
RG14,순천향대,2020,0
RG14,순천향대,2021,0
RG14,순천향대,2022,0
RG14,순천향대,2023,0
RG14,순천향대,2024,0
RG14,순천향대,2025,0
RG14,아주대,2016,0
RG14,아주대,2017,0
RG14,아주대,2018,0
RG14,아주대,2019,0
RG14,아주대,2020,1
RG14,아주대,2021,0
RG14,아주대,2022,1
RG14,아주대,2023,0
RG14,아주대,2024,0
RG14,아주대,2025,1
RG14,이화여대,2016,0
RG14,이화여대,2017,0
RG14,이화여대,2018,0
RG14,이화여대,2019,1
RG14,이화여대,2020,0
RG14,이화여대,2021,0
RG14,이화여대,2022,0
RG14,이화여대,2023,1
RG14,이화여대,2024,0
RG14,이화여대,2025,0
RG14,중앙대,2016,0
RG14,중앙대,2017,0
RG14,중앙대,2018,0
RG14,중앙대,2019,0
RG14,중앙대,2020,0
RG14,중앙대,2021,0
RG14,중앙대,2022,0
RG14,중앙대,2023,0
RG14,중앙대,2024,0
RG14,중앙대,2025,0
RG14,충남대,2016,0
RG14,충남대,2017,0
RG14,충남대,2018,0
RG14,충남대,2019,1
RG14,충남대,2020,0
RG14,충남대,2021,1
RG14,충남대,2022,1
RG14,충남대,2023,0
RG14,충남대,2024,0
RG14,충남대,2025,0
RG14,가천대,2016,2
RG14,가천대,2017,0
RG14,가천대,2018,1
RG14,가천대,2019,1
RG14,가천대,2020,0
RG14,가천대,2021,0
RG14,가천대,2022,0
RG14,가천대,2023,0
RG14,가천대,2024,0
RG14,가천대,2025,0
RG14,한림대,2016,0
RG14,한림대,2017,0
RG14,한림대,2018,0
RG14,한림대,2019,0
RG14,한림대,2020,0
RG14,한림대,2021,0
RG14,한림대,2022,0
RG14,한림대,2023,0
RG14,한림대,2024,0
RG14,한림대,2025,0
RG14,건국대,2016,0
RG14,건국대,2017,0
RG14,건국대,2018,0
RG14,건국대,2019,0
RG14,건국대,2020,0
RG14,건국대,2021,0
RG14,건국대,2022,0
RG14,건국대,2023,0
RG14,건국대,2024,0
RG14,건국대,2025,0
RG14,인하대,2016,1
RG14,인하대,2017,0
RG14,인하대,2018,0
RG14,인하대,2019,1
RG14,인하대,2020,0
RG14,인하대,2021,0
RG14,인하대,2022,2
RG14,인하대,2023,0
RG14,인하대,2024,0
RG14,인하대,2025,0
RG14,전북대,2016,0
RG14,전북대,2017,0
RG14,전북대,2018,0
RG14,전북대,2019,0
RG14,전북대,2020,0
RG14,전북대,2021,0
RG14,전북대,2022,1
RG14,전북대,2023,0
RG14,전북대,2024,0
RG14,전북대,2025,0
RG14,KR,2016,5
RG14,KR,2017,1
RG14,KR,2018,1
RG14,KR,2019,4
RG14,KR,2020,3
RG14,KR,2021,4
RG14,KR,2022,7
RG14,KR,2023,5
RG14,KR,2024,8
RG14,KR,2025,11
RG14,WORLD,2016,77
RG14,WORLD,2017,117
RG14,WORLD,2018,149
RG14,WORLD,2019,227
RG14,WORLD,2020,289
RG14,WORLD,2021,360
RG14,WORLD,2022,404
RG14,WORLD,2023,419
RG14,WORLD,2024,565
RG14,WORLD,2025,659
RG15,서울대,2016,17
RG15,서울대,2017,15
RG15,서울대,2018,16
RG15,서울대,2019,17
RG15,서울대,2020,27
RG15,서울대,2021,21
RG15,서울대,2022,17
RG15,서울대,2023,17
RG15,서울대,2024,12
RG15,서울대,2025,18
RG15,연세대,2016,13
RG15,연세대,2017,14
RG15,연세대,2018,7
RG15,연세대,2019,13
RG15,연세대,2020,12
RG15,연세대,2021,19
RG15,연세대,2022,14
RG15,연세대,2023,13
RG15,연세대,2024,8
RG15,연세대,2025,8
RG15,성균관대,2016,8
RG15,성균관대,2017,9
RG15,성균관대,2018,7
RG15,성균관대,2019,12
RG15,성균관대,2020,9
RG15,성균관대,2021,5
RG15,성균관대,2022,5
RG15,성균관대,2023,10
RG15,성균관대,2024,3
RG15,성균관대,2025,2
RG15,가톨릭대,2016,5
RG15,가톨릭대,2017,4
RG15,가톨릭대,2018,2
RG15,가톨릭대,2019,5
RG15,가톨릭대,2020,6
RG15,가톨릭대,2021,5
RG15,가톨릭대,2022,3
RG15,가톨릭대,2023,5
RG15,가톨릭대,2024,5
RG15,가톨릭대,2025,2
RG15,울산대,2016,5
RG15,울산대,2017,3
RG15,울산대,2018,4
RG15,울산대,2019,4
RG15,울산대,2020,6
RG15,울산대,2021,5
RG15,울산대,2022,4
RG15,울산대,2023,6
RG15,울산대,2024,2
RG15,울산대,2025,4
RG15,고려대,2016,6
RG15,고려대,2017,7
RG15,고려대,2018,2
RG15,고려대,2019,5
RG15,고려대,2020,5
RG15,고려대,2021,3
RG15,고려대,2022,5
RG15,고려대,2023,5
RG15,고려대,2024,5
RG15,고려대,2025,5
RG15,경희대,2016,2
RG15,경희대,2017,4
RG15,경희대,2018,5
RG15,경희대,2019,7
RG15,경희대,2020,7
RG15,경희대,2021,6
RG15,경희대,2022,2
RG15,경희대,2023,4
RG15,경희대,2024,5
RG15,경희대,2025,3
RG15,전남대,2016,2
RG15,전남대,2017,1
RG15,전남대,2018,0
RG15,전남대,2019,2
RG15,전남대,2020,1
RG15,전남대,2021,0
RG15,전남대,2022,2
RG15,전남대,2023,4
RG15,전남대,2024,0
RG15,전남대,2025,0
RG15,인제대,2016,1
RG15,인제대,2017,9
RG15,인제대,2018,1
RG15,인제대,2019,3
RG15,인제대,2020,6
RG15,인제대,2021,4
RG15,인제대,2022,6
RG15,인제대,2023,4
RG15,인제대,2024,5
RG15,인제대,2025,4
RG15,경북대,2016,11
RG15,경북대,2017,3
RG15,경북대,2018,1
RG15,경북대,2019,5
RG15,경북대,2020,1
RG15,경북대,2021,7
RG15,경북대,2022,1
RG15,경북대,2023,5
RG15,경북대,2024,2
RG15,경북대,2025,2
RG15,부산대,2016,1
RG15,부산대,2017,2
RG15,부산대,2018,2
RG15,부산대,2019,2
RG15,부산대,2020,3
RG15,부산대,2021,6
RG15,부산대,2022,5
RG15,부산대,2023,5
RG15,부산대,2024,1
RG15,부산대,2025,3
RG15,한양대,2016,1
RG15,한양대,2017,1
RG15,한양대,2018,0
RG15,한양대,2019,4
RG15,한양대,2020,4
RG15,한양대,2021,1
RG15,한양대,2022,5
RG15,한양대,2023,5
RG15,한양대,2024,4
RG15,한양대,2025,2
RG15,순천향대,2016,3
RG15,순천향대,2017,2
RG15,순천향대,2018,3
RG15,순천향대,2019,1
RG15,순천향대,2020,3
RG15,순천향대,2021,1
RG15,순천향대,2022,1
RG15,순천향대,2023,1
RG15,순천향대,2024,2
RG15,순천향대,2025,4
RG15,아주대,2016,2
RG15,아주대,2017,3
RG15,아주대,2018,6
RG15,아주대,2019,10
RG15,아주대,2020,9
RG15,아주대,2021,8
RG15,아주대,2022,4
RG15,아주대,2023,7
RG15,아주대,2024,5
RG15,아주대,2025,2
RG15,이화여대,2016,1
RG15,이화여대,2017,0
RG15,이화여대,2018,0
RG15,이화여대,2019,0
RG15,이화여대,2020,0
RG15,이화여대,2021,3
RG15,이화여대,2022,2
RG15,이화여대,2023,3
RG15,이화여대,2024,2
RG15,이화여대,2025,1
RG15,중앙대,2016,3
RG15,중앙대,2017,4
RG15,중앙대,2018,5
RG15,중앙대,2019,0
RG15,중앙대,2020,1
RG15,중앙대,2021,0
RG15,중앙대,2022,0
RG15,중앙대,2023,0
RG15,중앙대,2024,1
RG15,중앙대,2025,1
RG15,충남대,2016,1
RG15,충남대,2017,1
RG15,충남대,2018,6
RG15,충남대,2019,8
RG15,충남대,2020,6
RG15,충남대,2021,8
RG15,충남대,2022,4
RG15,충남대,2023,4
RG15,충남대,2024,2
RG15,충남대,2025,6
RG15,가천대,2016,0
RG15,가천대,2017,0
RG15,가천대,2018,0
RG15,가천대,2019,5
RG15,가천대,2020,5
RG15,가천대,2021,2
RG15,가천대,2022,2
RG15,가천대,2023,1
RG15,가천대,2024,0
RG15,가천대,2025,0
RG15,한림대,2016,4
RG15,한림대,2017,9
RG15,한림대,2018,12
RG15,한림대,2019,12
RG15,한림대,2020,14
RG15,한림대,2021,10
RG15,한림대,2022,5
RG15,한림대,2023,6
RG15,한림대,2024,7
RG15,한림대,2025,3
RG15,건국대,2016,2
RG15,건국대,2017,1
RG15,건국대,2018,2
RG15,건국대,2019,1
RG15,건국대,2020,1
RG15,건국대,2021,3
RG15,건국대,2022,5
RG15,건국대,2023,2
RG15,건국대,2024,2
RG15,건국대,2025,0
RG15,인하대,2016,0
RG15,인하대,2017,1
RG15,인하대,2018,0
RG15,인하대,2019,0
RG15,인하대,2020,1
RG15,인하대,2021,0
RG15,인하대,2022,1
RG15,인하대,2023,1
RG15,인하대,2024,1
RG15,인하대,2025,0
RG15,전북대,2016,0
RG15,전북대,2017,0
RG15,전북대,2018,0
RG15,전북대,2019,4
RG15,전북대,2020,2
RG15,전북대,2021,0
RG15,전북대,2022,1
RG15,전북대,2023,4
RG15,전북대,2024,5
RG15,전북대,2025,0
RG15,KR,2016,73
RG15,KR,2017,71
RG15,KR,2018,60
RG15,KR,2019,91
RG15,KR,2020,95
RG15,KR,2021,95
RG15,KR,2022,81
RG15,KR,2023,79
RG15,KR,2024,60
RG15,KR,2025,59
RG15,WORLD,2016,1449
RG15,WORLD,2017,1455
RG15,WORLD,2018,1400
RG15,WORLD,2019,1618
RG15,WORLD,2020,1752
RG15,WORLD,2021,1931
RG15,WORLD,2022,1781
RG15,WORLD,2023,1758
RG15,WORLD,2024,1786
RG15,WORLD,2025,2009
RG16,서울대,2016,5
RG16,서울대,2017,4
RG16,서울대,2018,4
RG16,서울대,2019,2
RG16,서울대,2020,1
RG16,서울대,2021,3
RG16,서울대,2022,3
RG16,서울대,2023,3
RG16,서울대,2024,2
RG16,서울대,2025,2
RG16,연세대,2016,2
RG16,연세대,2017,4
RG16,연세대,2018,5
RG16,연세대,2019,6
RG16,연세대,2020,9
RG16,연세대,2021,6
RG16,연세대,2022,3
RG16,연세대,2023,3
RG16,연세대,2024,7
RG16,연세대,2025,8
RG16,성균관대,2016,2
RG16,성균관대,2017,3
RG16,성균관대,2018,2
RG16,성균관대,2019,1
RG16,성균관대,2020,2
RG16,성균관대,2021,3
RG16,성균관대,2022,3
RG16,성균관대,2023,2
RG16,성균관대,2024,5
RG16,성균관대,2025,1
RG16,가톨릭대,2016,3
RG16,가톨릭대,2017,2
RG16,가톨릭대,2018,0
RG16,가톨릭대,2019,2
RG16,가톨릭대,2020,0
RG16,가톨릭대,2021,3
RG16,가톨릭대,2022,0
RG16,가톨릭대,2023,1
RG16,가톨릭대,2024,0
RG16,가톨릭대,2025,0
RG16,울산대,2016,2
RG16,울산대,2017,3
RG16,울산대,2018,3
RG16,울산대,2019,2
RG16,울산대,2020,11
RG16,울산대,2021,10
RG16,울산대,2022,5
RG16,울산대,2023,3
RG16,울산대,2024,4
RG16,울산대,2025,4
RG16,고려대,2016,0
RG16,고려대,2017,0
RG16,고려대,2018,2
RG16,고려대,2019,1
RG16,고려대,2020,2
RG16,고려대,2021,1
RG16,고려대,2022,0
RG16,고려대,2023,1
RG16,고려대,2024,1
RG16,고려대,2025,0
RG16,경희대,2016,0
RG16,경희대,2017,1
RG16,경희대,2018,0
RG16,경희대,2019,1
RG16,경희대,2020,0
RG16,경희대,2021,2
RG16,경희대,2022,0
RG16,경희대,2023,0
RG16,경희대,2024,0
RG16,경희대,2025,0
RG16,전남대,2016,0
RG16,전남대,2017,0
RG16,전남대,2018,2
RG16,전남대,2019,1
RG16,전남대,2020,0
RG16,전남대,2021,0
RG16,전남대,2022,0
RG16,전남대,2023,1
RG16,전남대,2024,0
RG16,전남대,2025,0
RG16,인제대,2016,1
RG16,인제대,2017,1
RG16,인제대,2018,0
RG16,인제대,2019,0
RG16,인제대,2020,0
RG16,인제대,2021,1
RG16,인제대,2022,0
RG16,인제대,2023,0
RG16,인제대,2024,1
RG16,인제대,2025,0
RG16,경북대,2016,0
RG16,경북대,2017,1
RG16,경북대,2018,1
RG16,경북대,2019,0
RG16,경북대,2020,0
RG16,경북대,2021,0
RG16,경북대,2022,0
RG16,경북대,2023,0
RG16,경북대,2024,0
RG16,경북대,2025,0
RG16,부산대,2016,0
RG16,부산대,2017,0
RG16,부산대,2018,1
RG16,부산대,2019,0
RG16,부산대,2020,2
RG16,부산대,2021,0
RG16,부산대,2022,0
RG16,부산대,2023,1
RG16,부산대,2024,0
RG16,부산대,2025,0
RG16,한양대,2016,0
RG16,한양대,2017,1
RG16,한양대,2018,1
RG16,한양대,2019,1
RG16,한양대,2020,0
RG16,한양대,2021,1
RG16,한양대,2022,2
RG16,한양대,2023,0
RG16,한양대,2024,2
RG16,한양대,2025,1
RG16,순천향대,2016,1
RG16,순천향대,2017,1
RG16,순천향대,2018,1
RG16,순천향대,2019,0
RG16,순천향대,2020,0
RG16,순천향대,2021,0
RG16,순천향대,2022,0
RG16,순천향대,2023,0
RG16,순천향대,2024,0
RG16,순천향대,2025,0
RG16,아주대,2016,0
RG16,아주대,2017,0
RG16,아주대,2018,0
RG16,아주대,2019,0
RG16,아주대,2020,0
RG16,아주대,2021,1
RG16,아주대,2022,0
RG16,아주대,2023,0
RG16,아주대,2024,0
RG16,아주대,2025,0
RG16,이화여대,2016,1
RG16,이화여대,2017,0
RG16,이화여대,2018,0
RG16,이화여대,2019,0
RG16,이화여대,2020,0
RG16,이화여대,2021,2
RG16,이화여대,2022,1
RG16,이화여대,2023,0
RG16,이화여대,2024,0
RG16,이화여대,2025,1
RG16,중앙대,2016,0
RG16,중앙대,2017,1
RG16,중앙대,2018,0
RG16,중앙대,2019,0
RG16,중앙대,2020,0
RG16,중앙대,2021,0
RG16,중앙대,2022,0
RG16,중앙대,2023,0
RG16,중앙대,2024,1
RG16,중앙대,2025,0
RG16,충남대,2016,0
RG16,충남대,2017,0
RG16,충남대,2018,0
RG16,충남대,2019,0
RG16,충남대,2020,0
RG16,충남대,2021,0
RG16,충남대,2022,0
RG16,충남대,2023,0
RG16,충남대,2024,0
RG16,충남대,2025,0
RG16,가천대,2016,0
RG16,가천대,2017,0
RG16,가천대,2018,0
RG16,가천대,2019,0
RG16,가천대,2020,0
RG16,가천대,2021,1
RG16,가천대,2022,0
RG16,가천대,2023,1
RG16,가천대,2024,1
RG16,가천대,2025,0
RG16,한림대,2016,0
RG16,한림대,2017,0
RG16,한림대,2018,0
RG16,한림대,2019,0
RG16,한림대,2020,2
RG16,한림대,2021,2
RG16,한림대,2022,0
RG16,한림대,2023,0
RG16,한림대,2024,0
RG16,한림대,2025,0
RG16,건국대,2016,1
RG16,건국대,2017,0
RG16,건국대,2018,0
RG16,건국대,2019,0
RG16,건국대,2020,0
RG16,건국대,2021,0
RG16,건국대,2022,0
RG16,건국대,2023,0
RG16,건국대,2024,0
RG16,건국대,2025,1
RG16,인하대,2016,0
RG16,인하대,2017,0
RG16,인하대,2018,0
RG16,인하대,2019,0
RG16,인하대,2020,0
RG16,인하대,2021,0
RG16,인하대,2022,0
RG16,인하대,2023,1
RG16,인하대,2024,1
RG16,인하대,2025,1
RG16,전북대,2016,1
RG16,전북대,2017,0
RG16,전북대,2018,2
RG16,전북대,2019,0
RG16,전북대,2020,0
RG16,전북대,2021,0
RG16,전북대,2022,2
RG16,전북대,2023,0
RG16,전북대,2024,1
RG16,전북대,2025,1
RG16,KR,2016,17
RG16,KR,2017,19
RG16,KR,2018,16
RG16,KR,2019,18
RG16,KR,2020,27
RG16,KR,2021,26
RG16,KR,2022,19
RG16,KR,2023,14
RG16,KR,2024,18
RG16,KR,2025,20
RG16,WORLD,2016,718
RG16,WORLD,2017,730
RG16,WORLD,2018,741
RG16,WORLD,2019,793
RG16,WORLD,2020,857
RG16,WORLD,2021,895
RG16,WORLD,2022,928
RG16,WORLD,2023,823
RG16,WORLD,2024,849
RG16,WORLD,2025,961
RG17,서울대,2016,8
RG17,서울대,2017,3
RG17,서울대,2018,2
RG17,서울대,2019,2
RG17,서울대,2020,8
RG17,서울대,2021,5
RG17,서울대,2022,3
RG17,서울대,2023,6
RG17,서울대,2024,2
RG17,서울대,2025,1
RG17,연세대,2016,9
RG17,연세대,2017,5
RG17,연세대,2018,5
RG17,연세대,2019,2
RG17,연세대,2020,6
RG17,연세대,2021,8
RG17,연세대,2022,7
RG17,연세대,2023,4
RG17,연세대,2024,3
RG17,연세대,2025,2
RG17,성균관대,2016,3
RG17,성균관대,2017,3
RG17,성균관대,2018,2
RG17,성균관대,2019,3
RG17,성균관대,2020,2
RG17,성균관대,2021,8
RG17,성균관대,2022,3
RG17,성균관대,2023,1
RG17,성균관대,2024,3
RG17,성균관대,2025,2
RG17,가톨릭대,2016,0
RG17,가톨릭대,2017,1
RG17,가톨릭대,2018,0
RG17,가톨릭대,2019,0
RG17,가톨릭대,2020,2
RG17,가톨릭대,2021,2
RG17,가톨릭대,2022,4
RG17,가톨릭대,2023,0
RG17,가톨릭대,2024,3
RG17,가톨릭대,2025,0
RG17,울산대,2016,2
RG17,울산대,2017,2
RG17,울산대,2018,0
RG17,울산대,2019,3
RG17,울산대,2020,5
RG17,울산대,2021,9
RG17,울산대,2022,3
RG17,울산대,2023,2
RG17,울산대,2024,2
RG17,울산대,2025,3
RG17,고려대,2016,1
RG17,고려대,2017,2
RG17,고려대,2018,0
RG17,고려대,2019,0
RG17,고려대,2020,1
RG17,고려대,2021,1
RG17,고려대,2022,3
RG17,고려대,2023,0
RG17,고려대,2024,3
RG17,고려대,2025,4
RG17,경희대,2016,0
RG17,경희대,2017,0
RG17,경희대,2018,0
RG17,경희대,2019,0
RG17,경희대,2020,3
RG17,경희대,2021,0
RG17,경희대,2022,0
RG17,경희대,2023,1
RG17,경희대,2024,0
RG17,경희대,2025,0
RG17,전남대,2016,2
RG17,전남대,2017,3
RG17,전남대,2018,0
RG17,전남대,2019,1
RG17,전남대,2020,0
RG17,전남대,2021,4
RG17,전남대,2022,2
RG17,전남대,2023,2
RG17,전남대,2024,2
RG17,전남대,2025,1
RG17,인제대,2016,0
RG17,인제대,2017,1
RG17,인제대,2018,0
RG17,인제대,2019,0
RG17,인제대,2020,2
RG17,인제대,2021,0
RG17,인제대,2022,2
RG17,인제대,2023,0
RG17,인제대,2024,0
RG17,인제대,2025,0
RG17,경북대,2016,0
RG17,경북대,2017,1
RG17,경북대,2018,0
RG17,경북대,2019,0
RG17,경북대,2020,0
RG17,경북대,2021,1
RG17,경북대,2022,0
RG17,경북대,2023,0
RG17,경북대,2024,0
RG17,경북대,2025,0
RG17,부산대,2016,1
RG17,부산대,2017,0
RG17,부산대,2018,0
RG17,부산대,2019,0
RG17,부산대,2020,0
RG17,부산대,2021,2
RG17,부산대,2022,1
RG17,부산대,2023,2
RG17,부산대,2024,2
RG17,부산대,2025,0
RG17,한양대,2016,1
RG17,한양대,2017,1
RG17,한양대,2018,0
RG17,한양대,2019,1
RG17,한양대,2020,3
RG17,한양대,2021,7
RG17,한양대,2022,5
RG17,한양대,2023,3
RG17,한양대,2024,5
RG17,한양대,2025,2
RG17,순천향대,2016,0
RG17,순천향대,2017,1
RG17,순천향대,2018,1
RG17,순천향대,2019,0
RG17,순천향대,2020,2
RG17,순천향대,2021,1
RG17,순천향대,2022,0
RG17,순천향대,2023,2
RG17,순천향대,2024,2
RG17,순천향대,2025,1
RG17,아주대,2016,0
RG17,아주대,2017,0
RG17,아주대,2018,0
RG17,아주대,2019,1
RG17,아주대,2020,0
RG17,아주대,2021,0
RG17,아주대,2022,0
RG17,아주대,2023,1
RG17,아주대,2024,0
RG17,아주대,2025,0
RG17,이화여대,2016,0
RG17,이화여대,2017,0
RG17,이화여대,2018,0
RG17,이화여대,2019,0
RG17,이화여대,2020,1
RG17,이화여대,2021,1
RG17,이화여대,2022,1
RG17,이화여대,2023,0
RG17,이화여대,2024,0
RG17,이화여대,2025,0
RG17,중앙대,2016,0
RG17,중앙대,2017,3
RG17,중앙대,2018,0
RG17,중앙대,2019,0
RG17,중앙대,2020,0
RG17,중앙대,2021,0
RG17,중앙대,2022,1
RG17,중앙대,2023,1
RG17,중앙대,2024,1
RG17,중앙대,2025,1
RG17,충남대,2016,1
RG17,충남대,2017,1
RG17,충남대,2018,0
RG17,충남대,2019,0
RG17,충남대,2020,1
RG17,충남대,2021,1
RG17,충남대,2022,1
RG17,충남대,2023,1
RG17,충남대,2024,0
RG17,충남대,2025,0
RG17,가천대,2016,0
RG17,가천대,2017,1
RG17,가천대,2018,0
RG17,가천대,2019,0
RG17,가천대,2020,1
RG17,가천대,2021,0
RG17,가천대,2022,0
RG17,가천대,2023,0
RG17,가천대,2024,2
RG17,가천대,2025,0
RG17,한림대,2016,0
RG17,한림대,2017,2
RG17,한림대,2018,0
RG17,한림대,2019,0
RG17,한림대,2020,3
RG17,한림대,2021,9
RG17,한림대,2022,5
RG17,한림대,2023,2
RG17,한림대,2024,2
RG17,한림대,2025,3
RG17,건국대,2016,0
RG17,건국대,2017,0
RG17,건국대,2018,0
RG17,건국대,2019,1
RG17,건국대,2020,1
RG17,건국대,2021,3
RG17,건국대,2022,3
RG17,건국대,2023,0
RG17,건국대,2024,0
RG17,건국대,2025,1
RG17,인하대,2016,0
RG17,인하대,2017,1
RG17,인하대,2018,0
RG17,인하대,2019,0
RG17,인하대,2020,0
RG17,인하대,2021,0
RG17,인하대,2022,1
RG17,인하대,2023,1
RG17,인하대,2024,1
RG17,인하대,2025,0
RG17,전북대,2016,0
RG17,전북대,2017,0
RG17,전북대,2018,1
RG17,전북대,2019,0
RG17,전북대,2020,0
RG17,전북대,2021,1
RG17,전북대,2022,2
RG17,전북대,2023,0
RG17,전북대,2024,0
RG17,전북대,2025,0
RG17,KR,2016,19
RG17,KR,2017,17
RG17,KR,2018,13
RG17,KR,2019,13
RG17,KR,2020,27
RG17,KR,2021,29
RG17,KR,2022,22
RG17,KR,2023,18
RG17,KR,2024,23
RG17,KR,2025,21
RG17,WORLD,2016,2204
RG17,WORLD,2017,2108
RG17,WORLD,2018,2209
RG17,WORLD,2019,2267
RG17,WORLD,2020,2610
RG17,WORLD,2021,2782
RG17,WORLD,2022,2590
RG17,WORLD,2023,2294
RG17,WORLD,2024,2308
RG17,WORLD,2025,2549
P3,서울대,2016,81
P3,서울대,2017,74
P3,서울대,2018,70
P3,서울대,2019,48
P3,서울대,2020,58
P3,서울대,2021,40
P3,서울대,2022,35
P3,서울대,2023,18
P3,서울대,2024,26
P3,서울대,2025,25
P3,연세대,2016,60
P3,연세대,2017,53
P3,연세대,2018,54
P3,연세대,2019,42
P3,연세대,2020,39
P3,연세대,2021,25
P3,연세대,2022,23
P3,연세대,2023,17
P3,연세대,2024,17
P3,연세대,2025,21
P3,성균관대,2016,42
P3,성균관대,2017,33
P3,성균관대,2018,42
P3,성균관대,2019,34
P3,성균관대,2020,25
P3,성균관대,2021,14
P3,성균관대,2022,23
P3,성균관대,2023,13
P3,성균관대,2024,19
P3,성균관대,2025,17
P3,가톨릭대,2016,25
P3,가톨릭대,2017,24
P3,가톨릭대,2018,17
P3,가톨릭대,2019,23
P3,가톨릭대,2020,7
P3,가톨릭대,2021,9
P3,가톨릭대,2022,13
P3,가톨릭대,2023,12
P3,가톨릭대,2024,6
P3,가톨릭대,2025,14
P3,울산대,2016,26
P3,울산대,2017,21
P3,울산대,2018,12
P3,울산대,2019,20
P3,울산대,2020,11
P3,울산대,2021,16
P3,울산대,2022,11
P3,울산대,2023,8
P3,울산대,2024,10
P3,울산대,2025,8
P3,고려대,2016,31
P3,고려대,2017,38
P3,고려대,2018,41
P3,고려대,2019,32
P3,고려대,2020,23
P3,고려대,2021,20
P3,고려대,2022,16
P3,고려대,2023,13
P3,고려대,2024,12
P3,고려대,2025,15
P3,경희대,2016,29
P3,경희대,2017,17
P3,경희대,2018,21
P3,경희대,2019,12
P3,경희대,2020,15
P3,경희대,2021,20
P3,경희대,2022,12
P3,경희대,2023,15
P3,경희대,2024,10
P3,경희대,2025,16
P3,전남대,2016,22
P3,전남대,2017,18
P3,전남대,2018,12
P3,전남대,2019,11
P3,전남대,2020,11
P3,전남대,2021,9
P3,전남대,2022,10
P3,전남대,2023,5
P3,전남대,2024,7
P3,전남대,2025,5
P3,인제대,2016,8
P3,인제대,2017,14
P3,인제대,2018,5
P3,인제대,2019,5
P3,인제대,2020,4
P3,인제대,2021,3
P3,인제대,2022,3
P3,인제대,2023,1
P3,인제대,2024,1
P3,인제대,2025,3
P3,경북대,2016,22
P3,경북대,2017,17
P3,경북대,2018,15
P3,경북대,2019,16
P3,경북대,2020,21
P3,경북대,2021,14
P3,경북대,2022,9
P3,경북대,2023,6
P3,경북대,2024,12
P3,경북대,2025,7
P3,부산대,2016,17
P3,부산대,2017,25
P3,부산대,2018,23
P3,부산대,2019,15
P3,부산대,2020,11
P3,부산대,2021,8
P3,부산대,2022,16
P3,부산대,2023,10
P3,부산대,2024,11
P3,부산대,2025,9
P3,한양대,2016,22
P3,한양대,2017,20
P3,한양대,2018,16
P3,한양대,2019,11
P3,한양대,2020,10
P3,한양대,2021,10
P3,한양대,2022,14
P3,한양대,2023,8
P3,한양대,2024,4
P3,한양대,2025,7
P3,순천향대,2016,9
P3,순천향대,2017,7
P3,순천향대,2018,9
P3,순천향대,2019,5
P3,순천향대,2020,7
P3,순천향대,2021,2
P3,순천향대,2022,3
P3,순천향대,2023,6
P3,순천향대,2024,3
P3,순천향대,2025,8
P3,아주대,2016,12
P3,아주대,2017,10
P3,아주대,2018,10
P3,아주대,2019,11
P3,아주대,2020,2
P3,아주대,2021,5
P3,아주대,2022,9
P3,아주대,2023,4
P3,아주대,2024,7
P3,아주대,2025,6
P3,이화여대,2016,28
P3,이화여대,2017,14
P3,이화여대,2018,21
P3,이화여대,2019,16
P3,이화여대,2020,13
P3,이화여대,2021,16
P3,이화여대,2022,12
P3,이화여대,2023,8
P3,이화여대,2024,12
P3,이화여대,2025,6
P3,중앙대,2016,10
P3,중앙대,2017,20
P3,중앙대,2018,15
P3,중앙대,2019,16
P3,중앙대,2020,15
P3,중앙대,2021,12
P3,중앙대,2022,13
P3,중앙대,2023,13
P3,중앙대,2024,20
P3,중앙대,2025,11
P3,충남대,2016,14
P3,충남대,2017,9
P3,충남대,2018,11
P3,충남대,2019,14
P3,충남대,2020,15
P3,충남대,2021,13
P3,충남대,2022,9
P3,충남대,2023,8
P3,충남대,2024,14
P3,충남대,2025,7
P3,가천대,2016,11
P3,가천대,2017,11
P3,가천대,2018,13
P3,가천대,2019,8
P3,가천대,2020,13
P3,가천대,2021,5
P3,가천대,2022,19
P3,가천대,2023,9
P3,가천대,2024,7
P3,가천대,2025,8
P3,한림대,2016,10
P3,한림대,2017,10
P3,한림대,2018,10
P3,한림대,2019,10
P3,한림대,2020,14
P3,한림대,2021,12
P3,한림대,2022,7
P3,한림대,2023,6
P3,한림대,2024,4
P3,한림대,2025,7
P3,건국대,2016,31
P3,건국대,2017,20
P3,건국대,2018,17
P3,건국대,2019,10
P3,건국대,2020,11
P3,건국대,2021,11
P3,건국대,2022,7
P3,건국대,2023,6
P3,건국대,2024,3
P3,건국대,2025,9
P3,인하대,2016,7
P3,인하대,2017,7
P3,인하대,2018,6
P3,인하대,2019,7
P3,인하대,2020,7
P3,인하대,2021,4
P3,인하대,2022,4
P3,인하대,2023,4
P3,인하대,2024,5
P3,인하대,2025,3
P3,전북대,2016,22
P3,전북대,2017,18
P3,전북대,2018,13
P3,전북대,2019,12
P3,전북대,2020,12
P3,전북대,2021,8
P3,전북대,2022,8
P3,전북대,2023,5
P3,전북대,2024,4
P3,전북대,2025,7
P3,KR,2016,528
P3,KR,2017,462
P3,KR,2018,432
P3,KR,2019,361
P3,KR,2020,348
P3,KR,2021,295
P3,KR,2022,268
P3,KR,2023,225
P3,KR,2024,229
P3,KR,2025,220
P3,WORLD,2016,8836
P3,WORLD,2017,8435
P3,WORLD,2018,8780
P3,WORLD,2019,8200
P3,WORLD,2020,7453
P3,WORLD,2021,6868
P3,WORLD,2022,6080
P3,WORLD,2023,5223
P3,WORLD,2024,5487
P3,WORLD,2025,6421
P4,서울대,2016,1
P4,서울대,2017,2
P4,서울대,2018,1
P4,서울대,2019,1
P4,서울대,2020,2
P4,서울대,2021,0
P4,서울대,2022,2
P4,서울대,2023,1
P4,서울대,2024,1
P4,서울대,2025,2
P4,연세대,2016,3
P4,연세대,2017,2
P4,연세대,2018,0
P4,연세대,2019,1
P4,연세대,2020,2
P4,연세대,2021,2
P4,연세대,2022,0
P4,연세대,2023,0
P4,연세대,2024,3
P4,연세대,2025,1
P4,성균관대,2016,0
P4,성균관대,2017,0
P4,성균관대,2018,2
P4,성균관대,2019,3
P4,성균관대,2020,1
P4,성균관대,2021,0
P4,성균관대,2022,1
P4,성균관대,2023,1
P4,성균관대,2024,4
P4,성균관대,2025,3
P4,가톨릭대,2016,0
P4,가톨릭대,2017,0
P4,가톨릭대,2018,0
P4,가톨릭대,2019,0
P4,가톨릭대,2020,0
P4,가톨릭대,2021,0
P4,가톨릭대,2022,0
P4,가톨릭대,2023,1
P4,가톨릭대,2024,0
P4,가톨릭대,2025,1
P4,울산대,2016,2
P4,울산대,2017,4
P4,울산대,2018,0
P4,울산대,2019,2
P4,울산대,2020,2
P4,울산대,2021,3
P4,울산대,2022,2
P4,울산대,2023,2
P4,울산대,2024,0
P4,울산대,2025,1
P4,고려대,2016,0
P4,고려대,2017,0
P4,고려대,2018,0
P4,고려대,2019,0
P4,고려대,2020,0
P4,고려대,2021,0
P4,고려대,2022,0
P4,고려대,2023,1
P4,고려대,2024,1
P4,고려대,2025,4
P4,경희대,2016,0
P4,경희대,2017,1
P4,경희대,2018,0
P4,경희대,2019,1
P4,경희대,2020,2
P4,경희대,2021,0
P4,경희대,2022,1
P4,경희대,2023,2
P4,경희대,2024,0
P4,경희대,2025,1
P4,전남대,2016,0
P4,전남대,2017,1
P4,전남대,2018,0
P4,전남대,2019,0
P4,전남대,2020,1
P4,전남대,2021,2
P4,전남대,2022,1
P4,전남대,2023,1
P4,전남대,2024,1
P4,전남대,2025,1
P4,인제대,2016,0
P4,인제대,2017,1
P4,인제대,2018,0
P4,인제대,2019,0
P4,인제대,2020,0
P4,인제대,2021,0
P4,인제대,2022,0
P4,인제대,2023,0
P4,인제대,2024,0
P4,인제대,2025,0
P4,경북대,2016,0
P4,경북대,2017,1
P4,경북대,2018,1
P4,경북대,2019,2
P4,경북대,2020,1
P4,경북대,2021,0
P4,경북대,2022,0
P4,경북대,2023,0
P4,경북대,2024,1
P4,경북대,2025,1
P4,부산대,2016,1
P4,부산대,2017,2
P4,부산대,2018,0
P4,부산대,2019,0
P4,부산대,2020,0
P4,부산대,2021,1
P4,부산대,2022,1
P4,부산대,2023,0
P4,부산대,2024,1
P4,부산대,2025,1
P4,한양대,2016,1
P4,한양대,2017,0
P4,한양대,2018,1
P4,한양대,2019,1
P4,한양대,2020,0
P4,한양대,2021,0
P4,한양대,2022,1
P4,한양대,2023,0
P4,한양대,2024,0
P4,한양대,2025,0
P4,순천향대,2016,0
P4,순천향대,2017,2
P4,순천향대,2018,0
P4,순천향대,2019,0
P4,순천향대,2020,0
P4,순천향대,2021,0
P4,순천향대,2022,0
P4,순천향대,2023,2
P4,순천향대,2024,0
P4,순천향대,2025,1
P4,아주대,2016,0
P4,아주대,2017,1
P4,아주대,2018,2
P4,아주대,2019,2
P4,아주대,2020,0
P4,아주대,2021,1
P4,아주대,2022,1
P4,아주대,2023,1
P4,아주대,2024,1
P4,아주대,2025,2
P4,이화여대,2016,1
P4,이화여대,2017,1
P4,이화여대,2018,0
P4,이화여대,2019,0
P4,이화여대,2020,0
P4,이화여대,2021,0
P4,이화여대,2022,0
P4,이화여대,2023,1
P4,이화여대,2024,0
P4,이화여대,2025,0
P4,중앙대,2016,0
P4,중앙대,2017,2
P4,중앙대,2018,1
P4,중앙대,2019,2
P4,중앙대,2020,1
P4,중앙대,2021,0
P4,중앙대,2022,0
P4,중앙대,2023,2
P4,중앙대,2024,0
P4,중앙대,2025,2
P4,충남대,2016,0
P4,충남대,2017,1
P4,충남대,2018,0
P4,충남대,2019,0
P4,충남대,2020,1
P4,충남대,2021,0
P4,충남대,2022,0
P4,충남대,2023,0
P4,충남대,2024,1
P4,충남대,2025,0
P4,가천대,2016,0
P4,가천대,2017,0
P4,가천대,2018,0
P4,가천대,2019,0
P4,가천대,2020,0
P4,가천대,2021,0
P4,가천대,2022,0
P4,가천대,2023,0
P4,가천대,2024,1
P4,가천대,2025,0
P4,한림대,2016,0
P4,한림대,2017,0
P4,한림대,2018,0
P4,한림대,2019,0
P4,한림대,2020,0
P4,한림대,2021,0
P4,한림대,2022,0
P4,한림대,2023,0
P4,한림대,2024,0
P4,한림대,2025,0
P4,건국대,2016,0
P4,건국대,2017,0
P4,건국대,2018,0
P4,건국대,2019,0
P4,건국대,2020,0
P4,건국대,2021,0
P4,건국대,2022,0
P4,건국대,2023,0
P4,건국대,2024,0
P4,건국대,2025,0
P4,인하대,2016,1
P4,인하대,2017,1
P4,인하대,2018,1
P4,인하대,2019,2
P4,인하대,2020,0
P4,인하대,2021,1
P4,인하대,2022,0
P4,인하대,2023,0
P4,인하대,2024,0
P4,인하대,2025,0
P4,전북대,2016,0
P4,전북대,2017,1
P4,전북대,2018,0
P4,전북대,2019,1
P4,전북대,2020,0
P4,전북대,2021,0
P4,전북대,2022,0
P4,전북대,2023,0
P4,전북대,2024,0
P4,전북대,2025,0
P4,KR,2016,9
P4,KR,2017,13
P4,KR,2018,5
P4,KR,2019,8
P4,KR,2020,6
P4,KR,2021,9
P4,KR,2022,9
P4,KR,2023,7
P4,KR,2024,9
P4,KR,2025,9
P4,WORLD,2016,482
P4,WORLD,2017,472
P4,WORLD,2018,476
P4,WORLD,2019,453
P4,WORLD,2020,512
P4,WORLD,2021,487
P4,WORLD,2022,478
P4,WORLD,2023,456
P4,WORLD,2024,466
P4,WORLD,2025,575
P5,서울대,2016,64
P5,서울대,2017,67
P5,서울대,2018,56
P5,서울대,2019,66
P5,서울대,2020,89
P5,서울대,2021,91
P5,서울대,2022,65
P5,서울대,2023,63
P5,서울대,2024,70
P5,서울대,2025,65
P5,연세대,2016,16
P5,연세대,2017,23
P5,연세대,2018,20
P5,연세대,2019,35
P5,연세대,2020,20
P5,연세대,2021,32
P5,연세대,2022,29
P5,연세대,2023,32
P5,연세대,2024,36
P5,연세대,2025,45
P5,성균관대,2016,34
P5,성균관대,2017,31
P5,성균관대,2018,30
P5,성균관대,2019,37
P5,성균관대,2020,42
P5,성균관대,2021,42
P5,성균관대,2022,40
P5,성균관대,2023,33
P5,성균관대,2024,35
P5,성균관대,2025,48
P5,가톨릭대,2016,16
P5,가톨릭대,2017,16
P5,가톨릭대,2018,13
P5,가톨릭대,2019,19
P5,가톨릭대,2020,23
P5,가톨릭대,2021,14
P5,가톨릭대,2022,11
P5,가톨릭대,2023,15
P5,가톨릭대,2024,26
P5,가톨릭대,2025,28
P5,울산대,2016,18
P5,울산대,2017,15
P5,울산대,2018,14
P5,울산대,2019,17
P5,울산대,2020,22
P5,울산대,2021,37
P5,울산대,2022,23
P5,울산대,2023,19
P5,울산대,2024,16
P5,울산대,2025,19
P5,고려대,2016,10
P5,고려대,2017,10
P5,고려대,2018,9
P5,고려대,2019,16
P5,고려대,2020,29
P5,고려대,2021,34
P5,고려대,2022,23
P5,고려대,2023,13
P5,고려대,2024,24
P5,고려대,2025,20
P5,경희대,2016,9
P5,경희대,2017,3
P5,경희대,2018,3
P5,경희대,2019,6
P5,경희대,2020,5
P5,경희대,2021,17
P5,경희대,2022,13
P5,경희대,2023,9
P5,경희대,2024,7
P5,경희대,2025,14
P5,전남대,2016,6
P5,전남대,2017,8
P5,전남대,2018,8
P5,전남대,2019,8
P5,전남대,2020,8
P5,전남대,2021,6
P5,전남대,2022,8
P5,전남대,2023,7
P5,전남대,2024,15
P5,전남대,2025,12
P5,인제대,2016,5
P5,인제대,2017,5
P5,인제대,2018,1
P5,인제대,2019,7
P5,인제대,2020,9
P5,인제대,2021,7
P5,인제대,2022,2
P5,인제대,2023,7
P5,인제대,2024,10
P5,인제대,2025,11
P5,경북대,2016,7
P5,경북대,2017,9
P5,경북대,2018,4
P5,경북대,2019,7
P5,경북대,2020,11
P5,경북대,2021,14
P5,경북대,2022,7
P5,경북대,2023,13
P5,경북대,2024,13
P5,경북대,2025,26
P5,부산대,2016,6
P5,부산대,2017,10
P5,부산대,2018,8
P5,부산대,2019,10
P5,부산대,2020,12
P5,부산대,2021,14
P5,부산대,2022,11
P5,부산대,2023,5
P5,부산대,2024,16
P5,부산대,2025,8
P5,한양대,2016,8
P5,한양대,2017,9
P5,한양대,2018,5
P5,한양대,2019,7
P5,한양대,2020,7
P5,한양대,2021,10
P5,한양대,2022,14
P5,한양대,2023,6
P5,한양대,2024,4
P5,한양대,2025,15
P5,순천향대,2016,0
P5,순천향대,2017,3
P5,순천향대,2018,3
P5,순천향대,2019,3
P5,순천향대,2020,4
P5,순천향대,2021,3
P5,순천향대,2022,3
P5,순천향대,2023,4
P5,순천향대,2024,6
P5,순천향대,2025,11
P5,아주대,2016,1
P5,아주대,2017,4
P5,아주대,2018,9
P5,아주대,2019,5
P5,아주대,2020,7
P5,아주대,2021,14
P5,아주대,2022,6
P5,아주대,2023,5
P5,아주대,2024,13
P5,아주대,2025,9
P5,이화여대,2016,8
P5,이화여대,2017,5
P5,이화여대,2018,7
P5,이화여대,2019,6
P5,이화여대,2020,5
P5,이화여대,2021,9
P5,이화여대,2022,6
P5,이화여대,2023,5
P5,이화여대,2024,6
P5,이화여대,2025,7
P5,중앙대,2016,2
P5,중앙대,2017,4
P5,중앙대,2018,8
P5,중앙대,2019,4
P5,중앙대,2020,7
P5,중앙대,2021,9
P5,중앙대,2022,8
P5,중앙대,2023,4
P5,중앙대,2024,8
P5,중앙대,2025,14
P5,충남대,2016,3
P5,충남대,2017,4
P5,충남대,2018,7
P5,충남대,2019,10
P5,충남대,2020,16
P5,충남대,2021,13
P5,충남대,2022,7
P5,충남대,2023,8
P5,충남대,2024,4
P5,충남대,2025,11
P5,가천대,2016,9
P5,가천대,2017,3
P5,가천대,2018,3
P5,가천대,2019,7
P5,가천대,2020,7
P5,가천대,2021,4
P5,가천대,2022,9
P5,가천대,2023,8
P5,가천대,2024,1
P5,가천대,2025,7
P5,한림대,2016,1
P5,한림대,2017,4
P5,한림대,2018,8
P5,한림대,2019,8
P5,한림대,2020,14
P5,한림대,2021,12
P5,한림대,2022,12
P5,한림대,2023,3
P5,한림대,2024,10
P5,한림대,2025,6
P5,건국대,2016,3
P5,건국대,2017,6
P5,건국대,2018,10
P5,건국대,2019,9
P5,건국대,2020,15
P5,건국대,2021,6
P5,건국대,2022,6
P5,건국대,2023,9
P5,건국대,2024,15
P5,건국대,2025,20
P5,인하대,2016,0
P5,인하대,2017,2
P5,인하대,2018,2
P5,인하대,2019,6
P5,인하대,2020,6
P5,인하대,2021,7
P5,인하대,2022,8
P5,인하대,2023,2
P5,인하대,2024,6
P5,인하대,2025,5
P5,전북대,2016,2
P5,전북대,2017,1
P5,전북대,2018,11
P5,전북대,2019,7
P5,전북대,2020,11
P5,전북대,2021,9
P5,전북대,2022,8
P5,전북대,2023,6
P5,전북대,2024,16
P5,전북대,2025,20
P5,KR,2016,177
P5,KR,2017,191
P5,KR,2018,201
P5,KR,2019,249
P5,KR,2020,283
P5,KR,2021,299
P5,KR,2022,258
P5,KR,2023,237
P5,KR,2024,322
P5,KR,2025,363
P5,WORLD,2016,4632
P5,WORLD,2017,5380
P5,WORLD,2018,6599
P5,WORLD,2019,7866
P5,WORLD,2020,9139
P5,WORLD,2021,10082
P5,WORLD,2022,9757
P5,WORLD,2023,9401
P5,WORLD,2024,10558
P5,WORLD,2025,12568
